NAME,B01001_001E,B19013_001E,B25001_001E,B25003_001E,B25003_002E,B25077_001E,B25034_001E,B25034_006E,B25034_011E,B08303_001E,B08303_012E,B08303_013E,B08201_001E,B08201_002E,B17001_001E,B17001_002E,state,county,tract,population_total,population_total_moe,median_household_income,median_household_income_moe,housing_units_total,housing_units_total_moe,occupied_units_total,occupied_units_total_moe,owner_occupied_units,owner_occupied_units_moe,median_home_value,median_home_value_moe,housing_built_total,housing_built_total_moe,housing_built_1980_1989,housing_built_1980_1989_moe,housing_built_1979_earlier,housing_built_1979_earlier_moe,workers_commute_total,workers_commute_total_moe,workers_commute_60_89,workers_commute_60_89_moe,workers_commute_90_plus,workers_commute_90_plus_moe,households_vehicle_total,households_vehicle_total_moe,households_no_vehicle,households_no_vehicle_moe,poverty_universe,poverty_universe_moe,poverty_count,poverty_count_moe,GEOID,homeownership_rate,long_commute_share,poverty_rate,no_vehicle_share,old_housing_share,income_per_housing_unit,commute_stress_index,housing_risk_proxy,income_moe_ratio,poor_quality_income,opportunity_score,risk_score
Census Tract 101; Cook County; Illinois,4198,74145,2905,2284,688,340700,2905,0,1603,1955,311,0,2284,695,4097,545,17,031,010100,4198,4198,74145,74145,2905,2905,2284,2284,688,688,340700,340700,2905,2905,0,0,1603,1603,1955,1955,311,311,0,0,2284,2284,695,695,4097,4097,545,545,17031010100,0.30122591943957966,0.15907928388746803,0.13302416402245545,0.3042907180385289,0.5518072289156627,25.523235800344235,0.04840634951917263,0.3855885890321356,1.0,True,0.7074744469824973,0.3776600154819513
Census Tract 102.01; Cook County; Illinois,7361,63056,3276,2972,925,239900,3276,85,1489,3358,399,38,2972,887,7352,1816,17,031,010201,7361,7361,63056,63056,3276,3276,2972,2972,925,925,239900,239900,3276,3276,85,85,1489,1489,3358,3358,399,399,38,38,2972,2972,887,887,7352,7352,1816,1816,17031010201,0.3112382234185734,0.13013698630136986,0.2470076169749728,0.2984522207267833,0.4804639804639805,19.247863247863247,0.03883967256033481,0.3309252247677551,1.0,True,0.6598118959612004,0.3793805663466838
Census Tract 102.02; Cook County; Illinois,2482,53220,1306,1139,250,338000,1306,67,474,893,117,107,1139,422,2194,571,17,031,010202,2482,2482,53220,53220,1306,1306,1139,1139,250,250,338000,338000,1306,1306,67,67,474,474,893,893,117,117,107,107,1139,1139,422,422,2194,2194,571,571,17031010202,0.21949078138718173,0.25083986562150057,0.26025524156791247,0.37050043898156276,0.41424196018376724,40.750382848392036,0.09293628032684217,0.3233196686596744,1.0,True,0.623297715694359,0.45019728993261476
Census Tract 103; Cook County; Illinois,6477,73105,3420,3243,1067,248500,3420,422,1692,2580,417,148,3243,1128,5516,741,17,031,010300,6477,6477,73105,73105,3420,3420,3243,3243,1067,1067,248500,248500,3420,3420,422,422,1692,1692,2580,2580,417,417,148,148,3243,3243,1128,1128,5516,5516,741,741,17031010300,0.3290163428923836,0.2189922480620155,0.13433647570703408,0.34782608695652173,0.6181286549707602,21.375730994152047,0.07617121671722278,0.4147542254752927,1.0,True,0.7161502936034226,0.44118555736722587
Census Tract 104; Cook County; Illinois,4545,54083,2451,2099,467,231100,2451,141,1181,1702,200,74,2099,947,3108,341,17,031,010400,4545,4545,54083,54083,2451,2451,2099,2099,467,467,231100,231100,2451,2451,141,141,1181,1181,1702,1702,200,200,74,74,2099,2099,947,947,3108,3108,341,341,17031010400,0.22248689852310624,0.1609870740305523,0.10971685971685971,0.4511672224868985,0.5393716850265198,22.065687474500205,0.07263209104665698,0.41936855167378767,1.0,True,0.6916454088096374,0.41471553661678395
Census Tract 105.01; Cook County; Illinois,3718,48833,2691,2458,393,400300,2691,277,1014,2053,265,16,2458,1290,3718,596,17,031,010501,3718,3718,48833,48833,2691,2691,2458,2458,393,393,400300,400300,2691,2691,277,277,1014,1014,2053,2053,265,265,16,16,2458,2458,1290,1290,3718,3718,596,596,17031010501,0.1598860862489829,0.13687286897223574,0.16030123722431414,0.5248169243287225,0.47974730583426234,18.14678558156819,0.071833198118057,0.4030423867159283,1.0,True,0.6481451750932941,0.4265259931215693
Census Tract 105.02; Cook County; Illinois,3286,63125,1857,1606,384,296100,1857,96,1129,1502,283,52,1606,608,3095,566,17,031,010502,3286,3286,63125,63125,1857,1857,1606,1606,384,384,296100,296100,1857,1857,96,96,1129,1129,1502,1502,283,283,52,52,1606,1606,608,608,3095,3095,566,566,17031010502,0.23910336239103364,0.22303595206391477,0.18287560581583198,0.37858032378580325,0.6596661281637048,33.992999461497035,0.08443702294823174,0.5019377388642885,1.0,True,0.6644586519186952,0.481025465560835
Census Tract 105.03; Cook County; Illinois,2757,32443,1572,1455,154,431800,1572,116,495,1125,60,16,1455,801,2757,1151,17,031,010503,2757,2757,32443,32443,1572,1572,1455,1455,154,154,431800,431800,1572,1572,116,116,495,495,1125,1125,60,60,16,16,1455,1455,801,801,2757,2757,1151,1151,17031010503,0.10584192439862543,0.06755555555555555,0.4174827711280377,0.5505154639175258,0.388676844783715,20.638040712468193,0.03719037800687285,0.34753853956262076,1.0,True,0.5150632009189426,0.46036961135267956
Census Tract 106; Cook County; Illinois,6467,72500,3181,3132,1330,232100,3181,138,1656,3287,797,19,3132,1261,6295,1028,17,031,010600,6467,6467,72500,72500,3181,3181,3132,3132,1330,1330,232100,232100,3181,3181,138,138,1656,1656,3287,3287,797,797,19,19,3132,3132,1261,1261,6295,6295,1028,1028,17031010600,0.42464878671775225,0.2482506845147551,0.16330420969023035,0.40261813537675606,0.5639735932096825,22.79157497642251,0.09995022770533403,0.32448289111233974,1.0,True,0.7350677539653044,0.4684168089827927
Census Tract 107.01; Cook County; Illinois,3478,74813,1782,1687,852,367200,1782,143,1025,1394,147,0,1687,230,3478,359,17,031,010701,3478,3478,74813,74813,1782,1782,1687,1687,852,852,367200,367200,1782,1782,143,143,1025,1025,1394,1394,147,147,0,0,1687,1687,230,230,3478,3478,359,359,17031010701,0.5050385299347955,0.1054519368723099,0.10322024151811386,0.13633669235328985,0.6554433221099888,41.982603815937146,0.014376968275418657,0.3244191902559814,1.0,True,0.7887461340955905,0.3150052872630751
Census Tract 107.02; Cook County; Illinois,4739,61724,2183,1948,342,230600,2183,118,788,1970,278,98,1948,721,4732,682,17,031,010702,4739,4739,61724,61724,2183,2183,1948,1948,342,342,230600,230600,2183,2183,118,118,788,788,1970,1970,278,278,98,98,1948,1948,721,721,4732,4732,682,682,17031010702,0.175564681724846,0.19086294416243654,0.1441251056635672,0.3701232032854209,0.41502519468621163,28.27485112230875,0.07064280428188745,0.34216142847333464,1.0,True,0.6606147690658045,0.3807262353395023
Census Tract 201; Cook County; Illinois,4159,64904,1725,1676,683,237900,1725,97,388,1924,166,71,1676,219,4159,758,17,031,020100,4159,4159,64904,64904,1725,1725,1676,1676,683,683,237900,237900,1725,1725,97,97,388,388,1924,1924,166,166,71,71,1676,1676,219,219,4159,4159,758,758,17031020100,0.4075178997613365,0.12318087318087319,0.18225534984371244,0.13066825775656324,0.2811594202898551,37.62550724637681,0.016095830087476865,0.16658192383521844,1.0,True,0.7208752131882185,0.24447092619430244
Census Tract 202; Cook County; Illinois,7632,120625,2181,2052,1707,425600,2181,55,329,2440,214,79,2052,53,7565,378,17,031,020200,7632,7632,120625,120625,2181,2181,2052,2052,1707,1707,425600,425600,2181,2181,55,55,329,329,2440,2440,214,214,79,79,2052,2052,53,53,7565,7565,378,378,17031020200,0.8318713450292398,0.12008196721311476,0.04996695307336418,0.025828460038986353,0.17606602475928473,55.307198532783126,0.003101532291566804,0.029601743928827112,1.0,True,0.9215380051760174,0.13541373697874506
Census Tract 203.01; Cook County; Illinois,4978,78385,2266,2094,1528,219200,2266,180,159,1851,161,224,2094,459,4968,723,17,031,020301,4978,4978,78385,78385,2266,2266,2094,2094,1528,1528,219200,219200,2266,2266,180,180,159,159,1851,1851,161,161,224,224,2094,2094,459,459,4968,4968,723,723,17031020301,0.7297039159503342,0.20799567801188545,0.14553140096618358,0.2191977077363897,0.1496028243601059,34.59179170344219,0.04559217583928148,0.04043705758730657,1.0,True,0.8447070196351184,0.26732306722860144
Census Tract 203.02; Cook County; Illinois,5064,71250,1908,1807,1133,296300,1908,60,976,1586,123,66,1807,202,4722,608,17,031,020302,5064,5064,71250,71250,1908,1908,1807,1807,1133,1133,296300,296300,1908,1908,60,60,976,976,1586,1586,123,123,66,66,1807,1807,202,202,4722,4722,608,608,17031020302,0.6270060874377421,0.11916771752837327,0.12875900042354935,0.11178749308245711,0.5429769392033543,37.34276729559748,0.01332146039885523,0.20252709298453836,1.0,True,0.817974557934077,0.29132371485047964
Census Tract 204; Cook County; Illinois,4363,73790,1864,1658,807,344200,1864,27,662,1841,173,48,1658,208,4349,606,17,031,020400,4363,4363,73790,73790,1864,1864,1658,1658,807,807,344200,344200,1864,1864,27,27,662,662,1841,1841,173,173,48,48,1658,1658,208,208,4349,4349,606,606,17031020400,0.4867310012062726,0.1200434546442151,0.1393423775580593,0.12545235223160434,0.3696351931330472,39.586909871244636,0.015059733755124692,0.18972228549832518,1.0,True,0.7664826252720554,0.25143745085583713
Census Tract 205; Cook County; Illinois,6625,37819,2577,2313,743,184300,2577,247,718,2379,391,61,2313,664,6359,2882,17,031,020500,6625,6625,37819,37819,2577,2577,2313,2313,743,743,184300,184300,2577,2577,247,247,718,718,2379,2379,391,391,61,61,2313,2313,664,664,6359,6359,2882,2882,17031020500,0.32122784262862086,0.1899957965531736,0.45321591445195786,0.287073065283182,0.3744664338377959,14.6755917733799,0.05454267570743937,0.25417738915924754,1.0,True,0.5708747354055289,0.4459131316357513
Census Tract 206.01; Cook County; Illinois,6275,64127,2316,2074,811,409300,2316,26,908,1968,129,119,2074,435,6267,2042,17,031,020601,6275,6275,64127,64127,2316,2316,2074,2074,811,811,409300,409300,2316,2316,26,26,908,908,1968,1968,129,129,119,119,2074,2074,435,435,6267,6267,2042,2042,17031020601,0.3910318225650916,0.12601626016260162,0.32583373224828466,0.20973963355834138,0.40328151986183075,27.688687392055268,0.026430604228896676,0.24558561214343888,1.0,True,0.6511447063788217,0.3536156904679766
Census Tract 206.02; Cook County; Illinois,4790,89663,1771,1637,1027,423000,1771,9,1100,2107,88,40,1637,209,4788,940,17,031,020602,4790,4790,89663,89663,1771,1771,1637,1637,1027,1027,423000,423000,1771,1771,9,9,1100,1100,2107,2107,88,88,40,40,1637,1637,209,209,4788,4788,940,940,17031020602,0.6273671350030544,0.060749881347887995,0.19632414369256473,0.12767257177764202,0.6261998870694523,50.62845849802372,0.007756093586871466,0.23334265797945378,1.0,True,0.7878765045365516,0.31249627571232697
Census Tract 207.01; Cook County; Illinois,1771,108568,833,751,497,459800,833,15,423,640,128,0,751,30,1768,147,17,031,020701,1771,1771,108568,108568,833,833,751,751,497,497,459800,459800,833,833,15,15,423,423,640,640,128,128,0,0,751,751,30,30,1768,1768,147,147,17031020701,0.6617842876165113,0.2,0.0831447963800905,0.03994673768308921,0.5258103241296519,130.33373349339735,0.007989347536617843,0.1778373133541033,1.0,True,0.8499930364645469,0.28930994949334415
Census Tract 207.02; Cook County; Illinois,8057,63906,2621,2620,1283,225900,2621,40,615,3023,418,24,2620,427,7859,1229,17,031,020702,8057,8057,63906,63906,2621,2621,2620,2620,1283,1283,225900,225900,2621,2621,40,40,615,615,3023,3023,418,418,24,24,2620,2620,427,427,7859,7859,1229,1229,17031020702,0.4896946564885496,0.14621237181607674,0.15638121898460364,0.16297709923664122,0.24990461655856544,24.382296833269745,0.023829268231093423,0.12752766119801603,1.0,True,0.7598426547004914,0.2492525299816523
Census Tract 208.01; Cook County; Illinois,5332,74931,2354,2211,951,389400,2354,18,1478,1908,208,0,2211,130,5332,437,17,031,020801,5332,5332,74931,74931,2354,2354,2211,2211,951,951,389400,389400,2354,2354,18,18,1478,1478,1908,1908,208,208,0,0,2211,2211,130,130,5332,5332,437,437,17031020801,0.43012211668928085,0.1090146750524109,0.08195798949737435,0.05879692446856626,0.6355140186915887,31.831350892098556,0.0064097276150218985,0.36216538378625146,1.0,True,0.7732864597674781,0.27913045160600575
Census Tract 208.02; Cook County; Illinois,8964,68725,2293,2086,836,450000,2293,12,1123,2644,132,6,2086,313,8942,2056,17,031,020802,8964,8964,68725,68725,2293,2293,2086,2086,836,836,450000,450000,2293,2293,12,12,1123,1123,2644,2644,132,132,6,6,2086,2086,313,313,8942,8942,2056,2056,17031020802,0.40076701821668265,0.05219364599092285,0.22992619100872289,0.15004793863854266,0.4949847361535107,29.971652856519842,0.007831548990967808,0.2966111793824968,1.0,True,0.6972996281841612,0.29006637103863975
Census Tract 209.01; Cook County; Illinois,6256,56291,2398,2143,743,219900,2398,73,1120,2453,337,112,2143,262,6256,1174,17,031,020901,6256,6256,56291,56291,2398,2398,2143,2143,743,743,219900,219900,2398,2398,73,73,1120,1120,2453,2453,337,337,112,112,2143,2143,262,262,6256,6256,1174,1174,17031020901,0.3467102193187121,0.1830411740725642,0.18765984654731457,0.12225851609892674,0.4974979149291076,23.47414512093411,0.022378342327117044,0.3250103037334347,1.0,True,0.6981837928092561,0.3343836899981235
Census Tract 209.02; Cook County; Illinois,4107,45547,1713,1481,717,122600,1713,91,166,1123,111,3,1481,377,3599,864,17,031,020902,4107,4107,45547,45547,1713,1713,1481,1481,717,717,122600,122600,1713,1713,91,91,166,166,1123,1123,111,111,3,3,1481,1481,377,377,3599,3599,864,864,17031020902,0.4841323430114787,0.10151380231522707,0.24006668519033064,0.25455773126266035,0.15002918855808522,26.589025102159955,0.0258411232092104,0.07739520598134848,1.0,True,0.7205397840374298,0.2562362591185981
Census Tract 301.01; Cook County; Illinois,3515,48929,2445,2270,598,274800,2445,515,210,1524,241,61,2270,1221,3515,571,17,031,030101,3515,3515,48929,48929,2445,2445,2270,2270,598,598,274800,274800,2445,2445,515,515,210,210,1524,1524,241,241,61,61,2270,2270,1221,1221,3515,3515,571,571,17031030101,0.26343612334801764,0.19816272965879264,0.1624466571834993,0.5378854625550661,0.2965235173824131,20.011860940695296,0.1065888515036942,0.2184085114816717,1.0,True,0.6817020742250338,0.41168767323731675
Census Tract 301.02; Cook County; Illinois,3374,59826,2226,2028,790,232800,2226,100,574,1570,247,10,2028,910,3366,835,17,031,030102,3374,3374,59826,59826,2226,2226,2028,2028,790,790,232800,232800,2226,2226,100,100,574,574,1570,1570,247,247,10,10,2028,2028,910,910,3366,3366,835,835,17031030102,0.3895463510848126,0.16369426751592356,0.24806892453951276,0.44871794871794873,0.302785265049416,26.87601078167116,0.07345255593663237,0.18483636988716814,1.0,True,0.6854381781121125,0.39581903322997564
Census Tract 301.03; Cook County; Illinois,2132,49545,1166,1100,313,197500,1166,55,485,873,125,71,1100,525,1467,373,17,031,030103,2132,2132,49545,49545,1166,1166,1100,1100,313,313,197500,197500,1166,1166,55,55,485,485,873,873,125,125,71,71,1100,1100,525,525,1467,1467,373,373,17031030103,0.28454545454545455,0.22451317296678122,0.25426039536468986,0.4772727272727273,0.4631217838765009,42.49142367066895,0.10715401437050923,0.3313425853734602,1.0,True,0.6476627718988403,0.4828043287581031
Census Tract 301.04; Cook County; Illinois,3612,41823,1244,1101,371,162300,1244,0,382,964,113,35,1101,567,1839,467,17,031,030104,3612,3612,41823,41823,1244,1244,1101,1101,371,371,162300,162300,1244,1244,0,0,382,382,964,964,113,113,35,35,1101,1101,567,567,1839,1839,467,467,17031030104,0.3369663941871026,0.15352697095435686,0.25394235997824904,0.5149863760217984,0.3070739549839228,33.619774919614144,0.07906429839338815,0.20360035162421766,1.0,True,0.665274843032432,0.41516828851429166
Census Tract 302; Cook County; Illinois,5791,108466,2855,2614,1360,527300,2855,13,2006,2834,164,56,2614,454,5786,865,17,031,030200,5791,5791,108466,108466,2855,2855,2614,2614,1360,1360,527300,527300,2855,2855,13,13,2006,2006,2834,2834,164,164,56,56,2614,2614,454,454,5786,5786,865,865,17031030200,0.5202754399387911,0.0776287932251235,0.14949879018320084,0.17368018362662585,0.7071803852889668,37.991593695271455,0.013482583062052819,0.33925179921666576,1.0,True,0.7731376135942537,0.3427940531577375
Census Tract 303; Cook County; Illinois,2956,68933,1540,1441,483,379700,1540,63,658,1394,249,8,1441,636,2956,463,17,031,030300,2956,2956,68933,68933,1540,1540,1441,1441,483,483,379700,379700,1540,1540,63,63,658,658,1394,1394,249,249,8,8,1441,1441,636,636,2956,2956,463,463,17031030300,0.33518390006939625,0.18436154949784792,0.15663058186738837,0.44136016655100624,0.4681818181818182,44.76168831168831,0.08136984419197174,0.3112548104220554,1.0,True,0.7082300206678239,0.4193876050297739
Census Tract 304; Cook County; Illinois,2716,98909,1451,1394,592,437300,1451,90,620,1190,106,18,1394,388,2716,398,17,031,030400,2716,2716,98909,98909,1451,1451,1394,1394,592,592,437300,437300,1451,1451,90,90,620,620,1190,1190,106,106,18,18,1394,1394,388,388,2716,2716,398,398,17031030400,0.4246771879483501,0.10420168067226891,0.14653902798232696,0.2783357245337159,0.48931771192281187,68.16609235010338,0.02900305028754687,0.28151564201011126,1.0,True,0.742590904962576,0.32841582784576534
Census Tract 305; Cook County; Illinois,6518,127055,3352,3120,1720,341000,3352,139,2229,2732,428,58,3120,632,6384,385,17,031,030500,6518,6518,127055,127055,3352,3352,3120,3120,1720,1720,341000,341000,3352,3352,139,139,2229,2229,2732,2732,428,428,58,58,3120,3120,632,632,6384,6384,385,385,17031030500,0.5512820512820513,0.17789165446559296,0.06030701754385965,0.20256410256410257,0.7064439140811456,37.904236276849645,0.03603446334046627,0.3169940640107704,1.0,True,0.8233854686222619,0.3731327414238553
Census Tract 306.01; Cook County; Illinois,3907,52917,2143,1974,531,322600,2143,125,574,1516,73,48,1974,825,3698,689,17,031,030601,3907,3907,52917,52917,2143,2143,1974,1974,531,531,322600,322600,2143,2143,125,125,574,574,1516,1516,73,73,48,48,1974,1974,825,825,3698,3698,689,689,17031030601,0.2689969604863222,0.07981530343007916,0.18631692806922662,0.41793313069908816,0.3261782547830145,24.692953803079796,0.03335745964023065,0.23843729566965038,1.0,True,0.6728784878976604,0.32889113037978046
Census Tract 306.03; Cook County; Illinois,1996,49674,1498,1302,121,326300,1498,39,891,1050,158,19,1302,743,1972,515,17,031,030603,1996,1996,49674,49674,1498,1498,1302,1302,121,121,326300,326300,1498,1498,39,39,891,891,1050,1050,158,158,19,19,1302,1302,743,743,1972,1972,515,515,17031030603,0.09293394777265745,0.16857142857142857,0.26115618661257606,0.5706605222734255,0.6208277703604806,33.16021361815754,0.09619705946894885,0.5631317947739845,1.0,True,0.5807072632018546,0.5306277684497377
Census Tract 306.04; Cook County; Illinois,3109,51688,2502,2234,562,236400,2502,103,366,1440,220,42,2234,1260,3109,665,17,031,030604,3109,3109,51688,51688,2502,2502,2234,2234,562,562,236400,236400,2502,2502,103,103,366,366,1440,1440,220,220,42,42,2234,2234,1260,1260,3109,3109,665,665,17031030604,0.25156669650850494,0.18194444444444444,0.21389514313284014,0.5640107430617726,0.1874500399680256,20.658673061550758,0.1026186213070725,0.14029385265288216,1.0,True,0.6547297164961771,0.398714351257309
Census Tract 307.01; Cook County; Illinois,1516,44948,975,917,187,271800,975,34,502,704,41,27,917,526,1341,365,17,031,030701,1516,1516,44948,44948,975,975,917,917,187,187,271800,271800,975,975,34,34,502,502,704,704,41,41,27,27,917,917,526,526,1341,1341,365,365,17031030701,0.2039258451472192,0.09659090909090909,0.2721849366144668,0.5736095965103599,0.5497435897435897,46.10051282051282,0.05540547239020522,0.437636663590862,1.0,True,0.6127681071347336,0.47875018863800384
Census Tract 307.02; Cook County; Illinois,2039,60603,1665,1482,893,197400,1665,55,110,770,137,0,1482,402,2039,423,17,031,030702,2039,2039,60603,60603,1665,1665,1482,1482,893,893,197400,197400,1665,1665,55,55,110,110,770,770,137,137,0,0,1482,1482,402,402,2039,2039,423,423,17031030702,0.6025641025641025,0.17792207792207793,0.2074546346248161,0.27125506072874495,0.0990990990990991,36.3981981981982,0.04826226405173774,0.03938553938553939,1.0,True,0.7746146920988485,0.2754750134392936
Census Tract 307.03; Cook County; Illinois,3237,74702,2029,1858,554,342700,2029,260,528,1322,96,13,1858,898,3237,642,17,031,030703,3237,3237,74702,74702,2029,2029,1858,1858,554,554,342700,342700,2029,2029,260,260,528,528,1322,1322,96,96,13,13,1858,1858,898,898,3237,3237,642,642,17031030703,0.2981700753498385,0.08245083207261725,0.19833178869323448,0.48331539289558667,0.38836865450961067,36.8171513060621,0.039849756297745044,0.27256874353096466,1.0,True,0.6772384841364992,0.37267832128447065
Census Tract 307.06; Cook County; Illinois,2717,52167,2166,1936,659,355400,2166,310,1052,1049,0,18,1936,1109,2717,242,17,031,030706,2717,2717,52167,52167,2166,2166,1936,1936,659,659,355400,355400,2166,2166,310,310,1052,1052,1049,1049,0,0,18,18,1936,1936,1109,1109,2717,2717,242,242,17031030706,0.34039256198347106,0.017159199237368923,0.08906882591093117,0.5728305785123967,0.628808864265928,24.08448753462604,0.009829314025951517,0.414767003960532,1.0,True,0.7401839516515886,0.398555453201654
Census Tract 308; Cook County; Illinois,4610,105585,2408,2211,1086,512500,2408,52,1797,1656,167,14,2211,444,4456,441,17,031,030800,4610,4610,105585,105585,2408,2408,2211,2211,1086,1086,512500,512500,2408,2408,52,52,1797,1797,1656,1656,167,167,14,14,2211,2211,444,444,4456,4456,441,441,17031030800,0.49118046132971505,0.10929951690821256,0.09896768402154399,0.20081411126187246,0.7678571428571429,43.847591362126245,0.021948885349274708,0.39070071719325455,1.0,True,0.786044686926306,0.36765242251216973
Census Tract 309; Cook County; Illinois,2818,87485,1738,1519,592,444300,1738,45,1247,1134,116,10,1519,212,2798,152,17,031,030900,2818,2818,87485,87485,1738,1738,1519,1519,592,592,444300,444300,1738,1738,45,45,1247,1247,1134,1134,116,116,10,10,1519,1519,212,212,2798,2798,152,152,17031030900,0.3897300855826201,0.1111111111111111,0.054324517512508934,0.13956550362080317,0.7433831990794016,50.33659378596087,0.01550727818008924,0.45366440128150454,1.0,True,0.772191514281286,0.327026662413376
Census Tract 310; Cook County; Illinois,4108,132147,2332,2195,892,350200,2332,79,1569,1864,225,19,2195,503,4060,267,17,031,031000,4108,4108,132147,132147,2332,2332,2195,2195,892,892,350200,350200,2332,2332,79,79,1569,1569,1864,1864,225,225,19,19,2195,2195,503,503,4060,4060,267,267,17031031000,0.40637813211845103,0.13090128755364808,0.06576354679802955,0.22915717539863326,0.7066895368782161,56.66680960548885,0.029996969311838262,0.41950636289399346,1.0,True,0.77264554003829,0.35963273264251405
Census Tract 311; Cook County; Illinois,5018,92717,3159,3108,636,367900,3159,75,1912,2886,166,114,3108,1308,4931,481,17,031,031100,5018,5018,92717,92717,3159,3159,3108,3108,636,636,367900,367900,3159,3159,75,75,1912,1912,2886,2886,166,166,114,114,3108,3108,1308,1308,4931,4931,481,481,17031031100,0.20463320463320464,0.09702009702009702,0.09754613668627053,0.42084942084942084,0.6289965178854068,29.35011079455524,0.040830851641662454,0.5002829447273891,1.0,True,0.6911584815138271,0.3931856282724714
Census Tract 312; Cook County; Illinois,5298,25713,3689,3413,629,338800,3689,216,1265,2267,52,109,3413,2084,5032,1732,17,031,031200,5298,5298,25713,25713,3689,3689,3413,3413,629,629,338800,338800,3689,3689,216,216,1265,1265,2267,2267,52,52,109,109,3413,3413,2084,2084,5032,5032,1732,1732,17031031200,0.18429534134192793,0.07101896779885311,0.3441971383147854,0.6106065045414591,0.401463811330984,6.970181621035511,0.04336464368380014,0.32747590118530895,1.0,True,0.5739978408108222,0.46048797006883924
Census Tract 313; Cook County; Illinois,6136,68942,4824,4216,1586,172500,4824,623,1651,2423,102,198,4216,1626,5747,1148,17,031,031300,6136,6136,68942,68942,4824,4824,4216,4216,1586,1586,172500,172500,4824,4824,623,623,1651,1651,2423,2423,102,102,198,198,4216,4216,1626,1626,5747,5747,1148,1148,17031031300,0.3761859582542694,0.12381345439537764,0.1997563946406821,0.38567362428842505,0.47139303482587064,14.291459369817579,0.047751583692334926,0.29406159430551226,1.0,True,0.7026035527336992,0.3859010220849531
Census Tract 314; Cook County; Illinois,4697,93026,3614,3128,1415,296300,3614,199,838,2493,72,8,3128,1318,4467,196,17,031,031400,4697,4697,93026,93026,3614,3614,3128,3128,1415,1415,296300,296300,3614,3614,199,199,838,838,2493,2493,72,72,8,8,3128,3128,1318,1318,4467,4467,196,196,17031031400,0.4523657289002558,0.032089851584436425,0.04387732258786658,0.42135549872122763,0.28693967902601,25.740453790813504,0.013521235418250387,0.1571380019730035,1.0,True,0.797746745798491,0.24691891818288098
Census Tract 315.01; Cook County; Illinois,4792,52250,2234,2094,383,382100,2234,167,844,1930,198,99,2094,674,4716,2163,17,031,031501,4792,4792,52250,52250,2234,2234,2094,2094,383,383,382100,382100,2234,2234,167,167,844,844,1930,1930,198,198,99,99,2094,2094,674,674,4716,4716,2163,2163,17031031501,0.18290353390639924,0.1538860103626943,0.4586513994910941,0.3218720152817574,0.45255147717099375,23.38854073410922,0.04953160027910982,0.36977821272185785,1.0,True,0.522342092909657,0.46228911066678013
Census Tract 315.02; Cook County; Illinois,4463,49684,2902,2533,182,287900,2902,36,1319,1714,141,53,2533,1528,4456,1382,17,031,031502,4463,4463,49684,49684,2902,2902,2533,2533,182,182,287900,287900,2902,2902,36,36,1319,1319,1714,1714,141,141,53,53,2533,2533,1528,1528,4456,4456,1382,1382,17031031502,0.0718515594157126,0.11318553092182031,0.3101436265709156,0.6032372680615871,0.4669193659545141,17.120606478290835,0.06827773045737917,0.43337048138928647,1.0,True,0.5517635784298934,0.4864346019130066
Census Tract 317; Cook County; Illinois,5851,79867,3831,3341,1279,463300,3831,147,2340,3264,186,80,3341,1182,5754,306,17,031,031700,5851,5851,79867,79867,3831,3831,3341,3341,1279,1279,463300,463300,3831,3831,147,147,2340,2340,3264,3264,186,186,80,80,3341,3341,1182,1182,5754,5754,306,306,17031031700,0.382819515115235,0.08149509803921569,0.053180396246089674,0.3537862915294822,0.6491777603758809,20.847559383972854,0.028831848513125695,0.400659844925192,1.0,True,0.7703960454727294,0.35437274280043785
Census Tract 318; Cook County; Illinois,1765,82313,1033,951,409,412800,1033,89,509,815,59,8,951,216,1765,241,17,031,031800,1765,1765,82313,82313,1033,1033,951,951,409,409,412800,412800,1033,1033,89,89,509,509,815,815,59,59,8,8,951,951,216,216,1765,1765,241,241,17031031800,0.43007360672975814,0.08220858895705521,0.13654390934844193,0.22712933753943218,0.5788964181994192,79.68344627299129,0.01867198234986743,0.32992834770145657,1.0,True,0.7488530786393772,0.3222825391206624
Census Tract 319; Cook County; Illinois,2489,94107,1442,1417,503,465900,1442,167,728,982,146,6,1417,539,2489,106,17,031,031900,2489,2489,94107,94107,1442,1442,1417,1417,503,503,465900,465900,1442,1442,167,167,728,728,982,982,146,146,6,6,1417,1417,539,539,2489,2489,106,106,17031031900,0.3549752999294284,0.15478615071283094,0.04258738449176376,0.3803810868031052,0.6206657420249653,65.26144244105409,0.05887772423021587,0.40034473409373195,1.0,True,0.7658609082312652,0.388846572587055
Census Tract 321; Cook County; Illinois,7442,72515,4537,4220,956,287700,4537,163,2201,3097,255,108,4220,2052,7255,1152,17,031,032100,7442,7442,72515,72515,4537,4537,4220,4220,956,956,287700,287700,4537,4537,163,163,2201,2201,3097,3097,255,255,108,108,4220,4220,2052,2052,7255,7255,1152,1152,17031032100,0.22654028436018958,0.1172102034226671,0.1587870434183322,0.48625592417061614,0.5210491514216442,15.983028432885167,0.056994155787514905,0.40301052849294944,1.0,True,0.6710525047051537,0.4150561013269638
Census Tract 401; Cook County; Illinois,3987,90952,2028,1974,943,619200,2028,143,887,1628,159,21,1974,357,3818,150,17,031,040100,3987,3987,90952,90952,2028,2028,1974,1974,943,943,619200,619200,2028,2028,143,143,887,887,1628,1628,159,159,21,21,1974,1974,357,357,3818,3818,150,150,17031040100,0.477710233029382,0.11056511056511056,0.0392875851231011,0.18085106382978725,0.5078895463510849,44.84812623274162,0.019995817868158294,0.265265512810521,1.0,True,0.8082472551606533,0.2694111282523547
Census Tract 402.01; Cook County; Illinois,7083,104484,3283,3188,1520,464100,3283,150,1728,3210,157,208,3188,437,7060,641,17,031,040201,7083,7083,104484,104484,3283,3283,3188,3188,1520,1520,464100,464100,3283,3283,150,150,1728,1728,3210,3210,157,157,208,208,3188,3188,437,437,7060,7060,641,641,17031040201,0.4767879548306148,0.11370716510903427,0.09079320113314447,0.13707653701380176,0.5720377703320134,31.825769113615596,0.015586584426803005,0.29929705172954774,1.0,True,0.7849037723492943,0.2920502695665801
Census Tract 402.02; Cook County; Illinois,7198,67832,3108,2839,1120,283500,3108,202,412,2937,373,106,2839,892,7019,1095,17,031,040202,7198,7198,67832,67832,3108,3108,2839,2839,1120,1120,283500,283500,3108,3108,202,202,412,412,2937,2937,373,373,106,106,2839,2839,892,892,7019,7019,1095,1095,17031040202,0.3945051074321944,0.16309159005788218,0.15600512893574583,0.3141951391334977,0.19755469755469757,21.824967824967825,0.05124258482973967,0.11961836037214695,1.0,True,0.728283024181048,0.29192151695111523
Census Tract 403; Cook County; Illinois,2991,78879,1136,1126,731,501300,1136,41,220,1343,100,0,1126,68,2894,181,17,031,040300,2991,2991,78879,78879,1136,1136,1126,1126,731,731,501300,501300,1136,1136,41,41,220,220,1343,1343,100,100,0,0,1126,1126,68,68,2894,2894,181,181,17031040300,0.6492007104795737,0.07446016381236038,0.06254319281271596,0.06039076376554174,0.22975352112676056,69.43573943661971,0.004496706162735796,0.08059737197608385,1.0,True,0.8550005123051387,0.14245928421906684
Census Tract 404.01; Cook County; Illinois,3441,108899,1655,1579,867,445900,1655,16,1209,1314,105,38,1579,363,3441,248,17,031,040401,3441,3441,108899,108899,1655,1655,1579,1579,867,867,445900,445900,1655,1655,16,16,1209,1209,1314,1314,105,105,38,38,1579,1579,363,363,3441,3441,248,248,17031040401,0.5490816972767575,0.10882800608828005,0.07207207207207207,0.2298923369221026,0.7401812688821753,65.8,0.025018724642207512,0.3337612814718865,1.0,True,0.8173794382950591,0.36005474692364575
Census Tract 404.02; Cook County; Illinois,4209,99201,2849,2507,617,335800,2849,71,1149,2329,291,20,2507,411,4209,694,17,031,040402,4209,4209,99201,99201,2849,2849,2507,2507,617,617,335800,335800,2849,2849,71,71,1149,1149,2329,2329,291,291,20,20,2507,2507,411,411,4209,4209,694,694,17031040402,0.24611088950937376,0.13353370545298412,0.1648847707293894,0.16394096529716792,0.4282204282204282,34.81958581958582,0.021891644571669915,0.3228307177250137,1.0,True,0.6748613483653481,0.2956245117049463
Census Tract 406; Cook County; Illinois,2521,89091,1423,1276,592,750000,1423,67,866,1093,163,0,1276,321,2521,160,17,031,040600,2521,2521,89091,89091,1423,1423,1276,1276,592,592,750000,750000,1423,1423,67,67,866,866,1093,1093,163,163,0,0,1276,1276,321,321,2521,2521,160,160,17031040600,0.46394984326018807,0.14913083257090576,0.0634668782229274,0.25156739811912227,0.6556570625439213,62.60787069571328,0.037516455529201215,0.3514650711442337,1.0,True,0.7928420846759915,0.3611733266531364
Census Tract 407; Cook County; Illinois,3681,105365,1792,1683,675,391400,1792,13,1350,1708,243,63,1683,447,3666,343,17,031,040700,3681,3681,105365,105365,1792,1792,1683,1683,675,675,391400,391400,1792,1792,13,13,1350,1350,1708,1708,243,243,63,63,1683,1683,447,447,3666,3666,343,343,17031040700,0.40106951871657753,0.1791569086651054,0.09356246590289144,0.26559714795008915,0.7606026785714286,58.797433035714285,0.0475835639770066,0.45554812834224595,1.0,True,0.7584258075255782,0.42035268819505717
Census Tract 408; Cook County; Illinois,1670,114397,928,824,344,514400,928,16,628,799,115,9,824,118,1664,24,17,031,040800,1670,1670,114397,114397,928,928,824,824,344,344,514400,514400,928,928,16,16,628,628,799,799,115,115,9,9,824,824,118,118,1664,1664,24,24,17031040800,0.4174757281553398,0.15519399249061328,0.014423076923076924,0.14320388349514562,0.6939655172413793,123.27262931034483,0.022224382419772287,0.40425175761633747,1.0,True,0.7993048034128059,0.3235363445012878
Census Tract 409; Cook County; Illinois,2267,86359,1219,1145,425,648000,1219,30,578,1173,119,12,1145,384,2246,146,17,031,040900,2267,2267,86359,86359,1219,1219,1145,1145,425,425,648000,648000,1219,1219,30,30,578,578,1173,1173,119,119,12,12,1145,1145,384,384,2246,2246,146,146,17031040900,0.37117903930131,0.11167945439045183,0.06500445235975066,0.3353711790393013,0.49876948318293685,70.84413453650534,0.037454070293391706,0.31363670558228346,1.0,True,0.7612292308545962,0.32589999840282796
Census Tract 501; Cook County; Illinois,2163,116438,1260,1117,499,627500,1260,22,801,804,114,0,1117,280,2163,112,17,031,050100,2163,2163,116438,116438,1260,1260,1117,1117,499,499,627500,627500,1260,1260,22,22,801,801,804,804,114,114,0,0,1117,1117,280,280,2163,2163,112,112,17031050100,0.4467323187108326,0.1417910447761194,0.05177993527508091,0.25067144136078784,0.6531746031746032,92.41111111111111,0.03554296556608186,0.3613803981753848,1.0,True,0.7923451366763034,0.3525264681122013
Census Tract 502; Cook County; Illinois,5862,133708,2447,2183,1352,731500,2447,14,1092,2051,79,8,2183,367,5862,433,17,031,050200,5862,5862,133708,133708,2447,2447,2183,2183,1352,1352,731500,731500,2447,2447,14,14,1092,1092,2051,2051,79,79,8,8,2183,2183,367,367,5862,5862,433,433,17031050200,0.619331195602382,0.0424183325207216,0.07386557488911634,0.16811726981218506,0.4519820187985288,54.641601961585614,0.007131254253369137,0.17205545470525763,1.0,True,0.8400059520189892,0.2265616682003202
Census Tract 503; Cook County; Illinois,2973,151630,1238,1204,709,631700,1238,0,664,1113,105,23,1204,74,2967,128,17,031,050300,2973,2973,151630,151630,1238,1238,1204,1204,709,709,631700,631700,1238,1238,0,0,664,664,1113,1113,105,105,23,23,1204,1204,74,74,2967,2967,128,128,17031050300,0.5888704318936877,0.11500449236298294,0.043141220087630605,0.061461794019933555,0.5363489499192245,122.47980613893377,0.007068382420980679,0.22050891213456492,1.0,True,0.8436069254127746,0.24239519214680322
Census Tract 505; Cook County; Illinois,5221,141563,2326,2044,1164,968200,2326,45,1445,1553,7,37,2044,150,5221,121,17,031,050500,5221,5221,141563,141563,2326,2326,2044,2044,1164,1164,968200,968200,2326,2326,45,45,1445,1445,1553,1553,7,7,37,37,2044,2044,150,150,5221,5221,121,121,17031050500,0.5694716242661448,0.028332260141661302,0.023175636851177937,0.07338551859099804,0.6405846947549441,60.86113499570077,0.002079177603350878,0.27578988815281347,1.0,True,0.8460679193676208,0.22435825879120685
Census Tract 506; Cook County; Illinois,2375,137083,1274,1198,606,450500,1274,18,783,990,114,0,1198,157,2365,129,17,031,050600,2375,2375,137083,137083,1274,1274,1198,1198,606,606,450500,450500,1274,1274,18,18,783,783,990,990,114,114,0,0,1198,1198,157,157,2365,2365,129,129,17031050600,0.5058430717863105,0.11515151515151516,0.05454545454545454,0.1310517529215359,0.6287284144427001,107.60047095761381,0.015090807912176861,0.3106905019616682,1.0,True,0.8108217888901895,0.29447510638770164
Census Tract 507; Cook County; Illinois,1470,135653,779,713,353,702700,779,5,513,608,36,0,713,71,1470,149,17,031,050700,1470,1470,135653,135653,779,779,713,713,353,353,702700,702700,779,779,5,5,513,513,608,608,36,36,0,0,713,713,71,71,1470,1470,149,149,17031050700,0.4950911640953717,0.05921052631578947,0.10136054421768707,0.09957924263674614,0.6649550706033376,174.13735558408214,0.0058961393666494425,0.3357416906272111,1.0,True,0.7862927540406934,0.2815837098959378
Census Tract 508; Cook County; Illinois,1448,190469,550,481,275,987100,550,17,249,510,37,72,481,39,1448,28,17,031,050800,1448,1448,190469,190469,550,550,481,481,275,275,987100,987100,550,550,17,17,249,249,510,510,37,37,72,72,481,481,39,39,1448,1448,28,28,17031050800,0.5717255717255717,0.21372549019607842,0.019337016574585635,0.08108108108108109,0.48363636363636364,346.30727272727273,0.017329093799682036,0.20712908712908715,1.0,True,0.8485610186770308,0.2764194670220592
Census Tract 509; Cook County; Illinois,1456,132258,734,672,235,856300,734,14,422,634,63,0,672,159,1405,65,17,031,050900,1456,1456,132258,132258,734,734,672,672,235,235,856300,856300,734,734,14,14,422,422,634,634,63,63,0,0,672,672,159,159,1405,1405,65,65,17031050900,0.34970238095238093,0.09936908517350158,0.046263345195729534,0.23660714285714285,0.5940054495912807,180.18801089918256,0.023511435331230283,0.38628032957052033,1.0,True,0.762477768655896,0.30801133670202197
Census Tract 510; Cook County; Illinois,1641,186458,738,688,472,771600,738,17,363,661,75,17,688,47,1641,52,17,031,051000,1641,1641,186458,186458,738,738,688,688,472,472,771600,771600,738,738,17,17,363,363,661,661,75,75,17,17,688,688,47,47,1641,1641,52,52,17031051000,0.686046511627907,0.13918305597579425,0.031687995124923825,0.06831395348837209,0.5149051490514905,252.65311653116532,0.009508144812299897,0.16165626772546796,1.0,True,0.8811403561078909,0.24712438837766135
Census Tract 511; Cook County; Illinois,1851,161900,843,718,392,740200,843,0,364,768,57,0,718,22,1846,153,17,031,051100,1851,1851,161900,161900,843,843,718,718,392,392,740200,740200,843,843,0,0,364,364,768,768,57,57,0,0,718,718,22,22,1846,1846,153,153,17031051100,0.5459610027855153,0.07421875,0.0828819068255688,0.03064066852367688,0.431791221826809,192.05219454329776,0.0022741121169916434,0.19605005336426148,1.0,True,0.8115295436004383,0.1958516978502373
Census Tract 512; Cook County; Illinois,1536,176571,665,628,288,718800,665,19,295,679,29,18,628,106,1486,95,17,031,051200,1536,1536,176571,176571,665,665,628,628,288,288,718800,718800,665,665,19,19,295,295,679,679,29,29,18,18,628,628,106,106,1486,1486,95,95,17031051200,0.4585987261146497,0.06921944035346098,0.0639300134589502,0.16878980891719744,0.47218045112781953,265.5203007518797,0.011683536110616025,0.2556390977443609,1.0,True,0.7908949029849998,0.24274633512953192
Census Tract 513; Cook County; Illinois,2810,147386,1104,1077,831,750600,1104,12,448,876,43,0,1077,84,2810,61,17,031,051300,2810,2810,147386,147386,1104,1104,1077,1077,831,831,750600,750600,1104,1104,12,12,448,448,876,876,43,43,0,0,1077,1077,84,84,2810,2810,61,61,17031051300,0.7715877437325905,0.04908675799086758,0.021708185053380784,0.07799442896935933,0.4166666666666667,133.5018115942029,0.003828493659454853,0.09517177344475394,1.0,True,0.9140993849565177,0.17356054497725432
Census Tract 514; Cook County; Illinois,2606,167194,1176,1057,629,630900,1176,5,491,854,103,0,1057,118,2606,159,17,031,051400,2606,2606,167194,167194,1176,1176,1057,1057,629,629,630900,630900,1176,1176,5,5,491,491,854,854,103,103,0,0,1057,1057,118,118,2606,2606,159,159,17031051400,0.5950804162724692,0.12060889929742388,0.06101304681504221,0.11163670766319773,0.4217687074829932,142.17176870748298,0.013464380432446564,0.1707824094633123,1.0,True,0.8376891189618781,0.23551177826710465
Census Tract 601; Cook County; Illinois,2895,157917,1398,1245,789,667000,1398,36,919,1172,99,17,1245,239,2895,102,17,031,060100,2895,2895,157917,157917,1398,1398,1245,1245,789,789,667000,667000,1398,1398,36,36,919,919,1172,1172,99,99,17,17,1245,1245,239,239,2895,2895,102,102,17031060100,0.6337349397590362,0.09897610921501707,0.035233160621761656,0.19196787148594377,0.6831187410586552,112.95922746781116,0.01900023301396713,0.25020252684557975,1.0,True,0.8621028478320949,0.31453977778493436
Census Tract 602; Cook County; Illinois,2176,85417,1234,1187,443,674300,1234,136,759,1036,119,8,1187,259,2176,127,17,031,060200,2176,2176,85417,85417,1234,1234,1187,1187,443,443,674300,674300,1234,1234,136,136,759,759,1036,1036,119,119,8,8,1187,1187,259,259,2176,2176,127,127,17031060200,0.37320977253580456,0.12258687258687259,0.058363970588235295,0.21819713563605728,0.7252836304700162,69.2196110210697,0.02674810446503791,0.45460069171835893,1.0,True,0.7648765204926381,0.3545532447272206
Census Tract 603; Cook County; Illinois,3057,173125,1339,1286,580,782900,1339,18,969,1241,100,9,1286,355,3057,93,17,031,060300,3057,3057,173125,173125,1339,1339,1286,1286,580,580,782900,782900,1339,1339,18,18,969,969,1241,1241,100,100,9,9,1286,1286,355,355,3057,3057,93,93,17031060300,0.4510108864696734,0.08783239323126511,0.03042198233562316,0.276049766718507,0.7371172516803585,129.2942494398805,0.02424611166181891,0.40466934656791065,1.0,True,0.80335487836563,0.3493991095707595
Census Tract 604; Cook County; Illinois,3533,153625,1708,1578,728,649300,1708,182,653,1558,85,10,1578,364,3533,116,17,031,060400,3533,3533,153625,153625,1708,1708,1578,1578,728,728,649300,649300,1708,1708,182,182,653,653,1558,1558,85,85,10,10,1578,1578,364,364,3533,3533,116,116,17031060400,0.46134347275031684,0.06097560975609756,0.03283328615907161,0.23067173637515842,0.4888758782201405,89.9443793911007,0.014065349778973075,0.26333618281819987,1.0,True,0.8057105472137666,0.2527138223541974
Census Tract 605; Cook County; Illinois,1329,52143,797,738,206,912500,797,20,295,419,20,0,738,359,1324,303,17,031,060500,1329,1329,52143,52143,797,797,738,738,206,206,912500,912500,797,797,20,20,295,295,419,419,20,20,0,0,738,738,359,359,1324,1324,303,303,17031060500,0.2791327913279133,0.0477326968973747,0.22885196374622357,0.48644986449864497,0.39523212045169387,65.42409033877038,0.023219563937882815,0.28490987544756247,1.0,True,0.6572271907465373,0.3681280383683284
Census Tract 608; Cook County; Illinois,5413,90174,3977,3634,1658,219100,3977,87,707,2611,267,70,3634,1323,5413,481,17,031,060800,5413,5413,90174,90174,3977,3977,3634,3634,1658,1658,219100,219100,3977,3977,87,87,707,707,2611,2611,267,267,70,70,3634,3634,1323,1323,5413,5413,481,481,17031060800,0.4562465602641717,0.12906932209881272,0.08886015148716055,0.3640616400660429,0.19964797586120192,22.673874779984914,0.04698918908550612,0.10855927361082417,1.0,True,0.7789143051816575,0.2686978181717441
Census Tract 609; Cook County; Illinois,7283,79016,5240,5076,2631,250000,5240,978,1296,3512,425,256,5076,1971,7283,722,17,031,060900,7283,7283,79016,79016,5240,5240,5076,5076,2631,2631,250000,250000,5240,5240,978,978,1296,1296,3512,3512,425,425,256,256,5076,5076,1971,1971,7283,7283,722,722,17031060900,0.5183215130023641,0.19390660592255124,0.09913497185225868,0.3882978723404255,0.43396946564885497,15.0793893129771,0.07529352251248,0.209033755616913,1.0,True,0.7950035826285463,0.3783221672771958
Census Tract 610; Cook County; Illinois,2284,121332,1274,1143,317,575700,1274,40,531,1158,60,96,1143,400,2284,279,17,031,061000,2284,2284,121332,121332,1274,1274,1143,1143,317,317,575700,575700,1274,1274,40,40,531,531,1158,1158,60,60,96,96,1143,1143,400,400,2284,2284,279,279,17031061000,0.2773403324584427,0.13471502590673576,0.12215411558669002,0.34995625546806647,0.44819466248037676,95.2370486656201,0.04714436602160481,0.32389220578196953,1.0,True,0.704399261749841,0.3474431795463639
Census Tract 611; Cook County; Illinois,1368,117330,826,751,247,608700,826,44,302,676,40,60,751,315,1368,78,17,031,061100,1368,1368,117330,117330,826,826,751,751,247,247,608700,608700,826,826,44,44,302,302,676,676,40,40,60,60,751,751,315,315,1368,1368,78,78,17031061100,0.3288948069241012,0.14792899408284024,0.05701754385964912,0.4194407456724368,0.4188861985472155,142.04600484261502,0.06204744758468,0.2811167031528583,1.0,True,0.7507231864113967,0.34657282825187274
Census Tract 612; Cook County; Illinois,1954,122857,935,870,348,851300,935,16,482,970,69,13,870,265,1946,73,17,031,061200,1954,1954,122857,122857,935,935,870,870,348,348,851300,851300,935,935,16,16,482,482,970,970,69,69,13,13,870,870,265,265,1946,1946,73,73,17031061200,0.4,0.08453608247422681,0.03751284686536485,0.3045977011494253,0.532620320855615,131.39786096256685,0.025749496385827707,0.31957219251336894,1.0,True,0.7831537812637522,0.30233254840738094
Census Tract 615; Cook County; Illinois,1811,128958,986,880,369,708300,986,41,691,787,54,36,880,208,1801,181,17,031,061500,1811,1811,128958,128958,986,986,880,880,369,369,708300,708300,986,986,41,41,691,691,787,787,54,54,36,36,880,880,208,208,1801,1801,181,181,17031061500,0.4193181818181818,0.11435832274459974,0.10049972237645752,0.23636363636363636,0.742393509127789,130.78904665314403,0.02703014901235994,0.43109441268670473,1.0,True,0.761416865484827,0.3751182703966131
Census Tract 618; Cook County; Illinois,1152,85139,782,773,170,479100,782,38,351,619,107,20,773,477,1065,103,17,031,061800,1152,1152,85139,85139,782,782,773,773,170,170,479100,479100,782,782,38,38,351,351,619,619,107,107,20,20,773,773,477,477,1065,1065,103,103,17031061800,0.21992238033635186,0.20516962843295639,0.09671361502347418,0.6170763260025873,0.49744245524296676,108.87340153452685,0.1266053205207247,0.38804372640557433,1.0,True,0.6966235432191299,0.4747192475600047
Census Tract 619.01; Cook County; Illinois,3709,73769,2744,2690,539,298200,2744,210,598,1277,50,114,2690,1846,3709,901,17,031,061901,3709,3709,73769,73769,2744,2744,2690,2690,539,539,298200,298200,2744,2744,210,210,598,598,1277,1277,50,50,114,114,2690,2690,1846,1846,3709,3709,901,901,17031061901,0.2003717472118959,0.1284259984338293,0.24292262065246698,0.6862453531598512,0.2944606413994169,26.88374635568513,0.08813174465012968,0.23545904819708022,1.0,True,0.6246893228929626,0.4503800443196099
Census Tract 619.02; Cook County; Illinois,4581,95705,3190,2962,946,395500,3190,70,972,2197,108,17,2962,1318,4581,367,17,031,061902,4581,4581,95705,95705,3190,3190,2962,2962,946,946,395500,395500,3190,3190,70,70,972,972,2197,2197,108,108,17,17,2962,2962,1318,1318,4581,4581,367,367,17031061902,0.3193787981093856,0.05689576695493855,0.08011351233355163,0.4449696151249156,0.3266457680250784,30.00156739811912,0.0253168875241759,0.22232203522571167,1.0,True,0.737207594053699,0.2904111675319446
Census Tract 620; Cook County; Illinois,3021,121375,1912,1831,387,565300,1912,74,882,1282,36,41,1831,831,3021,279,17,031,062000,3021,3021,121375,121375,1912,1912,1831,1831,387,387,565300,565300,1912,1912,74,74,882,882,1282,1282,36,36,41,41,1831,1831,831,831,3021,3021,279,279,17031062000,0.2113599126160568,0.06006240249609984,0.09235352532274081,0.4538503549972693,0.5,63.48064853556485,0.027259342694843786,0.3943200436919716,1.0,True,0.6957381355744577,0.34729239427953884
Census Tract 621; Cook County; Illinois,3841,103462,2230,2186,576,626500,2230,112,542,1450,56,0,2186,1129,3841,364,17,031,062100,3841,3841,103462,103462,2230,2230,2186,2186,576,576,626500,626500,2230,2230,112,112,542,542,1450,1450,56,56,0,0,2186,2186,1129,1129,3841,3841,364,364,17031062100,0.26349496797804206,0.038620689655172416,0.09476698776360323,0.5164684354986276,0.2932735426008969,46.39551569506727,0.01994636716408493,0.2159974398844666,1.0,True,0.7120277882533687,0.2997645750817848
Census Tract 622; Cook County; Illinois,3119,197159,1427,1427,798,678600,1427,138,413,1444,55,10,1427,287,3119,153,17,031,062200,3119,3119,197159,197159,1427,1427,1427,1427,798,798,678600,678600,1427,1427,138,138,413,413,1444,1444,55,55,10,10,1427,1427,287,287,3119,3119,153,153,17031062200,0.5592151366503153,0.045013850415512466,0.04905418403334402,0.20112123335669235,0.38612473721093205,138.1632796075683,0.009053241113701526,0.1701979395274536,1.0,True,0.8310992138641821,0.21185731109211317
Census Tract 623; Cook County; Illinois,1596,250001,703,610,350,1145500,703,93,210,514,42,6,610,79,1596,68,17,031,062300,1596,1596,250001,250001,703,703,610,610,350,350,1145500,1145500,703,703,93,93,210,210,514,514,42,42,6,6,610,610,79,79,1596,1596,68,68,17031062300,0.5737704918032787,0.0933852140077821,0.042606516290726815,0.12950819672131147,0.4310099573257468,355.62019914651495,0.012094150666581616,0.18370916213884292,1.0,True,0.8388619973641545,0.22378357517596562
Census Tract 624; Cook County; Illinois,1803,152361,823,781,408,789200,823,16,190,628,37,0,781,214,1803,193,17,031,062400,1803,1803,152361,152361,823,823,781,781,408,408,789200,789200,823,823,16,16,190,190,628,628,37,37,0,0,781,781,214,214,1803,1803,193,193,17031062400,0.5224071702944942,0.0589171974522293,0.10704381586245147,0.2740076824583867,0.2503037667071689,185.1287970838396,0.016143764730828517,0.11954328422762357,1.0,True,0.792863832009902,0.22407619670354412
Census Tract 625; Cook County; Illinois,1435,203333,777,710,472,566700,777,15,380,677,32,0,710,179,1435,155,17,031,062500,1435,1435,203333,203333,777,777,710,710,472,472,566700,566700,777,777,15,15,380,380,677,677,32,32,0,0,710,710,179,179,1435,1435,155,155,17031062500,0.6647887323943662,0.047267355982274745,0.10801393728222997,0.252112676056338,0.5083655083655083,261.6898326898327,0.011916699606798843,0.17040984646618448,1.0,True,0.8399158117579152,0.2832897882619396
Census Tract 626; Cook County; Illinois,2317,210536,967,889,608,829400,967,18,340,894,35,11,889,93,2317,56,17,031,062600,2317,2317,210536,210536,967,967,889,889,608,608,829400,829400,967,967,18,18,340,340,894,894,35,35,11,11,889,889,93,93,2317,2317,56,56,17031062600,0.6839145106861643,0.05145413870246085,0.02416918429003021,0.1046119235095613,0.3702171664943123,217.72078593588418,0.005382716422192193,0.1170202742237365,1.0,True,0.8838055239078898,0.17123790584658766
Census Tract 627; Cook County; Illinois,3152,146979,1506,1497,697,670900,1506,68,701,1361,77,31,1497,372,3137,356,17,031,062700,3152,3152,146979,146979,1506,1506,1497,1497,697,697,670900,670900,1506,1506,68,68,701,701,1361,1361,77,77,31,31,1497,1497,372,372,3137,3137,356,356,17031062700,0.46559786239144957,0.07935341660543718,0.11348422059292318,0.24849699398797595,0.5106241699867198,97.59561752988049,0.019719085489126674,0.2728786479554948,1.0,True,0.7710433680577052,0.3009594494880663
Census Tract 628; Cook County; Illinois,3925,190139,1714,1623,735,741400,1714,164,573,1563,51,18,1623,259,3906,118,17,031,062800,3925,3925,190139,190139,1714,1714,1623,1623,735,735,741400,741400,1714,1714,164,164,573,573,1563,1563,51,51,18,18,1623,1623,259,259,3906,3906,118,118,17031062800,0.45286506469500926,0.044145873320537425,0.030209933435739886,0.15958102279728897,0.42998833138856474,110.93290548424737,0.007044843616770914,0.23526163787618332,1.0,True,0.804076309000659,0.2039148513130702
Census Tract 629; Cook County; Illinois,4232,169906,2036,2036,981,697600,2036,92,792,1890,123,17,2036,505,4232,182,17,031,062900,4232,4232,169906,169906,2036,2036,2036,2036,981,981,697600,697600,2036,2036,92,92,792,792,1890,1890,123,123,17,17,2036,2036,505,505,4232,4232,182,182,17031062900,0.4818271119842829,0.07407407407407407,0.04300567107750473,0.2480353634577603,0.43418467583497056,83.450884086444,0.018372989885760024,0.2249827274095746,1.0,True,0.8079955958925972,0.25317349384690324
Census Tract 630; Cook County; Illinois,3062,102040,2071,1800,512,604500,2071,116,711,1553,115,12,1800,736,3051,228,17,031,063000,3062,3062,102040,102040,2071,2071,1800,1800,512,512,604500,604500,2071,2071,116,116,711,711,1553,1553,115,115,12,12,1800,1800,736,736,3051,3051,228,228,17031063000,0.28444444444444444,0.08177720540888603,0.07472959685349066,0.4088888888888889,0.3993239980685659,49.27088363109609,0.03343779065607785,0.28573850528461825,1.0,True,0.72797465676766,0.3099111492422051
Census Tract 631; Cook County; Illinois,2336,94948,1477,1395,346,577900,1477,40,480,1178,52,0,1395,881,2336,164,17,031,063100,2336,2336,94948,94948,1477,1477,1395,1395,346,346,577900,577900,1477,1477,40,40,480,480,1178,1178,52,52,0,0,1395,1395,881,881,2336,2336,164,164,17031063100,0.24802867383512545,0.044142614601018676,0.0702054794520548,0.6315412186379928,0.35206499661475965,64.28436018957346,0.027877880618994592,0.2647427824006329,1.0,True,0.7178565424174033,0.34782975321186793
Census Tract 632; Cook County; Illinois,6806,79782,5036,4821,1692,352200,5036,494,802,3177,202,32,4821,2519,6722,175,17,031,063200,6806,6806,79782,79782,5036,5036,4821,4821,1692,1692,352200,352200,5036,5036,494,494,802,802,3177,3177,202,202,32,32,4821,4821,2519,2519,6722,6722,175,175,17031063200,0.3509645301804605,0.07365439093484419,0.026033918476643856,0.5225057042107446,0.25734710087370927,15.842335186656076,0.038484839403624245,0.16702739652226434,1.0,True,0.771922591193,0.28651519681540805
Census Tract 633.01; Cook County; Illinois,2898,66901,2137,2045,243,276000,2137,251,841,1315,199,0,2045,1269,2898,623,17,031,063301,2898,2898,66901,66901,2137,2137,2045,2045,243,243,276000,276000,2137,2137,251,251,841,841,1315,1315,199,199,0,0,2045,2045,1269,1269,2898,2898,623,623,17031063301,0.11882640586797066,0.15133079847908745,0.21497584541062803,0.6205378973105135,0.5109967243799719,31.306036499766027,0.09390649548653397,0.4502768202115938,1.0,True,0.6100070670250669,0.4918234944196136
Census Tract 633.02; Cook County; Illinois,4358,98219,3232,2950,828,491400,3232,125,1035,1994,354,51,2950,1694,4358,230,17,031,063302,4358,4358,98219,98219,3232,3232,2950,2950,828,828,491400,491400,3232,3232,125,125,1035,1035,1994,1994,354,354,51,51,2950,2950,1694,1694,4358,4358,230,230,17031063302,0.28067796610169493,0.20310932798395184,0.05277650298301973,0.5742372881355933,0.3589108910891089,30.38954207920792,0.11663294969654728,0.25817251216647086,1.0,True,0.7365387306606563,0.4065167037131516
Census Tract 633.03; Cook County; Illinois,1315,107639,1054,938,511,317900,1054,123,44,415,59,18,938,427,1295,126,17,031,063303,1315,1315,107639,107639,1054,1054,938,938,511,511,317900,317900,1054,1054,123,123,44,44,415,415,59,59,18,18,938,938,427,427,1295,1295,126,126,17031063303,0.5447761194029851,0.1855421686746988,0.0972972972972973,0.4552238805970149,0.15844402277039848,102.12428842504744,0.08446322603848229,0.07212750290294259,1.0,True,0.8046582382212523,0.31826288614825404
Census Tract 634; Cook County; Illinois,2244,86979,1449,1378,330,640600,1449,94,543,1025,100,0,1378,636,2244,196,17,031,063400,2244,2244,86979,86979,1449,1449,1378,1378,330,330,640600,640600,1449,1449,94,94,543,543,1025,1025,100,100,0,0,1378,1378,636,636,2244,2244,196,196,17031063400,0.23947750362844702,0.0975609756097561,0.0873440285204991,0.46153846153846156,0.4396135265700483,60.02691511387164,0.045028142589118206,0.3343359766657552,1.0,True,0.7073346461589036,0.3504004511662163
Census Tract 701.01; Cook County; Illinois,4003,83614,2976,2645,1004,490100,2976,95,964,1522,88,37,2645,1353,4003,485,17,031,070101,4003,4003,83614,83614,2976,2976,2645,2645,1004,1004,490100,490100,2976,2976,95,95,964,964,1522,1522,88,88,37,37,2645,2645,1353,1353,4003,4003,485,485,17031070101,0.3795841209829868,0.0821287779237845,0.12115913065201099,0.511531190926276,0.3558467741935484,28.096102150537636,0.04201143158067312,0.22077298920665894,1.0,True,0.7389068136131539,0.3466588466468329
Census Tract 701.02; Cook County; Illinois,2960,110577,2159,1856,688,744300,2159,369,455,1753,139,18,1856,699,2880,126,17,031,070102,2960,2960,110577,110577,2159,2159,1856,1856,688,688,744300,744300,2159,2159,369,369,455,455,1753,1753,139,139,18,18,1856,1856,699,699,2880,2880,126,126,17031070102,0.3706896551724138,0.08956075299486595,0.04375,0.3766163793103448,0.38165817508105604,51.216767021769336,0.033730046521234534,0.24018143776652665,1.0,True,0.7705871222666296,0.2881583874978006
Census Tract 701.03; Cook County; Illinois,1489,73581,1263,1160,82,-666666666,1263,134,310,793,32,11,1160,729,1489,138,17,031,070103,1489,1489,73581,73581,1263,1263,1160,1160,82,82,-666666666,-666666666,1263,1263,134,134,310,310,793,793,32,32,11,11,1160,1160,729,729,1489,1489,138,138,17031070103,0.0706896551724138,0.05422446406052964,0.09267965077233042,0.628448275862069,0.3515439429928741,58.25890736342043,0.03407727094838457,0.32669342288475717,1.0,True,0.648678258209106,0.3593720508980148
Census Tract 702; Cook County; Illinois,4035,109000,2298,2132,629,704300,2298,211,725,1910,163,0,2132,749,3900,452,17,031,070200,4035,4035,109000,109000,2298,2298,2132,2132,629,629,704300,704300,2298,2298,211,211,725,725,1910,1910,163,163,0,0,2132,2132,749,749,3900,3900,452,452,17031070200,0.2950281425891182,0.08534031413612565,0.1158974358974359,0.351313320825516,0.4073107049608355,47.4325500435161,0.029981189159455027,0.2871425842195759,1.0,True,0.7130881770078142,0.30919965411233763
Census Tract 703; Cook County; Illinois,3711,156898,1958,1683,650,633900,1958,214,562,1862,35,161,1683,563,3566,419,17,031,070300,3711,3711,156898,156898,1958,1958,1683,1683,650,650,633900,633900,1958,1958,214,214,562,562,1862,1862,35,35,161,161,1683,1683,563,563,3566,3566,419,419,17031070300,0.38621509209744503,0.10526315789473684,0.11749859786876052,0.3345216874628639,0.39632277834525026,80.1317671092952,0.035212809206617256,0.24325694000632417,1.0,True,0.7427914316336932,0.31142561283373993
Census Tract 704; Cook County; Illinois,3433,192955,1668,1558,716,809500,1668,149,363,1207,51,19,1558,504,3433,525,17,031,070400,3433,3433,192955,192955,1668,1668,1558,1558,716,716,809500,809500,1668,1668,149,149,363,363,1207,1207,51,51,19,19,1558,1558,504,504,3433,3433,525,525,17031070400,0.4595635430038511,0.0579950289975145,0.1529274686862802,0.32349165596919127,0.3069544364508393,115.68045563549161,0.018760907968387232,0.1658893680947411,1.0,True,0.7514086052667924,0.27074202406906345
Census Tract 705; Cook County; Illinois,3238,207076,1475,1395,779,840600,1475,108,541,1275,123,10,1395,288,3026,147,17,031,070500,3238,3238,207076,207076,1475,1475,1395,1395,779,779,840600,840600,1475,1475,108,108,541,541,1275,1275,123,123,10,10,1395,1395,288,288,3026,3026,147,147,17031070500,0.5584229390681004,0.10431372549019607,0.04857898215465962,0.2064516129032258,0.44,140.39050847457628,0.02153573687539532,0.19429390681003583,1.0,True,0.8310527026544262,0.25868195963678453
Census Tract 706; Cook County; Illinois,3477,249531,1442,1377,883,838100,1442,223,290,1332,126,19,1377,98,3477,218,17,031,070600,3477,3477,249531,249531,1442,1442,1377,1377,883,883,838100,838100,1442,1442,223,223,290,290,1332,1332,126,126,19,19,1377,1377,98,98,3477,3477,218,218,17031070600,0.6412490922294843,0.10885885885885886,0.0626977279263733,0.07116920842411038,0.35575589459084606,173.04507628294036,0.007747398814936942,0.1276277501291779,1.0,True,0.8523661302707571,0.19864091736585815
Census Tract 707; Cook County; Illinois,3787,143955,2315,1880,995,631400,2315,57,830,1512,185,72,1880,338,3787,336,17,031,070700,3787,3787,143955,143955,2315,2315,1880,1880,995,995,631400,631400,2315,2315,57,57,830,830,1512,1512,185,185,72,72,1880,1880,338,338,3787,3787,336,336,17031070700,0.5292553191489362,0.16997354497354497,0.08872458410351201,0.1797872340425532,0.3831533477321814,62.183585313174945,0.03055907351120117,0.1803674003952024,1.0,True,0.803338089324867,0.28121737060537455
Census Tract 710; Cook County; Illinois,4159,179438,1076,1069,591,1010200,1076,30,656,1166,98,5,1069,291,2373,180,17,031,071000,4159,4159,179438,179438,1076,1076,1069,1069,591,591,1010200,1010200,1076,1076,30,30,656,656,1166,1166,98,98,5,5,1069,1069,291,291,2373,2373,180,180,17031071000,0.5528531337698784,0.08833619210977701,0.07585335018963338,0.2722170252572498,0.637546468401487,166.76394052044608,0.02404661543867644,0.28507690542180614,1.0,True,0.8169801544153564,0.33592478141168686
Census Tract 711; Cook County; Illinois,2979,204609,1268,1046,434,1556900,1268,32,842,1335,38,0,1046,410,2525,308,17,031,071100,2979,2979,204609,204609,1268,1268,1046,1046,434,434,1556900,1556900,1268,1268,32,32,842,842,1335,1335,38,38,0,0,1046,1046,410,410,2525,2525,308,308,17031071100,0.4149139579349904,0.02846441947565543,0.12198019801980198,0.3919694072657744,0.6892744479495269,161.36356466876973,0.011157181630037023,0.40328485864733316,1.0,True,0.7503765678438561,0.37388474431369634
Census Tract 712; Cook County; Illinois,2775,131383,1541,1402,413,952300,1541,110,360,1141,88,42,1402,464,2775,314,17,031,071200,2775,2775,131383,131383,1541,1541,1402,1402,413,413,952300,952300,1541,1541,110,110,360,360,1141,1141,88,88,42,42,1402,1402,464,464,2775,2775,314,314,17031071200,0.29457917261055633,0.11393514460999124,0.11315315315315315,0.3309557774607703,0.30499675535366644,85.25827384815055,0.03770749436450495,0.21515106351267912,1.0,True,0.7141774575331062,0.287799778553042
Census Tract 713; Cook County; Illinois,4123,129486,2279,2193,1289,494100,2279,244,1101,1707,23,18,2193,594,4123,415,17,031,071300,4123,4123,129486,129486,2279,2279,2193,2193,1289,1289,494100,494100,2279,2279,244,244,1101,1101,1707,1707,23,23,18,18,2193,2193,594,594,4123,4123,415,415,17031071300,0.5877792977656179,0.02401874633860574,0.10065486296386127,0.2708618331053352,0.5901711276875823,56.81702501096972,0.006505761662166809,0.24328075669383237,1.0,True,0.8175014271896498,0.2977952630332482
Census Tract 714; Cook County; Illinois,4448,113581,3237,2830,1348,491700,3237,323,1663,1819,120,45,2830,1022,4448,740,17,031,071400,4448,4448,113581,113581,3237,3237,2830,2830,1348,1348,491700,491700,3237,3237,323,323,1663,1663,1819,1819,120,120,45,45,2830,2830,1022,1022,4448,4448,740,740,17031071400,0.4763250883392226,0.09070918086860913,0.16636690647482014,0.36113074204947,0.6135310472659871,35.088353413654616,0.032757873797780404,0.32129081697816003,1.0,True,0.750943517216304,0.38949016444947754
Census Tract 715; Cook County; Illinois,5482,119024,4262,3729,1257,401600,4262,724,1105,2847,139,17,3729,1353,5482,57,17,031,071500,5482,5482,119024,119024,4262,4262,3729,3729,1257,1257,401600,401600,4262,4262,724,724,1105,1105,2847,2847,139,139,17,17,3729,3729,1353,1353,5482,5482,57,57,17031071500,0.337087691069992,0.0547945205479452,0.010397665085735133,0.36283185840707965,0.4291412482402628,27.926794931956827,0.01988119772093587,0.28448301572805834,1.0,True,0.7743120110103986,0.26801174782630527
Census Tract 716; Cook County; Illinois,1783,204375,764,706,461,1140400,764,116,260,631,9,0,706,78,1783,58,17,031,071600,1783,1783,204375,204375,764,764,706,706,461,461,1140400,1140400,764,764,116,116,260,260,631,631,9,9,0,0,706,706,78,78,1783,1783,58,58,17031071600,0.6529745042492918,0.014263074484944533,0.03252944475602917,0.11048158640226628,0.49214659685863876,267.5065445026178,0.0015758070960703592,0.17078741675689305,1.0,True,0.8697488571705922,0.1909285565439572
Census Tract 717; Cook County; Illinois,1656,202500,758,696,395,948100,758,179,301,564,61,0,696,100,1655,133,17,031,071700,1656,1656,202500,202500,758,758,696,696,395,395,948100,948100,758,758,179,179,301,301,564,564,61,61,0,0,696,696,100,100,1655,1655,133,133,17031071700,0.5675287356321839,0.10815602836879433,0.08036253776435046,0.14367816091954022,0.633245382585752,267.1503957783641,0.015539659248389988,0.27386043126194165,1.0,True,0.8198662072314699,0.3048988260021836
Census Tract 718; Cook County; Illinois,2860,241228,1209,1175,675,903900,1209,293,189,1334,105,0,1175,199,2860,95,17,031,071800,2860,2860,241228,241228,1209,1209,1175,1175,675,675,903900,903900,1209,1209,293,293,189,189,1334,1334,105,105,0,0,1175,1175,199,199,2860,2860,95,95,17031071800,0.574468085106383,0.07871064467766117,0.033216783216783216,0.16936170212765958,0.3986765922249793,199.5268817204301,0.013330568758174106,0.16964961371275714,1.0,True,0.8432909657293628,0.21699055529870664
Census Tract 801; Cook County; Illinois,6387,105000,5024,4496,2396,575900,5024,232,833,2377,57,67,4496,1997,6387,695,17,031,080100,6387,6387,105000,105000,5024,5024,4496,4496,2396,2396,575900,575900,5024,5024,232,232,833,833,2377,2377,57,57,67,67,4496,4496,1997,1997,6387,6387,695,695,17031080100,0.5329181494661922,0.052166596550273454,0.10881478002191952,0.4441725978647687,0.2119824840764331,20.89968152866242,0.02317097271149824,0.09901317094317381,1.0,True,0.7955515179913283,0.26542768364095415
Census Tract 802.01; Cook County; Illinois,3446,120409,2675,2396,1538,256300,2675,268,199,1316,49,0,2396,968,3446,117,17,031,080201,3446,3446,120409,120409,2675,2675,2396,2396,1538,1538,256300,256300,2675,2675,268,268,199,199,1316,1316,49,49,0,0,2396,2396,968,968,3446,3446,117,117,17031080201,0.6419031719532554,0.03723404255319149,0.033952408589669185,0.4040066777963272,0.17457943925233646,45.01271028037383,0.01504280183284197,0.06251634343844102,1.0,True,0.8653798336822386,0.20931617711462033
Census Tract 802.02; Cook County; Illinois,3987,106071,3072,2958,1177,360800,3072,235,697,2256,31,68,2958,1748,3987,390,17,031,080202,3987,3987,106071,106071,3072,3072,2958,2958,1177,1177,360800,360800,3072,3072,235,235,697,697,2256,2256,31,31,68,68,2958,2958,1748,1748,3987,3987,390,390,17031080202,0.39790398918187964,0.043882978723404256,0.09781790820165538,0.5909398242055443,0.3033854166666667,34.5283203125,0.02593219973242415,0.1826671491153933,1.0,True,0.7554671644655627,0.33030695600034954
Census Tract 803; Cook County; Illinois,6101,151830,3715,3479,1359,557200,3715,618,408,2821,267,59,3479,1316,6101,517,17,031,080300,6101,6101,151830,151830,3715,3715,3479,3479,1359,1359,557200,557200,3715,3715,618,618,408,408,2821,2821,267,267,59,59,3479,3479,1316,1316,6101,6101,517,517,17031080300,0.39062949123311297,0.11556185749734137,0.08474020652352074,0.3782696177062374,0.2761776581426649,40.869448183041726,0.043713539656942,0.16829452005244308,1.0,True,0.7589159652747531,0.2863259525169759
Census Tract 804; Cook County; Illinois,5415,68270,2237,2211,904,700400,2237,24,399,2107,249,216,2211,830,5383,1508,17,031,080400,5415,5415,68270,68270,2237,2237,2211,2211,904,904,700400,700400,2237,2237,24,24,399,399,2107,2107,249,249,216,216,2211,2211,830,830,5383,5383,1508,1508,17031080400,0.4088647670737223,0.22069292833412435,0.28014118521270664,0.3753957485300769,0.1890925346446133,30.51855163164953,0.08284718702728323,0.11177925951176372,1.0,True,0.677533234519965,0.38034280114204966
Census Tract 810; Cook County; Illinois,8264,79465,6263,5561,698,741300,6263,866,1216,4363,226,45,5561,3660,6962,998,17,031,081000,8264,8264,79465,79465,6263,6263,5561,5561,698,698,741300,741300,6263,6263,866,866,1216,1216,4363,4363,226,226,45,45,5561,5561,3660,3660,6962,6962,998,998,17031081000,0.12551699334652042,0.06211322484528994,0.14334961218040793,0.6581550080920697,0.3324285486188727,12.688008941401884,0.04088013000067634,0.2907031166936842,1.0,True,0.6442880173015308,0.384653737079505
Census Tract 811; Cook County; Illinois,3984,79561,3052,2902,512,398000,3052,959,611,2066,39,84,2902,1618,3984,658,17,031,081100,3984,3984,79561,79561,3052,3052,2902,2902,512,512,398000,398000,3052,3052,959,959,611,611,2066,2066,39,39,84,84,2902,2902,1618,1618,3984,3984,658,658,17031081100,0.17643004824259131,0.05953533397870281,0.16516064257028112,0.5575465196416265,0.5144167758846658,26.06847968545216,0.03319371825552762,0.42365819929853593,1.0,True,0.6515011641401123,0.40891097098235707
Census Tract 812.01; Cook County; Illinois,4442,122659,3866,2933,1338,697600,3866,646,291,1825,36,38,2933,1644,4332,302,17,031,081201,4442,4442,122659,122659,3866,3866,2933,2933,1338,1338,697600,697600,3866,3866,646,646,291,291,1825,1825,36,36,38,38,2933,2933,1644,1644,4332,4332,302,302,17031081201,0.45618820320490966,0.040547945205479455,0.06971375807940905,0.5605182407091714,0.24236937403000516,31.727625452664252,0.02272786291094723,0.13180332477935844,1.0,True,0.7874768910906371,0.2923661157516094
Census Tract 812.02; Cook County; Illinois,3501,154569,2511,2113,1431,801100,2511,163,1210,1384,33,20,2113,539,3501,203,17,031,081202,3501,3501,154569,154569,2511,2511,2113,2113,1431,1431,801100,801100,2511,2511,163,163,1210,1210,1384,1384,33,33,20,20,2113,2113,539,539,3501,3501,203,203,17031081202,0.6772361571225746,0.03829479768786127,0.057983433304770064,0.25508755324183624,0.5467941059338909,61.556750298685785,0.00976852624408766,0.17648536689394867,1.0,True,0.8664234582532737,0.2735898063411934
Census Tract 813; Cook County; Illinois,5704,108625,4273,3838,1978,481800,4273,84,730,2455,221,25,3838,1850,5704,434,17,031,081300,5704,5704,108625,108625,4273,4273,3838,3838,1978,1978,481800,481800,4273,4273,84,84,730,730,2455,2455,221,221,25,25,3838,3838,1850,1850,5704,5704,434,434,17031081300,0.515372589890568,0.10020366598778004,0.07608695652173914,0.4820218863991662,0.19049847882050083,25.42124970746548,0.048300360103541704,0.09232078442056581,1.0,True,0.804346734682357,0.2851767764282099
Census Tract 814.01; Cook County; Illinois,2503,83292,1808,1609,619,456100,1808,621,379,962,39,0,1609,848,2457,271,17,031,081401,2503,2503,83292,83292,1808,1808,1609,1609,619,619,456100,456100,1808,1808,621,621,379,379,962,962,39,39,0,0,1609,1609,848,848,2457,2457,271,271,17031081401,0.38471100062150404,0.04054054054054054,0.1102971102971103,0.5270354257302673,0.5530973451327433,46.06858407079646,0.021366301043118947,0.3403147120456283,1.0,True,0.7454751133517892,0.381746887602061
Census Tract 814.02; Cook County; Illinois,6687,170333,4581,3950,1198,636300,4581,486,188,3379,83,30,3950,1478,6687,140,17,031,081402,6687,6687,170333,170333,4581,4581,3950,3950,1198,1198,636300,636300,4581,4581,486,486,188,188,3379,3379,83,83,30,30,3950,3950,1478,1478,6687,6687,140,140,17031081402,0.3032911392405063,0.03344184670020716,0.020936144758486618,0.3741772151898734,0.14712944771883868,37.18249290547915,0.012513177069090173,0.10250638990436559,1.0,True,0.758357384941927,0.18574673184620494
Census Tract 814.03; Cook County; Illinois,10291,110327,7573,7077,1444,854700,7573,1123,126,4741,103,0,7077,4044,10291,884,17,031,081403,10291,10291,110327,110327,7573,7573,7077,7077,1444,1444,854700,854700,7573,7573,1123,1123,126,126,4741,4741,103,103,0,0,7077,7077,4044,4044,10291,10291,884,884,17031081403,0.2040412604210824,0.021725374393587852,0.08590030123408804,0.5714285714285714,0.16492803380430476,14.568466921959594,0.012414499653478772,0.13127590990810353,1.0,True,0.6961801360904185,0.27013790006641175
Census Tract 815; Cook County; Illinois,5237,134320,4479,3608,1883,674300,4479,725,0,2999,166,154,3608,1381,5206,569,17,031,081500,5237,5237,134320,134320,4479,4479,3608,3608,1883,1883,674300,674300,4479,4479,725,725,0,0,2999,2999,166,166,154,154,3608,3608,1381,1381,5206,5206,569,569,17031081500,0.5218957871396895,0.10670223407802601,0.10929696504033808,0.38276053215077604,0.1618664880553695,29.988836793927216,0.0408414038973819,0.07738904986017528,1.0,True,0.7916763295613715,0.25964781320507896
Census Tract 816; Cook County; Illinois,4553,145500,3636,2976,787,416700,3636,263,13,2217,29,0,2976,1831,4553,175,17,031,081600,4553,4553,145500,145500,3636,3636,2976,2976,787,787,416700,416700,3636,3636,263,263,13,13,2217,2217,29,29,0,0,2976,2976,1831,1831,4553,4553,175,175,17031081600,0.2644489247311828,0.013080739738385205,0.038436195914781465,0.615255376344086,0.07590759075907591,40.01650165016502,0.00804799545059923,0.05583391000390362,1.0,True,0.737568314604164,0.2391350479792702
Census Tract 817; Cook County; Illinois,5161,142821,4251,3867,901,477600,4251,696,132,2812,46,162,3867,2488,5161,391,17,031,081700,5161,5161,142821,142821,4251,4251,3867,3867,901,901,477600,477600,4251,4251,696,696,132,132,2812,2812,46,46,162,162,3867,3867,2488,2488,5161,5161,391,391,17031081700,0.2329971554176364,0.07396870554765292,0.0757605115287735,0.643392810964572,0.19477769936485534,33.597035991531406,0.04759093338571514,0.14939504947405247,1.0,True,0.7103847279163137,0.32491517700844963
Census Tract 818; Cook County; Illinois,13521,147354,8687,8462,3867,539800,8687,68,1941,6812,440,53,8462,2886,13521,1076,17,031,081800,13521,13521,147354,147354,8687,8687,8462,8462,3867,3867,539800,539800,8687,8687,68,68,1941,1941,6812,6812,440,440,53,53,8462,8462,2886,2886,13521,13521,1076,1076,17031081800,0.4569841645001182,0.07237228420434527,0.0795799127283485,0.3410541243204916,0.23126510878323933,16.962587774835963,0.024682866014386722,0.12558061626790173,1.0,True,0.7833405885908494,0.2380442915098635
Census Tract 819; Cook County; Illinois,1326,225694,936,741,308,486900,936,0,38,777,54,0,741,161,1298,117,17,031,081900,1326,1326,225694,225694,936,936,741,741,308,308,486900,486900,936,936,0,0,38,38,777,777,54,54,0,0,741,741,161,161,1298,1298,117,117,17031081900,0.4156545209176788,0.0694980694980695,0.0901386748844376,0.21727395411605938,0.0405982905982906,241.1260683760684,0.015100120363278258,0.02372342756958142,1.0,True,0.7648793683006333,0.1470844756791081
Census Tract 901; Cook County; Illinois,3567,140194,1490,1439,1274,445600,1490,11,74,1638,162,12,1439,32,3567,411,17,031,090100,3567,3567,140194,140194,1490,1490,1439,1439,1274,1274,445600,445600,1490,1490,11,11,74,74,1638,1638,162,162,12,12,1439,1439,32,32,3567,3567,411,411,17031090100,0.8853370396108409,0.10622710622710622,0.1152228763666947,0.022237665045170257,0.05704697986577181,94.08993288590604,0.0023622428069961076,0.0065411755926701514,1.0,True,0.910175188057913,0.11592518183628356
Census Tract 902; Cook County; Illinois,6618,127384,2902,2689,2081,461100,2902,112,1180,2862,294,96,2689,201,6618,395,17,031,090200,6618,6618,127384,127384,2902,2902,2689,2689,2081,2081,461100,461100,2902,2902,112,112,1180,1180,2862,2862,294,294,96,96,2689,2689,201,201,6618,6618,395,395,17031090200,0.7738936407586463,0.13626834381551362,0.05968570565125415,0.07474897731498699,0.44521019986216404,43.89524465885596,0.010185919340616675,0.10066485738794934,1.0,True,0.8978674616015696,0.23769058452293365
Census Tract 903; Cook County; Illinois,1373,116438,561,553,446,502400,561,0,227,536,16,0,553,29,1349,131,17,031,090300,1373,1373,116438,116438,561,561,553,553,446,446,502400,502400,561,561,0,0,227,227,536,536,16,16,0,0,553,553,29,29,1349,1349,131,131,17031090300,0.8065099457504521,0.029850746268656716,0.09710896960711639,0.05244122965641953,0.40463458110516937,207.55436720142603,0.0015654098404901352,0.07829276704928231,1.0,True,0.8919914997657828,0.1774529966616944
Census Tract 1001; Cook County; Illinois,5850,114536,2379,2207,1908,464000,2379,53,586,2849,147,64,2207,32,5850,548,17,031,100100,5850,5850,114536,114536,2379,2379,2207,2207,1908,1908,464000,464000,2379,2379,53,53,586,586,2849,2849,147,147,64,64,2207,2207,32,32,5850,5850,548,548,17031100100,0.864521975532397,0.07406107406107407,0.09367521367521367,0.014499320344358859,0.2686002522068096,48.14459857082808,0.0010738352378587995,0.0363894315404785,1.0,True,0.9128641019598419,0.14872412635084956
Census Tract 1002; Cook County; Illinois,7742,94167,2916,2850,1959,413900,2916,384,1133,3284,317,0,2850,139,7553,275,17,031,100200,7742,7742,94167,94167,2916,2916,2850,2850,1959,1959,413900,413900,2916,2916,384,384,1133,1133,3284,3284,317,317,0,0,2850,2850,139,139,7553,7553,275,275,17031100200,0.6873684210526316,0.09652862362971985,0.036409373758771346,0.048771929824561404,0.5202331961591221,32.29320987654321,0.004707887257730197,0.16264132553606236,1.0,True,0.8794225922167089,0.2221275327661427
Census Tract 1003; Cook County; Illinois,6495,95441,2953,2756,1849,436000,2953,180,795,2085,191,35,2756,554,6266,518,17,031,100300,6495,6495,95441,95441,2953,2953,2756,2756,1849,1849,436000,436000,2953,2953,180,180,795,795,2085,2085,191,191,35,35,2756,2756,554,554,6266,6266,518,518,17031100300,0.670899854862119,0.10839328537170263,0.08266836897542292,0.20101596516690856,0.33017270572299356,32.3200135455469,0.021788780876604956,0.10865988537400405,1.0,True,0.8532381441313385,0.2398521087362282
Census Tract 1004; Cook County; Illinois,3350,142123,1279,1279,1189,426700,1279,25,185,1445,184,0,1279,92,3350,72,17,031,100400,3350,3350,142123,142123,1279,1279,1279,1279,1189,1189,426700,426700,1279,1279,25,25,185,185,1445,1445,184,184,0,0,1279,1279,92,92,3350,3350,72,72,17031100400,0.9296325254104769,0.1273356401384083,0.021492537313432834,0.07193119624706802,0.1641907740422205,111.12040656763097,0.00915940492004188,0.011553690120250076,1.0,True,0.9668748258167857,0.141120067823909
Census Tract 1005; Cook County; Illinois,5952,128688,2399,2389,2225,360400,2399,0,225,2792,453,19,2389,56,5952,67,17,031,100500,5952,5952,128688,128688,2399,2399,2389,2389,2225,2225,360400,360400,2399,2399,0,0,225,225,2792,2792,453,453,19,19,2389,2389,56,56,5952,5952,67,67,17031100500,0.9313520301381331,0.16905444126074498,0.011256720430107527,0.023440770196735034,0.09378907878282618,53.64235097957482,0.003962766308330565,0.006438429853655715,1.0,True,0.972020626076953,0.12372028264950141
Census Tract 1006; Cook County; Illinois,4806,78689,1977,1885,1455,360800,1977,66,316,2075,224,36,1885,141,4806,383,17,031,100600,4806,4806,78689,78689,1977,1977,1885,1885,1455,1455,360800,360800,1977,1977,66,66,316,316,2075,2075,224,224,36,36,1885,1885,141,141,4806,4806,383,383,17031100600,0.7718832891246684,0.12530120481927712,0.07969205160216396,0.07480106100795755,0.19322205361659078,39.80222559433485,0.009372663066057333,0.04407717933959366,1.0,True,0.8882224746286465,0.16862354049969963
Census Tract 1007; Cook County; Illinois,5335,134767,1948,1886,1756,405600,1948,37,183,2209,288,73,1886,72,5335,351,17,031,100700,5335,5335,134767,134767,1948,1948,1886,1886,1756,1756,405600,405600,1948,1948,37,37,183,183,2209,2209,288,288,73,73,1886,1886,72,72,5335,5335,351,351,17031100700,0.9310710498409331,0.16342236306020824,0.06579194001874414,0.03817603393425239,0.11293634496919917,69.18223819301848,0.006238817677802224,0.007784583693529111,1.0,True,0.947531786097922,0.14923161493426942
Census Tract 1101; Cook County; Illinois,5401,97743,2514,2443,1641,428200,2514,112,1086,2774,222,88,2443,257,5353,389,17,031,110100,5401,5401,97743,97743,2514,2514,2443,2443,1641,1641,428200,428200,2514,2514,112,112,1086,1086,2774,2774,222,222,88,88,2443,2443,257,257,5353,5353,389,389,17031110100,0.6717151043798608,0.11175198269646719,0.0726695311040538,0.1051985264019648,0.47653142402545745,38.87947494033413,0.011756143902166217,0.1564380687959136,1.0,True,0.8579843707744975,0.2480839890200026
Census Tract 1102; Cook County; Illinois,2871,76563,1471,1376,669,415600,1471,50,496,1117,12,0,1376,281,2856,240,17,031,110200,2871,2871,76563,76563,1471,1471,1376,1376,669,669,415600,415600,1471,1471,50,50,496,496,1117,1117,12,12,0,0,1376,1376,281,281,2856,2856,240,240,17031110200,0.48619186046511625,0.010743061772605193,0.08403361344537816,0.20421511627906977,0.3711760707002039,52.04826648538409,0.002193895609085799,0.19071328632634024,1.0,True,0.7910485878318768,0.2029418193682903
Census Tract 1103; Cook County; Illinois,5183,119750,1976,1848,1656,398200,1976,33,523,2168,100,44,1848,86,5183,130,17,031,110300,5183,5183,119750,119750,1976,1976,1848,1848,1656,1656,398200,398200,1976,1976,33,33,523,523,2168,2168,100,100,44,44,1848,1848,86,86,5183,5183,130,130,17031110300,0.8961038961038961,0.06642066420664207,0.025081998842369283,0.046536796536796536,0.2813765182186235,60.60222672064777,0.0030910049360233865,0.029233923970766084,1.0,True,0.9540815638757348,0.13570143881154878
Census Tract 1104; Cook County; Illinois,4658,92315,2294,2164,1384,377400,2294,85,656,2131,253,62,2164,196,4646,134,17,031,110400,4658,4658,92315,92315,2294,2294,2164,2164,1384,1384,377400,377400,2294,2294,85,85,656,656,2131,2131,253,253,62,62,2164,2164,196,196,4646,4646,134,134,17031110400,0.6395563770794824,0.14781792585640544,0.028842014636246232,0.09057301293900184,0.32301656495204883,40.24193548387097,0.013388314911208624,0.11642926093465716,1.0,True,0.8668698386232876,0.2042955794119955
Census Tract 1105.01; Cook County; Illinois,5017,105568,1995,1962,1218,408900,1995,22,1025,2238,61,27,1962,104,4988,247,17,031,110501,5017,5017,105568,105568,1995,1995,1962,1962,1218,1218,408900,408900,1995,1995,22,22,1025,1025,2238,2238,61,61,27,27,1962,1962,104,104,4988,4988,247,247,17031110501,0.6207951070336392,0.03932082216264522,0.04951884522854852,0.053007135575942915,0.524812030075188,52.916290726817046,0.0020842841513328764,0.1990112896921202,1.0,True,0.8513722100554205,0.19997910334858143
Census Tract 1105.02; Cook County; Illinois,3519,71992,1649,1545,1066,345500,1649,132,467,1327,211,15,1545,283,3519,355,17,031,110502,3519,3519,71992,71992,1649,1649,1545,1545,1066,1066,345500,345500,1649,1649,132,132,467,467,1327,1327,211,211,15,15,1545,1545,283,283,3519,3519,355,355,17031110502,0.6899676375404531,0.17030896759608138,0.10088093208297812,0.1831715210355987,0.3632504548211037,43.657974530018194,0.031195752640576717,0.11261939667269169,1.0,True,0.8514343310447868,0.28101412697082684
Census Tract 1201; Cook County; Illinois,4284,163007,1610,1523,1485,581300,1610,12,284,1426,112,51,1523,12,4256,107,17,031,120100,4284,4284,163007,163007,1610,1610,1523,1523,1485,1485,581300,581300,1610,1610,12,12,284,284,1426,1426,112,112,51,51,1523,1523,12,12,4256,4256,107,107,17031120100,0.9750492449113591,0.11430575035063113,0.025140977443609023,0.007879185817465528,0.18385093167701863,101.24658385093167,0.0009006362470174481,0.004587219569091736,1.0,True,0.9803919144183997,0.12051674736629726
Census Tract 1202; Cook County; Illinois,4600,141458,1857,1805,1532,587100,1857,25,263,1771,124,130,1805,76,4600,186,17,031,120200,4600,4600,141458,141458,1857,1857,1805,1805,1532,1532,587100,587100,1857,1857,25,25,263,263,1771,1771,124,124,130,130,1805,1805,76,76,4600,4600,186,186,17031120200,0.8487534626038781,0.14342179559570864,0.04043478260869565,0.042105263157894736,0.15508885298869143,76.17555196553582,0.0060388124461351,0.023456652003275773,1.0,True,0.9314403367132847,0.14352898455891536
Census Tract 1203; Cook County; Illinois,7025,139338,2589,2589,2333,520100,2589,224,376,2514,297,72,2589,167,6998,358,17,031,120300,7025,7025,139338,139338,2589,2589,2589,2589,2333,2333,520100,520100,2589,2589,224,224,376,376,2514,2514,297,297,72,72,2589,2589,167,167,6998,6998,358,358,17031120300,0.9011201235998455,0.1467780429594272,0.05115747356387539,0.06450366937041328,0.23174971031286212,53.819235225955964,0.00946772235389121,0.022915382711507417,1.0,True,0.9440976638070876,0.1774195313331499
Census Tract 1204; Cook County; Illinois,3992,108145,1387,1334,1056,415700,1387,34,727,1963,82,26,1334,99,3992,307,17,031,120400,3992,3992,108145,108145,1387,1387,1334,1334,1056,1056,415700,415700,1387,1387,34,34,727,727,1963,1963,82,82,26,26,1334,1334,99,99,3992,3992,307,307,17031120400,0.7916041979010495,0.05501782985226694,0.07690380761523045,0.07421289355322339,0.5486661860129777,77.97043979812545,0.004083032350355642,0.11433972991874644,1.0,True,0.8960582508301957,0.2306610154651963
Census Tract 1301; Cook County; Illinois,5418,34565,2010,1874,936,475000,2010,40,189,1284,91,0,1874,464,5182,1058,17,031,130100,5418,5418,34565,34565,2010,2010,1874,1874,936,936,475000,475000,2010,2010,40,40,189,189,1284,1284,91,91,0,0,1874,1874,464,464,5182,5182,1058,1058,17031130100,0.4994663820704376,0.07087227414330217,0.20416827479737554,0.24759871931696906,0.11393034825870647,17.196517412935325,0.01754788431296276,0.057025969405905375,1.0,True,0.7417060379753432,0.21625603401033755
Census Tract 1302; Cook County; Illinois,1394,120625,775,705,613,352500,775,11,182,392,21,0,705,31,1394,212,17,031,130200,1394,1394,120625,120625,775,775,705,705,613,613,352500,352500,775,775,11,11,182,182,392,392,21,21,0,0,705,705,31,31,1394,1394,212,212,17031130200,0.8695035460992908,0.05357142857142857,0.15208034433285508,0.04397163120567376,0.24903225806451612,155.6451612903226,0.002355623100303951,0.03249782658430564,1.0,True,0.8883981119251216,0.16192031796977363
Census Tract 1303; Cook County; Illinois,4944,67833,2018,1898,804,431200,2018,0,691,2300,178,49,1898,184,4944,532,17,031,130300,4944,4944,67833,67833,2018,2018,1898,1898,804,804,431200,431200,2018,2018,0,0,691,691,2300,2300,178,178,49,49,1898,1898,184,184,4944,4944,532,532,17031130300,0.42360379346680715,0.09869565217391305,0.1076051779935275,0.09694415173867228,0.34241823587710607,33.613974231912785,0.009567966280295047,0.197368572207352,1.0,True,0.7596359801293167,0.21312019847930933
Census Tract 1401; Cook County; Illinois,3610,78686,1349,1269,340,331900,1349,54,542,1717,173,30,1269,188,3610,236,17,031,140100,3610,3610,78686,78686,1349,1349,1269,1269,340,340,331900,331900,1349,1349,54,54,542,542,1717,1717,173,173,30,30,1269,1269,188,188,3610,3610,236,236,17031140100,0.26792750197005516,0.11822947000582411,0.06537396121883657,0.14814814814814814,0.44180874722016306,58.32913269088213,0.017515477037899865,0.32343603322894526,1.0,True,0.7266429041035246,0.25311870845048323
Census Tract 1402; Cook County; Illinois,6048,75067,2136,1962,800,291200,2136,350,986,2237,251,41,1962,387,5036,763,17,031,140200,6048,6048,75067,75067,2136,2136,1962,1962,800,800,291200,291200,2136,2136,350,350,986,986,2237,2237,251,251,41,41,1962,1962,387,387,5036,5036,763,763,17031140200,0.4077471967380224,0.13053196244970944,0.15150913423351867,0.19724770642201836,0.6254681647940075,35.1437265917603,0.02574713020797021,0.3704352739503755,1.0,True,0.7347121089542287,0.355297209035078
Census Tract 1403.01; Cook County; Illinois,2715,75616,956,917,285,407600,956,0,585,1262,111,41,917,198,2694,647,17,031,140301,2715,2715,75616,75616,956,956,917,917,285,285,407600,407600,956,956,0,0,585,585,1262,1262,111,111,41,41,917,917,198,198,2694,2694,647,647,17031140301,0.3107960741548528,0.12044374009508717,0.24016332590942835,0.2159214830970556,0.6119246861924686,79.09623430962343,0.026006390991087522,0.42174089604540915,1.0,True,0.6627328210451121,0.3821460289297
Census Tract 1403.02; Cook County; Illinois,3407,97574,1475,1345,684,413100,1475,16,1024,1573,343,59,1345,214,3064,191,17,031,140302,3407,3407,97574,97574,1475,1475,1345,1345,684,684,413100,413100,1475,1475,16,16,1024,1024,1573,1573,343,343,59,59,1345,1345,214,214,3064,3064,191,191,17031140302,0.5085501858736059,0.2555626191989828,0.06233681462140992,0.1591078066914498,0.7050847457627119,66.15186440677967,0.04066200781307236,0.3465137672484406,1.0,True,0.8082186785268876,0.3990500421692205
Census Tract 1404; Cook County; Illinois,5850,110306,2207,2085,1614,430900,2207,66,1484,2082,200,40,2085,267,5850,708,17,031,140400,5850,5850,110306,110306,2207,2207,2085,2085,1614,1614,430900,430900,2207,2207,66,66,1484,1484,2082,2082,200,200,40,40,2085,2085,267,267,5850,5850,708,708,17031140400,0.7741007194244605,0.11527377521613832,0.12102564102564102,0.12805755395683452,0.7023108291798822,49.98006343452651,0.014761677689548646,0.15865151105214603,1.0,True,0.8704854086292494,0.3363777666912484
Census Tract 1405; Cook County; Illinois,3315,73889,1489,1428,642,403400,1489,16,1196,1646,81,87,1428,125,3288,189,17,031,140500,3315,3315,73889,73889,1489,1489,1428,1428,642,642,403400,403400,1489,1489,16,16,1196,1196,1646,1646,81,81,87,87,1428,1428,125,125,3288,3288,189,189,17031140500,0.4495798319327731,0.10206561360874848,0.05748175182481752,0.08753501400560224,0.8139691067830759,49.62323707186031,0.008934314916732184,0.4480250125570712,1.0,True,0.7907221362211437,0.3263556748469156
Census Tract 1406.01; Cook County; Illinois,2468,85375,947,864,376,415600,947,22,693,1169,112,28,864,113,2467,257,17,031,140601,2468,2468,85375,85375,947,947,864,864,376,376,415600,415600,947,947,22,22,693,693,1169,1169,112,112,28,28,864,864,113,113,2467,2467,257,257,17031140601,0.4351851851851852,0.11976047904191617,0.10417511147142278,0.13078703703703703,0.7550158394931362,90.1531151003168,0.015663118208028386,0.4264441315655677,1.0,True,0.7650397707392816,0.3485762476914159
Census Tract 1406.02; Cook County; Illinois,4211,62033,1885,1684,391,401200,1885,161,1038,2056,350,7,1684,290,4181,973,17,031,140602,4211,4211,62033,62033,1885,1885,1684,1684,391,391,401200,401200,1885,1885,161,161,1038,1038,2056,2056,350,350,7,7,1684,1684,290,290,4181,4181,973,973,17031140602,0.2321852731591449,0.17363813229571984,0.23271944510882564,0.17220902612826602,0.6360742705570291,32.90875331564987,0.02990205366137693,0.48838719229824146,1.0,True,0.6398527095080173,0.39941993289436223
Census Tract 1407.01; Cook County; Illinois,2870,97500,1208,1050,464,352400,1208,10,717,1790,205,10,1050,241,2870,436,17,031,140701,2870,2870,97500,97500,1208,1208,1050,1050,464,464,352400,352400,1208,1208,10,10,717,717,1790,1790,205,205,10,10,1050,1050,241,241,2870,2870,436,436,17031140701,0.4419047619047619,0.12011173184357542,0.15191637630662022,0.22952380952380952,0.6018211920529801,80.71192052980132,0.02756850226123969,0.33587354146956794,1.0,True,0.7459269824669491,0.35393835584090366
Census Tract 1407.02; Cook County; Illinois,5120,76392,2308,2189,805,411000,2308,118,1415,2881,265,95,2189,666,5120,321,17,031,140702,5120,5120,76392,76392,2308,2308,2189,2189,805,805,411000,411000,2308,2308,118,118,1415,1415,2881,2881,265,265,95,95,2189,2189,666,666,5120,5120,321,321,17031140702,0.3677478300593878,0.12495661228740021,0.0626953125,0.3042485153037917,0.66421143847487,33.098786828422874,0.03801786376583305,0.41994912327511197,1.0,True,0.7611135864567604,0.36795282964449333
Census Tract 1408; Cook County; Illinois,5924,108958,2935,2642,1223,504400,2935,146,1813,2610,322,58,2642,428,5924,543,17,031,140800,5924,5924,108958,108958,2935,2935,2642,2642,1223,1223,504400,504400,2935,2935,146,146,1813,1813,2610,2610,322,322,58,58,2642,2642,428,428,5924,5924,543,543,17031140800,0.46290688872066615,0.14559386973180077,0.09166103983794734,0.161998485995458,0.6674616695059625,37.1236797274276,0.023585986466771663,0.35848906473465586,1.0,True,0.7798907287889191,0.3432319711240979
Census Tract 1502; Cook County; Illinois,7406,105145,3331,2962,1681,417900,3331,14,2191,2903,292,178,2962,528,7406,692,17,031,150200,7406,7406,105145,105145,3331,3331,2962,2962,1681,1681,417900,417900,3331,3331,14,14,2191,2191,2903,2903,292,292,178,178,2962,2962,528,528,7406,7406,692,692,17031150200,0.5675219446320054,0.1619014812263176,0.09343775317310289,0.17825793382849425,0.6619633743620534,31.565595917141998,0.028860223527176126,0.28628463286893663,1.0,True,0.813965634095272,0.35586044585242166
Census Tract 1503; Cook County; Illinois,7180,89097,3387,3251,1864,338200,3387,310,1563,3487,382,17,3251,155,7114,524,17,031,150300,7180,7180,89097,89097,3387,3387,3251,3251,1864,1864,338200,338200,3387,3387,310,310,1563,1563,3487,3487,382,382,17,17,3251,3251,155,155,7114,7114,524,524,17031150300,0.5733620424484774,0.11442500716948667,0.0736575766095024,0.04767763764995386,0.5529967522881606,26.305580159433127,0.005455514029920158,0.2359294049288461,1.0,True,0.8247536590594516,0.252531499633068
Census Tract 1504.01; Cook County; Illinois,5310,86563,1944,1822,1098,374600,1944,71,860,2104,219,130,1822,167,5310,974,17,031,150401,5310,5310,86563,86563,1944,1944,1822,1822,1098,1098,374600,374600,1944,1944,71,71,860,860,2104,2104,219,219,130,130,1822,1822,167,167,5310,5310,974,974,17031150401,0.6026344676180022,0.16587452471482889,0.18342749529190208,0.09165751920965971,0.47890946502057613,44.52829218106996,0.015203647435442603,0.190302114530679,1.0,True,0.7854004947403815,0.30915757119495374
Census Tract 1504.02; Cook County; Illinois,3923,103939,1453,1331,835,400900,1453,39,795,1787,217,0,1331,107,3923,230,17,031,150402,3923,3923,103939,103939,1453,1453,1331,1331,835,835,400900,400900,1453,1453,39,39,795,795,1787,1787,217,217,0,0,1331,1331,107,107,3923,3923,230,230,17031150402,0.6273478587528174,0.12143256855064354,0.05862860056079531,0.08039068369646882,0.5739848589125947,71.53406744666208,0.009762047208804551,0.2138966867172404,1.0,True,0.8494800820482382,0.267460968706859
Census Tract 1505.01; Cook County; Illinois,3935,126471,1597,1572,1173,379300,1597,123,481,1762,60,66,1572,99,3935,240,17,031,150501,3935,3935,126471,126471,1597,1597,1572,1572,1173,1173,379300,379300,1597,1597,123,123,481,481,1762,1762,60,60,66,66,1572,1572,99,99,3935,3935,240,240,17031150501,0.7461832061068703,0.07150964812712826,0.060991105463786534,0.06297709923664122,0.37820914214151535,79.19286161552911,0.0045034702064794515,0.09599583187943041,1.0,True,0.8880461779290482,0.18262524113067408
Census Tract 1505.02; Cook County; Illinois,4460,79659,1677,1539,981,388600,1677,223,356,2085,181,116,1539,173,4460,411,17,031,150502,4460,4460,79659,79659,1677,1677,1539,1539,981,981,388600,388600,1677,1677,223,223,356,356,2085,2085,181,181,116,116,1539,1539,173,173,4460,4460,411,411,17031150502,0.6374269005847953,0.14244604316546763,0.092152466367713,0.11241065627030539,0.34525939177101966,47.50089445438282,0.016012453195338467,0.125181767776627,1.0,True,0.8378295653994637,0.23603697150203207
Census Tract 1506; Cook County; Illinois,4036,102399,1605,1447,1032,442300,1605,0,1112,1766,208,66,1447,139,4036,413,17,031,150600,4036,4036,102399,102399,1605,1605,1447,1447,1032,1032,442300,442300,1605,1605,0,0,1112,1112,1766,1766,208,208,66,66,1447,1447,139,139,4036,4036,413,413,17031150600,0.7131997235659986,0.1551528878822197,0.10232903865213082,0.09606081548030408,0.6928348909657321,63.8,0.014904112934090214,0.1987052382520932,1.0,True,0.8585456969203094,0.3374927911052858
Census Tract 1507; Cook County; Illinois,3915,132361,1511,1417,961,394400,1511,18,728,1644,287,23,1417,188,3840,250,17,031,150700,3915,3915,132361,132361,1511,1511,1417,1417,961,961,394400,394400,1511,1511,18,18,728,728,1644,1644,287,287,23,23,1417,1417,188,188,3840,3840,250,250,17031150700,0.6781933662667607,0.18856447688564476,0.06510416666666667,0.13267466478475654,0.4937127729980146,87.59827928524156,0.025017728761115892,0.15888004550959398,1.0,True,0.8635457215740786,0.29838431353282524
Census Tract 1508; Cook County; Illinois,4652,92443,1838,1740,1256,352700,1838,109,1296,1991,473,143,1740,135,4652,392,17,031,150800,4652,4652,92443,92443,1838,1838,1740,1740,1256,1256,352700,352700,1838,1838,109,109,1296,1296,1991,1991,473,473,143,143,1740,1740,135,135,4652,4652,392,392,17031150800,0.7218390804597701,0.30939226519337015,0.08426483233018056,0.07758620689655173,0.764417845484222,50.29542981501632,0.024004572299485615,0.21263117081285257,1.0,True,0.8695021544151933,0.4241119186076916
Census Tract 1510.01; Cook County; Illinois,2616,94435,926,869,530,377700,926,0,494,973,93,61,869,20,2587,357,17,031,151001,2616,2616,94435,94435,926,926,869,869,530,530,377700,377700,926,926,0,0,494,494,973,973,93,93,61,61,869,869,20,20,2587,2587,357,357,17031151001,0.6098964326812428,0.15827338129496402,0.13799768071124854,0.023014959723820484,0.5334773218142549,101.98164146868251,0.0036426554958564794,0.20811140632339747,1.0,True,0.8081496844091731,0.28310093019101445
Census Tract 1510.02; Cook County; Illinois,4473,75875,1759,1715,730,364700,1759,136,798,2205,128,178,1715,326,4473,801,17,031,151002,4473,4473,75875,75875,1759,1759,1715,1715,730,730,364700,364700,1759,1759,136,136,798,798,2205,2205,128,128,178,178,1715,1715,326,326,4473,4473,801,801,17031151002,0.42565597667638483,0.13877551020408163,0.1790744466800805,0.1900874635568513,0.5309835133598636,43.135304150085275,0.026379484738501813,0.30496720738161265,1.0,True,0.7283498094087109,0.3401209475751125
Census Tract 1511; Cook County; Illinois,5408,62717,1987,1920,889,408700,1987,13,1416,2351,191,138,1920,319,5371,931,17,031,151100,5408,5408,62717,62717,1987,1987,1920,1920,889,889,408700,408700,1987,1987,13,13,1416,1416,2351,2351,191,191,138,138,1920,1920,319,319,5371,5371,931,931,17031151100,0.4630208333333333,0.13994045087196938,0.17333829826847888,0.16614583333333333,0.7191746351283341,31.563663814796175,0.023250522827165745,0.38618179625901694,1.0,True,0.7433644496448105,0.38349749577885217
Census Tract 1512; Cook County; Illinois,3447,69776,1381,1291,1038,369000,1381,51,584,1496,247,40,1291,114,3416,299,17,031,151200,3447,3447,69776,69776,1381,1381,1291,1291,1038,1038,369000,369000,1381,1381,51,51,584,584,1496,1496,247,247,40,40,1291,1291,114,114,3416,3416,299,299,17031151200,0.8040278853601859,0.19184491978609625,0.08752927400468384,0.08830364058869093,0.45981173062997827,50.52570601013758,0.016940604845557684,0.09011027718774943,1.0,True,0.8954266324808137,0.2838286383194157
Census Tract 1601; Cook County; Illinois,2614,111250,1100,1014,658,380700,1100,39,636,1123,183,0,1014,63,2614,123,17,031,160100,2614,2614,111250,111250,1100,1100,1014,1014,658,658,380700,380700,1100,1100,39,39,636,636,1123,1123,183,183,0,0,1014,1014,63,63,2614,2614,123,123,17031160100,0.6489151873767258,0.16295636687444345,0.047054322876817135,0.0621301775147929,0.6136363636363636,101.13636363636364,0.01012450800107489,0.21543840774610007,1.0,True,0.8618509994892417,0.2899211900904091
Census Tract 1602; Cook County; Illinois,3363,132599,1394,1353,915,577900,1394,27,943,1381,304,20,1353,185,3335,288,17,031,160200,3363,3363,132599,132599,1394,1394,1353,1353,915,915,577900,577900,1394,1394,27,27,943,943,1381,1381,304,304,20,20,1353,1353,185,185,3335,3335,288,288,17031160200,0.6762749445676275,0.2346125995655322,0.0863568215892054,0.1367331855136733,0.6958393113342898,95.12123385939742,0.032079328100239064,0.22526061963371688,1.0,True,0.8533982557813372,0.3866291516557976
Census Tract 1603; Cook County; Illinois,3567,68887,2092,1895,915,256800,2092,44,708,1492,199,16,1895,375,3506,533,17,031,160300,3567,3567,68887,68887,2092,2092,1895,1895,915,915,256800,256800,2092,2092,44,44,708,708,1492,1492,199,199,16,16,1895,1895,375,375,3506,3506,533,533,17031160300,0.48284960422163586,0.14410187667560323,0.1520250998288648,0.19788918205804748,0.35946462715105165,32.92877629063098,0.028516202508364754,0.18589727419948843,1.0,True,0.7595123208709912,0.2884952520587487
Census Tract 1604; Cook County; Illinois,5419,81375,2251,2226,1092,622000,2251,95,1441,2569,161,61,2226,477,5419,987,17,031,160400,5419,5419,81375,81375,2251,2251,2226,2226,1092,1092,622000,622000,2251,2251,95,95,1441,1441,2569,2569,161,161,61,61,2226,2226,477,477,5419,5419,987,987,17031160400,0.49056603773584906,0.08641494745036979,0.18213692563203543,0.21428571428571427,0.6823633940470902,36.1505997334518,0.018517488739364953,0.3476190875334233,1.0,True,0.7486191394296237,0.3644096505028031
Census Tract 1605.01; Cook County; Illinois,3524,80179,1495,1399,526,400000,1495,38,963,1734,182,39,1399,155,3524,307,17,031,160501,3524,3524,80179,80179,1495,1495,1399,1399,526,526,400000,400000,1495,1495,38,38,963,963,1734,1734,182,182,39,39,1399,1399,155,155,3524,3524,307,307,17031160501,0.3759828448892066,0.12745098039215685,0.08711691259931896,0.11079342387419586,0.6695652173913044,53.6314381270903,0.01412073049377006,0.41782018211766164,1.0,True,0.7529346360227254,0.31652298005957846
Census Tract 1605.02; Cook County; Illinois,4227,114719,1644,1548,794,442200,1644,129,951,1661,78,8,1548,173,4133,378,17,031,160502,4227,4227,114719,114719,1644,1644,1548,1548,794,794,442200,442200,1644,1644,129,129,951,951,1661,1661,78,78,8,8,1548,1548,173,173,4133,4133,378,378,17031160502,0.5129198966408268,0.05177603853100542,0.09145898862811518,0.11175710594315245,0.656934306569343,69.78041362530413,0.005786340223426316,0.3199796299439824,1.0,True,0.7966550054519873,0.27616093941586506
Census Tract 1606.01; Cook County; Illinois,3049,75536,1661,1530,730,369000,1661,62,957,1412,62,0,1530,230,3049,131,17,031,160601,3049,3049,75536,75536,1661,1661,1530,1530,730,730,369000,369000,1661,1661,62,62,957,957,1412,1412,62,62,0,0,1530,1530,230,230,3049,3049,131,131,17031160601,0.477124183006536,0.043909348441926344,0.04296490652673007,0.1503267973856209,0.6134858518964479,45.47621914509332,0.00660075172656409,0.32077691602428643,1.0,True,0.8063990230206501,0.25620986389036327
Census Tract 1606.02; Cook County; Illinois,3418,99531,1651,1570,908,408600,1651,51,804,1483,214,91,1570,149,3418,448,17,031,160602,3418,3418,99531,99531,1651,1651,1570,1570,908,908,408600,408600,1651,1651,51,51,804,804,1483,1483,214,214,91,91,1570,1570,149,149,3418,3418,448,448,17031160602,0.578343949044586,0.20566419420094403,0.13107080163838503,0.09490445859872612,0.5178679588128408,60.28528164748637,0.019518449003783862,0.21836215842936343,1.0,True,0.8007337160383066,0.3237919265285339
Census Tract 1607; Cook County; Illinois,6093,93750,2620,2500,1204,579500,2620,55,1549,2446,396,18,2500,338,5918,489,17,031,160700,6093,6093,93750,93750,2620,2620,2500,2500,1204,1204,579500,579500,2620,2620,55,55,1549,1549,2446,2446,396,396,18,18,2500,2500,338,338,5918,5918,489,489,17031160700,0.4816,0.16925592804578904,0.08262926664413653,0.1352,0.6122137404580152,35.782442748091604,0.022883401471790677,0.3173716030534351,1.0,True,0.7901548411090195,0.3282404887454911
Census Tract 1608; Cook County; Illinois,4677,87676,1995,1799,860,543800,1995,146,1074,1763,147,64,1799,109,4636,263,17,031,160800,4677,4677,87676,87676,1995,1995,1799,1799,860,860,543800,543800,1995,1995,146,146,1074,1074,1763,1763,147,147,64,64,1799,1799,109,109,4636,4636,263,263,17031160800,0.47804335742078935,0.11968235961429381,0.05672993960310613,0.06058921623123958,0.6115288220551378,43.94786967418546,0.007251460365735422,0.31919153080031926,1.0,True,0.8005532181880373,0.2700043436564919
Census Tract 1609; Cook County; Illinois,2496,109598,1170,995,664,478900,1170,94,779,865,144,0,995,111,2484,148,17,031,160900,2496,2496,109598,109598,1170,1170,995,995,664,664,478900,478900,1170,1170,94,94,779,779,865,865,144,144,0,0,995,995,111,111,2484,2484,148,148,17031160900,0.6673366834170854,0.16647398843930636,0.05958132045088567,0.11155778894472362,0.7461538461538462,93.67350427350428,0.0185714700670985,0.24821801314263628,1.0,True,0.8623862864873972,0.3487773181453009
Census Tract 1610; Cook County; Illinois,2060,109524,924,894,426,605600,924,15,586,861,77,0,894,72,2059,174,17,031,161000,2060,2060,109524,109524,924,924,894,894,426,426,605600,605600,924,924,15,15,586,586,861,861,77,77,0,0,894,894,72,72,2059,2059,174,174,17031161000,0.47651006711409394,0.08943089430894309,0.08450704225352113,0.08053691275167785,0.6504329004329005,118.53246753246754,0.0072024881322638725,0.34049507539440427,1.0,True,0.787625992938414,0.28116098936383455
Census Tract 1611; Cook County; Illinois,2098,149722,825,800,528,633200,825,10,485,795,71,36,800,43,2088,135,17,031,161100,2098,2098,149722,149722,825,825,800,800,528,528,633200,633200,825,825,10,10,485,485,795,795,71,71,36,36,800,800,43,43,2088,2088,135,135,17031161100,0.66,0.13459119496855346,0.06465517241379311,0.05375,0.6,181.4812121212121,0.007234276729559748,0.204,1.0,True,0.8576908165189852,0.27485294353772116
Census Tract 1612; Cook County; Illinois,2837,80132,1159,1074,618,435500,1159,4,721,1051,96,12,1074,229,2837,716,17,031,161200,2837,2837,80132,80132,1159,1159,1074,1074,618,618,435500,435500,1159,1159,4,4,721,721,1051,1051,96,96,12,12,1074,1074,229,229,2837,2837,716,716,17031161200,0.5754189944134078,0.1027592768791627,0.25237927388086007,0.2132216014897579,0.6255392579810182,69.13891285591026,0.021910497584104523,0.2655920871874714,1.0,True,0.7454774911001061,0.38014413627106003
Census Tract 1613; Cook County; Illinois,3890,59353,1708,1634,577,443600,1708,50,1137,1688,274,11,1634,460,3850,574,17,031,161300,3890,3890,59353,59353,1708,1708,1634,1634,577,577,443600,443600,1708,1708,50,50,1137,1137,1688,1688,274,274,11,11,1634,1634,460,460,3850,3850,574,574,17031161300,0.35312117503059975,0.16883886255924171,0.14909090909090908,0.28151774785801714,0.6949648711943794,34.75,0.04753113633858702,0.4495580592732307,1.0,True,0.7175774577223687,0.42056850019693104
Census Tract 1701; Cook County; Illinois,2085,51944,1140,1112,982,263600,1140,336,9,734,196,0,1112,138,1931,538,17,031,170100,2085,2085,51944,51944,1140,1140,1112,1112,982,982,263600,263600,1140,1140,336,336,9,9,734,734,196,196,0,0,1112,1112,138,138,1931,1931,538,538,17031170100,0.8830935251798561,0.2670299727520436,0.27861211807353703,0.12410071942446044,0.3026315789473684,45.564912280701755,0.03313861172642268,0.035379591063990926,1.0,True,0.836285408395946,0.35406102693533464
Census Tract 1702; Cook County; Illinois,3553,110602,1249,1249,1066,332600,1249,19,826,1732,360,0,1249,94,3553,172,17,031,170200,3553,3553,110602,110602,1249,1249,1249,1249,1066,1066,332600,332600,1249,1249,19,19,826,826,1732,1732,360,360,0,0,1249,1249,94,94,3553,3553,172,172,17031170200,0.8534827862289832,0.20785219399538107,0.0484097945398255,0.07526020816653323,0.6765412329863891,88.55244195356285,0.015642999387963027,0.09912493645837404,1.0,True,0.9294334580594957,0.3350417561398065
Census Tract 1703; Cook County; Illinois,4794,82203,1970,1874,1393,357900,1970,194,784,2111,271,57,1874,97,4792,207,17,031,170300,4794,4794,82203,82203,1970,1970,1874,1874,1393,1393,357900,357900,1970,1970,194,194,784,784,2111,2111,271,271,57,57,1874,1874,97,97,4792,4792,207,207,17031170300,0.7433297758804696,0.15537659876835622,0.043196994991652755,0.05176093916755603,0.4964467005076142,41.72741116751269,0.008042438676910648,0.12742308588269075,1.0,True,0.8950337200870845,0.24876779077345207
Census Tract 1704; Cook County; Illinois,4074,110800,1740,1597,1511,343500,1740,46,283,1921,267,59,1597,141,4061,214,17,031,170400,4074,4074,110800,110800,1740,1740,1597,1597,1511,1511,343500,343500,1740,1740,46,46,283,283,1921,1921,267,267,59,59,1597,1597,141,141,4061,4061,214,214,17031170400,0.9461490294301816,0.16970327954190526,0.05269638020192071,0.08829054477144646,0.18908045977011495,63.67816091954023,0.01498319500025588,0.010182166274408185,1.0,True,0.9584045522783678,0.18541681269567806
Census Tract 1705; Cook County; Illinois,4899,85250,2147,2018,1496,350100,2147,113,118,1985,233,82,2018,61,4899,96,17,031,170500,4899,4899,85250,85250,2147,2147,2018,2018,1496,1496,350100,350100,2147,2147,113,113,118,118,1985,1985,233,233,82,82,2018,2018,61,61,4899,4899,96,96,17031170500,0.7413280475718533,0.15869017632241814,0.019595835884874464,0.03022794846382557,0.10759198882161156,39.70656730321379,0.004796878471589448,0.027831029814113593,1.0,True,0.9049267957360637,0.12726448481913488
Census Tract 1706; Cook County; Illinois,2500,81004,968,953,835,338900,968,36,269,931,89,14,953,47,2500,334,17,031,170600,2500,2500,81004,81004,968,968,953,953,835,835,338900,338900,968,968,36,36,269,269,931,931,89,89,14,14,953,953,47,47,2500,2500,334,334,17031170600,0.8761804826862539,0.11063372717508056,0.1336,0.04931794333683106,0.31508264462809915,83.68181818181819,0.00545622788796305,0.03901338097178982,1.0,True,0.8988717761218017,0.20495888213426308
Census Tract 1707; Cook County; Illinois,3323,90611,1214,1166,917,412400,1214,0,427,1485,152,151,1166,41,3323,112,17,031,170700,3323,3323,90611,90611,1214,1214,1166,1166,917,917,412400,412400,1214,1214,0,0,427,427,1485,1485,152,152,151,151,1166,1166,41,41,3323,3323,112,112,17031170700,0.7864493996569468,0.20404040404040405,0.03370448390009028,0.03516295025728988,0.3517298187808896,74.63838550247117,0.007174662577750057,0.07511211395921227,1.0,True,0.9136579338603986,0.22474269029048213
Census Tract 1708; Cook County; Illinois,4097,80446,1539,1505,1219,353500,1539,42,399,1931,121,35,1505,160,4076,508,17,031,170800,4097,4097,80446,80446,1539,1539,1505,1505,1219,1219,353500,353500,1539,1539,42,42,399,399,1931,1931,121,121,35,35,1505,1505,160,160,4076,4076,508,508,17031170800,0.8099667774086379,0.08078715691351632,0.12463199214916584,0.10631229235880399,0.28654970760233917,52.27160493827161,0.00858866784462632,0.05445396436828505,1.0,True,0.8808124108769605,0.19715290079435766
Census Tract 1709; Cook County; Illinois,1854,64202,661,646,413,299400,661,83,70,905,127,35,646,56,1854,468,17,031,170900,1854,1854,64202,64202,661,661,646,646,413,413,299400,299400,661,661,83,83,70,70,905,905,127,127,35,35,646,646,56,56,1854,1854,468,468,17031170900,0.6393188854489165,0.17900552486187846,0.2524271844660194,0.08668730650154799,0.2314674735249622,97.1285930408472,0.015517506799172126,0.08348594633330679,1.0,True,0.766748058305654,0.2684718885668021
Census Tract 1710; Cook County; Illinois,6178,86597,3125,2763,2125,373500,3125,136,836,2904,551,28,2763,201,6178,637,17,031,171000,6178,6178,86597,86597,3125,3125,2763,2763,2125,2125,373500,373500,3125,3125,136,136,836,836,2904,2904,551,551,28,28,2763,2763,201,201,6178,6178,637,637,17031171000,0.7690915671371698,0.1993801652892562,0.1031078018776303,0.0727470141150923,0.31104,27.71104,0.014504311698566955,0.07182175895765472,1.0,True,0.8768200067196856,0.24643738959171066
Census Tract 1711; Cook County; Illinois,3876,95781,1404,1336,936,353400,1404,27,621,1816,108,99,1336,60,3876,450,17,031,171100,3876,3876,95781,95781,1404,1404,1336,1336,936,936,353400,353400,1404,1404,27,27,621,621,1816,1816,108,108,99,99,1336,1336,60,60,3876,3876,450,450,17031171100,0.7005988023952096,0.11398678414096916,0.11609907120743033,0.04491017964071856,0.46153846153846156,68.22008547008546,0.005119166952438735,0.13818516812528792,1.0,True,0.8481815813852048,0.2401769137146541
Census Tract 1801; Cook County; Illinois,7040,86632,2334,2289,1567,345800,2334,0,465,3168,511,38,2289,73,6897,999,17,031,180100,7040,7040,86632,86632,2334,2334,2289,2289,1567,1567,345800,345800,2334,2334,0,0,465,465,3168,3168,511,511,38,38,2289,2289,73,73,6897,6897,999,999,17031180100,0.6845784185233726,0.17329545454545456,0.1448455850369726,0.031891655744866756,0.19922879177377892,37.11739502999143,0.005526678978513842,0.06284106057696304,1.0,True,0.8299761326094443,0.20280803521041335
Census Tract 1901; Cook County; Illinois,2423,56713,888,862,217,347600,888,56,325,1245,236,139,862,237,2423,172,17,031,190100,2423,2423,56713,56713,888,888,862,862,217,217,347600,347600,888,888,56,56,325,325,1245,1245,236,236,139,139,862,862,237,237,2423,2423,172,172,17031190100,0.2517401392111369,0.30120481927710846,0.0709863805200165,0.27494199535962877,0.42905405405405406,63.865990990990994,0.08281385402398457,0.3210439267573838,1.0,True,0.7187252240851816,0.38569685820085153
Census Tract 1902; Cook County; Illinois,5766,80380,1687,1624,845,358100,1687,70,894,2482,389,16,1624,194,5648,794,17,031,190200,5766,5766,80380,80380,1687,1687,1624,1624,845,845,358100,358100,1687,1687,70,70,894,894,2482,2482,389,389,16,16,1624,1624,194,194,5648,5648,794,794,17031190200,0.520320197044335,0.16317485898468978,0.14058073654390935,0.11945812807881774,0.5714285714285714,47.646710136336694,0.019492563203836095,0.2741027445460943,1.0,True,0.7771282948909866,0.3281437719240781
Census Tract 1903; Cook County; Illinois,5728,78750,2045,1976,979,350200,2045,81,1273,2603,523,163,1976,378,5728,1006,17,031,190300,5728,5728,78750,78750,2045,2045,1976,1976,979,979,350200,350200,2045,2045,81,81,1273,1273,2603,2603,523,523,163,163,1976,1976,378,378,5728,5728,1006,1006,17031190300,0.49544534412955465,0.263542066845947,0.17562849162011174,0.19129554655870445,0.6621026894865526,38.50855745721272,0.05041442371850605,0.3340669946447839,1.0,True,0.7531560361333763,0.43954112195655043
Census Tract 1904.01; Cook County; Illinois,3855,115000,1351,1250,1005,394700,1351,113,630,1959,325,23,1250,74,3837,357,17,031,190401,3855,3855,115000,115000,1351,1351,1250,1250,1005,1005,394700,394700,1351,1351,113,113,630,630,1959,1959,325,325,23,23,1250,1250,74,74,3837,3837,357,357,17031190401,0.804,0.1776416539050536,0.09304143862392494,0.0592,0.5499629903774982,85.1221317542561,0.010516385911179173,0.10779274611398962,1.0,True,0.8929738832363032,0.29416071607650907
Census Tract 1904.02; Cook County; Illinois,4580,63140,1873,1726,863,317600,1873,253,828,2130,322,35,1726,228,4580,513,17,031,190402,4580,4580,63140,63140,1873,1873,1726,1726,863,863,317600,317600,1873,1873,253,253,828,828,2130,2130,322,322,35,35,1726,1726,228,228,4580,4580,513,513,17031190402,0.5,0.1676056338028169,0.11200873362445415,0.1320973348783314,0.5771489588894821,33.71062466631073,0.022140257535945684,0.28857447944474107,1.0,True,0.7831289536443894,0.32648716393772653
Census Tract 1906.01; Cook County; Illinois,3788,77316,1156,1075,780,321500,1156,26,556,1697,140,0,1075,19,3753,461,17,031,190601,3788,3788,77316,77316,1156,1156,1075,1075,780,780,321500,321500,1156,1156,26,26,556,556,1697,1697,140,140,0,0,1075,1075,19,19,3753,3753,461,461,17031190601,0.7255813953488373,0.08249852681202122,0.12283506528110845,0.017674418604651163,0.5034602076124568,66.88235294117646,0.0014581134971427005,0.1381588476703951,1.0,True,0.8534863032127561,0.22926665193671744
Census Tract 1906.02; Cook County; Illinois,5745,82232,1574,1551,954,296700,1574,48,996,2098,395,51,1551,135,5483,884,17,031,190602,5745,5745,82232,82232,1574,1574,1551,1551,954,954,296700,296700,1574,1574,48,48,996,996,2098,2098,395,395,51,51,1551,1551,135,135,5483,5483,884,884,17031190602,0.6150870406189555,0.21258341277407056,0.16122560641984315,0.08704061895551257,0.6632782719186785,52.243964421855146,0.01850339182753032,0.2553044025373637,1.0,True,0.7994819712329632,0.3754139843855339
Census Tract 1907.01; Cook County; Illinois,2684,68810,996,898,420,333000,996,0,482,1090,102,18,898,118,2684,155,17,031,190701,2684,2684,68810,68810,996,996,898,898,420,420,333000,333000,996,996,0,0,482,482,1090,1090,102,102,18,18,898,898,118,118,2684,2684,155,155,17031190701,0.46770601336302897,0.11009174311926606,0.05774962742175857,0.13140311804008908,0.4839357429718876,69.0863453815261,0.014466398316340083,0.25759608590263056,1.0,True,0.7966418147289439,0.2527443248356384
Census Tract 1907.02; Cook County; Illinois,4392,62813,1542,1482,689,335500,1542,27,1039,1896,298,91,1482,325,4392,1253,17,031,190702,4392,4392,62813,62813,1542,1542,1482,1482,689,689,335500,335500,1542,1542,27,27,1039,1039,1896,1896,298,298,91,91,1482,1482,325,325,4392,4392,1253,1253,17031190702,0.4649122807017544,0.205168776371308,0.28529143897996356,0.21929824561403508,0.6913099870298314,40.73476005188068,0.04499315271300614,0.3699114842878922,1.0,True,0.6939088672846504,0.46372156708153
Census Tract 1908; Cook County; Illinois,6018,52880,2031,1841,893,355900,2031,0,1254,2383,514,38,1841,253,5933,724,17,031,190800,6018,6018,52880,52880,2031,2031,1841,1841,893,893,355900,355900,2031,2031,0,0,1254,1254,2383,2383,514,514,38,38,1841,1841,253,253,5933,5933,724,724,17031190800,0.4850624660510592,0.23164078892152748,0.12202932749030844,0.1374253123302553,0.6174298375184638,26.03643525356967,0.031833307765967656,0.317937797918253,1.0,True,0.7736615880518399,0.3754615759220512
Census Tract 1909; Cook County; Illinois,1818,77778,656,618,272,351100,656,0,493,669,60,0,618,74,1818,144,17,031,190900,1818,1818,77778,77778,656,656,618,618,272,272,351100,351100,656,656,0,0,493,493,669,669,60,60,0,0,618,618,74,74,1818,1818,144,144,17031190900,0.4401294498381877,0.08968609865470852,0.07920792079207921,0.11974110032362459,0.7515243902439024,118.5640243902439,0.010739112136647945,0.42075637382587416,1.0,True,0.777853998880167,0.32031927672391813
Census Tract 1910; Cook County; Illinois,2315,58182,778,722,389,299000,778,26,568,835,151,38,722,71,2307,268,17,031,191000,2315,2315,58182,58182,778,778,722,722,389,389,299000,299000,778,778,26,26,568,568,835,835,151,151,38,38,722,722,71,71,2307,2307,268,268,17031191000,0.538781163434903,0.22634730538922157,0.11616818378846988,0.09833795013850416,0.7634961439588689,74.7840616966581,0.022258530031350046,0.3521388032386473,1.0,True,0.7941926560401287,0.3988810271442196
Census Tract 1911; Cook County; Illinois,6279,51958,2068,1931,761,325800,2068,125,1102,2272,329,136,1931,281,6256,2030,17,031,191100,6279,6279,51958,51958,2068,2068,1931,1931,761,761,325800,325800,2068,2068,125,125,1102,1102,2272,2272,329,329,136,136,1931,1931,281,281,6256,6256,2030,2030,17031191100,0.39409632314862764,0.20466549295774647,0.32448849104859334,0.14552045572242361,0.5933268858800773,25.1247582205029,0.02978301580586575,0.35949894172951347,1.0,True,0.6527619645708924,0.42552689156236195
Census Tract 1912; Cook County; Illinois,3836,51449,1121,1083,406,259500,1121,65,622,1067,188,148,1083,153,3802,1278,17,031,191200,3836,3836,51449,51449,1121,1121,1083,1083,406,406,259500,259500,1121,1121,65,65,622,622,1067,1067,188,188,148,148,1083,1083,153,153,3802,3802,1278,1278,17031191200,0.37488457987072943,0.3149015932521087,0.3361388742766965,0.14127423822714683,0.6128456735057984,45.89562890276539,0.044487482703206495,0.383099280667983,1.0,True,0.6411455935207399,0.48974912033524814
Census Tract 1913.01; Cook County; Illinois,4856,69783,1609,1505,851,297600,1609,53,896,2284,138,136,1505,220,4856,401,17,031,191301,4856,4856,69783,69783,1609,1609,1505,1505,851,851,297600,297600,1609,1609,53,53,896,896,2284,2284,138,138,136,136,1505,1505,220,220,4856,4856,401,401,17031191301,0.5654485049833887,0.11996497373029773,0.08257825370675453,0.1461794019933555,0.5898073337476694,43.37041640770665,0.017536408120043524,0.25630165865181115,1.0,True,0.8181151861656533,0.3003727381177501
Census Tract 1913.02; Cook County; Illinois,4227,62146,1204,1065,586,278900,1204,35,758,1540,229,13,1065,241,4227,417,17,031,191302,4227,4227,62146,62146,1204,1204,1065,1065,586,586,278900,278900,1204,1204,35,35,758,758,1540,1540,229,229,13,13,1065,1065,241,241,4227,4227,417,417,17031191302,0.5502347417840375,0.15714285714285714,0.09865152590489709,0.22629107981220659,0.6586378737541528,51.616279069767444,0.035560026827632464,0.29623243335984906,1.0,True,0.805849179996934,0.3697459495844678
Census Tract 2001; Cook County; Illinois,4004,81131,1434,1310,755,325100,1434,86,826,1821,213,88,1310,233,3932,588,17,031,200100,4004,4004,81131,81131,1434,1434,1310,1310,755,755,325100,325100,1434,1434,86,86,826,826,1821,1821,213,213,88,88,1310,1310,233,233,3932,3932,588,588,17031200100,0.5763358778625954,0.16529379461834157,0.14954221770091555,0.17786259541984734,0.6359832635983264,56.57670850767085,0.029399583317613425,0.2694432910664665,1.0,True,0.7917913350556098,0.3690512173281268
Census Tract 2002; Cook County; Illinois,4601,69335,1809,1665,770,328900,1809,57,1318,2249,184,34,1665,223,4601,605,17,031,200200,4601,4601,69335,69335,1809,1809,1665,1665,770,770,328900,328900,1809,1809,57,57,1318,1318,2249,2249,184,184,34,34,1665,1665,223,223,4601,4601,605,605,17031200200,0.4624624624624625,0.09693196976433971,0.13149315366224734,0.13393393393393394,0.7600884466556108,38.32780541735766,0.012982480034503157,0.408576071925989,1.0,True,0.761902507706148,0.3485229539953025
Census Tract 2003; Cook County; Illinois,1858,48977,763,734,233,317600,763,33,444,762,99,8,734,29,1858,557,17,031,200300,1858,1858,48977,48977,763,763,734,734,233,233,317600,317600,763,763,33,33,444,444,762,762,99,99,8,8,734,734,29,29,1858,1858,557,557,17031200300,0.31743869209809267,0.14041994750656167,0.2997847147470398,0.039509536784741145,0.6251638269986893,64.19003931847969,0.005547927081321919,0.4267126394091871,1.0,True,0.6382600204053275,0.35913977277830805
Census Tract 2004.01; Cook County; Illinois,3138,69046,967,931,489,325700,967,0,830,1238,74,36,931,90,3108,455,17,031,200401,3138,3138,69046,69046,967,967,931,931,489,489,325700,325700,967,967,0,0,830,830,1238,1238,74,74,36,36,931,931,90,90,3108,3108,455,455,17031200401,0.5252416756176155,0.0888529886914378,0.1463963963963964,0.0966702470461869,0.8583247156153051,71.40227507755947,0.008589440367593343,0.407496803761509,1.0,True,0.7761612861267655,0.3647516509556935
Census Tract 2004.02; Cook County; Illinois,4378,80784,1453,1336,656,295100,1453,64,1219,2176,173,37,1336,22,4378,282,17,031,200402,4378,4378,80784,80784,1453,1453,1336,1336,656,656,295100,295100,1453,1453,64,64,1219,1219,2176,2176,173,173,37,37,1336,1336,22,22,4378,4378,282,282,17031200402,0.49101796407185627,0.09650735294117647,0.06441297396071266,0.016467065868263474,0.8830006882312457,55.59807295251204,0.0015891929376541038,0.44943148802189153,1.0,True,0.8014373709924291,0.3221577513793385
Census Tract 2101; Cook County; Illinois,4206,115018,1917,1777,887,465200,1917,47,715,2029,167,31,1777,194,4181,328,17,031,210100,4206,4206,115018,115018,1917,1917,1777,1777,887,887,465200,465200,1917,1917,47,47,715,715,2029,2029,167,167,31,31,1777,1777,194,194,4181,4181,328,328,17031210100,0.4991558806978053,0.09758501724987678,0.07845013154747668,0.10917276308384918,0.3974960876369327,59.99895670318205,0.010653625968754134,0.19908357793858755,1.0,True,0.7978871121032203,0.22205863653161792
Census Tract 2104; Cook County; Illinois,3095,71183,1164,1071,420,361000,1164,55,591,1290,178,16,1071,225,2989,898,17,031,210400,3095,3095,71183,71183,1164,1164,1071,1071,420,420,361000,361000,1164,1164,55,55,591,591,1290,1290,178,178,16,16,1071,1071,225,225,2989,2989,898,898,17031210400,0.39215686274509803,0.15038759689922482,0.3004349280695885,0.21008403361344538,0.5549828178694158,61.15378006872852,0.03159403296202202,0.3373424971363116,1.0,True,0.6628862806883665,0.3999015282066479
Census Tract 2105.01; Cook County; Illinois,2899,76379,1558,1478,500,391600,1558,50,961,1517,221,80,1478,293,2899,831,17,031,210501,2899,2899,76379,76379,1558,1558,1478,1478,500,500,391600,391600,1558,1558,50,50,961,961,1517,1517,221,221,80,80,1478,1478,293,293,2899,2899,831,831,17031210501,0.3382949932341001,0.1984179301252472,0.28665056916177994,0.19824086603518268,0.6489088575096277,49.02374839537869,0.03933454230493737,0.4293862399488605,1.0,True,0.6511018313191078,0.4421297930546434
Census Tract 2105.02; Cook County; Illinois,4300,78881,1700,1509,532,479400,1700,68,814,1855,159,49,1509,155,4300,719,17,031,210502,4300,4300,78881,78881,1700,1700,1509,1509,532,532,479400,479400,1700,1700,68,68,814,814,1855,1855,159,159,49,49,1509,1509,155,155,4300,4300,719,719,17031210502,0.35255135851557323,0.11212938005390835,0.1672093023255814,0.10271703114645461,0.5188235294117647,46.400588235294116,0.01151759702342995,0.33591158928780257,1.0,True,0.7092913888352129,0.29098011028095744
Census Tract 2106.01; Cook County; Illinois,2429,84271,1157,1082,640,489400,1157,26,739,1270,148,39,1082,199,2426,238,17,031,210601,2429,2429,84271,84271,1157,1157,1082,1082,640,640,489400,489400,1157,1157,26,26,739,739,1270,1270,148,148,39,39,1082,1082,199,199,2426,2426,238,238,17031210601,0.5914972273567468,0.14724409448818898,0.09810387469084914,0.18391866913123844,0.6611927398444253,72.83578219533275,0.02708093789570204,0.2700990674780369,1.0,True,0.8198594109353774,0.3515584780728258
Census Tract 2106.02; Cook County; Illinois,3942,87571,1788,1636,701,441100,1788,35,1215,1825,168,26,1636,416,3942,484,17,031,210602,3942,3942,87571,87571,1788,1788,1636,1636,701,701,441100,441100,1788,1788,35,35,1215,1215,1825,1825,168,168,26,26,1636,1636,416,416,3942,3942,484,484,17031210602,0.4284841075794621,0.1063013698630137,0.12278031456113647,0.254278728606357,0.6991051454138703,48.977069351230426,0.027030177177881233,0.399549701076998,1.0,True,0.7544834941640003,0.3722013262257507
Census Tract 2107; Cook County; Illinois,3769,89196,1631,1569,692,492600,1631,53,931,1666,272,0,1569,279,3769,166,17,031,210700,3769,3769,89196,89196,1631,1631,1569,1569,692,692,492600,492600,1631,1631,53,53,931,931,1666,1666,272,272,0,0,1569,1569,279,279,3769,3769,166,166,17031210700,0.44104525175270876,0.16326530612244897,0.044043512868134786,0.17782026768642448,0.6033108522378908,54.68792152053955,0.029031880438599913,0.33722346552748894,1.0,True,0.7938969881592137,0.3235015486183126
Census Tract 2108; Cook County; Illinois,1073,104701,483,461,138,547100,483,6,336,577,43,16,461,56,1072,50,17,031,210800,1073,1073,104701,104701,483,483,461,461,138,138,547100,547100,483,483,6,6,336,336,577,577,43,43,16,16,461,461,56,56,1072,1072,50,50,17031210800,0.2993492407809111,0.1022530329289428,0.04664179104477612,0.12147505422993492,0.7080745341614907,216.77225672877847,0.012421192720218648,0.49611295994395116,1.0,True,0.7455103044131274,0.30425854742650515
Census Tract 2109; Cook County; Illinois,3060,101288,1598,1598,768,576800,1598,114,840,1315,151,0,1598,274,3060,341,17,031,210900,3060,3060,101288,101288,1598,1598,1598,1598,768,768,576800,576800,1598,1598,114,114,840,840,1315,1315,151,151,0,0,1598,1598,274,274,3060,3060,341,341,17031210900,0.4806007509386733,0.11482889733840304,0.11143790849673203,0.17146433041301626,0.5969962453066333,63.38423028785982,0.019689059994194263,0.31007940150469687,1.0,True,0.7769369825207536,0.3175927580643607
Census Tract 2203; Cook County; Illinois,2142,101875,1091,978,333,478100,1091,9,583,1009,43,25,978,120,2113,167,17,031,220300,2142,2142,101875,101875,1091,1091,978,978,333,333,478100,478100,1091,1091,9,9,583,583,1009,1009,43,43,25,25,978,978,120,120,2113,2113,167,167,17031220300,0.34049079754601225,0.06739345887016848,0.07903454803596782,0.12269938650306748,0.5426214482126489,93.37763519706691,0.008269136057689384,0.35786383854515186,1.0,True,0.7447307230700865,0.25164294842270535
Census Tract 2204; Cook County; Illinois,2530,126273,1254,1162,459,766100,1254,16,993,768,23,8,1162,250,2503,306,17,031,220400,2530,2530,126273,126273,1254,1254,1162,1162,459,459,766100,766100,1254,1254,16,16,993,993,768,768,23,23,8,8,1162,1162,250,250,2503,2503,306,306,17031220400,0.39500860585197933,0.040364583333333336,0.1222532960447463,0.21514629948364888,0.8046251993620415,100.69617224880383,0.008684290734366036,0.4867913211286706,1.0,True,0.7435801173105139,0.3551588429112044
Census Tract 2205; Cook County; Illinois,2897,102552,1573,1441,536,481000,1573,133,1017,1242,64,15,1441,387,2887,283,17,031,220500,2897,2897,102552,102552,1573,1573,1441,1441,536,536,481000,481000,1573,1573,133,133,1017,1017,1242,1242,64,64,15,15,1441,1441,387,387,2887,2887,283,283,17031220500,0.37196391394864675,0.06360708534621579,0.09802563214409421,0.2685634975711312,0.7310870947234583,65.19516846789574,0.017082541310885158,0.4591490775327757,1.0,True,0.7467257813846236,0.3556282558679598
Census Tract 2206.01; Cook County; Illinois,1680,134000,816,764,318,648300,816,4,691,668,34,0,764,126,1680,25,17,031,220601,1680,1680,134000,134000,816,816,764,764,318,318,648300,648300,816,816,4,4,691,691,668,668,34,34,0,0,764,764,126,126,1680,1680,25,25,17031220601,0.4162303664921466,0.05089820359281437,0.01488095238095238,0.1649214659685864,0.8517156862745098,164.2156862745098,0.008394206351694517,0.4972057540293604,1.0,True,0.7986946342486029,0.3214273582013223
Census Tract 2206.02; Cook County; Illinois,4358,77650,2928,2588,609,623000,2928,59,1939,1991,293,38,2588,1292,4353,598,17,031,220602,4358,4358,77650,77650,2928,2928,2588,2588,609,609,623000,623000,2928,2928,59,59,1939,1939,1991,1991,293,293,38,38,2588,2588,1292,1292,4353,4353,598,598,17031220602,0.23531684698608965,0.1662481165243596,0.13737652193889272,0.4992272024729521,0.6823770491803278,26.5198087431694,0.08299558212885341,0.5218022335115412,1.0,True,0.6835593300352638,0.48201953656253216
Census Tract 2207.01; Cook County; Illinois,2851,77904,1323,1199,344,496700,1323,107,977,1425,67,59,1199,208,2851,291,17,031,220701,2851,2851,77904,77904,1323,1323,1199,1199,344,344,496700,496700,1323,1323,107,107,977,977,1425,1425,67,67,59,59,1199,1199,208,208,2851,2851,291,291,17031220701,0.28690575479566305,0.08842105263157894,0.10206944931602946,0.17347789824854046,0.8193499622071051,58.8843537414966,0.015339098371449892,0.5842737428582776,1.0,True,0.7165516006965841,0.36357007253851015
Census Tract 2207.02; Cook County; Illinois,3903,84167,1722,1656,554,523800,1722,171,1093,1578,149,31,1656,277,3870,238,17,031,220702,3903,3903,84167,84167,1722,1722,1656,1656,554,554,523800,523800,1722,1722,171,171,1093,1093,1578,1578,149,149,31,31,1656,1656,277,277,3870,3870,238,238,17031220702,0.33454106280193235,0.11406844106463879,0.06149870801033592,0.16727053140096618,0.7340301974448316,48.87746806039489,0.019080288752961923,0.4884669550629254,1.0,True,0.7505838925197166,0.3372718785753714
Census Tract 2209.01; Cook County; Illinois,2994,96458,1205,1056,384,522800,1205,50,814,1309,93,14,1056,202,2987,328,17,031,220901,2994,2994,96458,96458,1205,1205,1056,1056,384,384,522800,522800,1205,1205,50,50,814,814,1309,1309,93,93,14,14,1056,1056,202,202,2987,2987,328,328,17031220901,0.36363636363636365,0.08174178762414057,0.10980917308336123,0.19128787878787878,0.7170124481327801,80.048132780083,0.01563621316295113,0.45628064881176916,1.0,True,0.7386751104917445,0.33999270225330924
Census Tract 2209.02; Cook County; Illinois,3020,82104,1131,1047,456,493800,1131,11,973,1454,155,59,1047,152,3020,501,17,031,220902,3020,3020,82104,82104,1131,1131,1047,1047,456,456,493800,493800,1131,1131,11,11,973,973,1454,1454,155,155,59,59,1047,1047,152,152,3020,3020,501,501,17031220902,0.4355300859598854,0.14718019257221457,0.16589403973509934,0.1451766953199618,0.870026525198939,72.59416445623341,0.0213671339741897,0.4911037978916647,1.0,True,0.7375410037940696,0.41995672062728817
Census Tract 2210; Cook County; Illinois,2504,91914,1164,1103,252,450700,1164,44,672,1322,175,41,1103,226,2504,354,17,031,221000,2504,2504,91914,91914,1164,1164,1103,1103,252,252,450700,450700,1164,1164,44,44,672,672,1322,1322,175,175,41,41,1103,1103,226,226,2504,2504,354,354,17031221000,0.22846781504986402,0.16338880484114976,0.1413738019169329,0.20489573889392565,0.6151202749140894,78.9639175257732,0.0334776698949228,0.4745850897115957,1.0,True,0.6794951271507942,0.3682443091656681
Census Tract 2211; Cook County; Illinois,4186,104342,2281,1988,810,382100,2281,18,1482,1689,175,0,1988,368,3944,566,17,031,221100,4186,4186,104342,104342,2281,2281,1988,1988,810,810,382100,382100,2281,2281,18,18,1482,1482,1689,1689,175,175,0,0,1988,1988,368,368,3944,3944,566,566,17031221100,0.4074446680080483,0.10361160449970397,0.14350912778904665,0.1851106639839034,0.657606313020605,45.74397194213064,0.019179612905377796,0.3896681271319279,1.0,True,0.7382049778634595,0.3439167589949136
Census Tract 2212; Cook County; Illinois,3096,127795,1376,1285,543,633300,1376,91,663,1150,30,75,1285,278,3096,652,17,031,221200,3096,3096,127795,127795,1376,1376,1285,1285,543,543,633300,633300,1376,1376,91,91,663,663,1150,1150,30,30,75,75,1285,1285,278,278,3096,3096,652,652,17031221200,0.422568093385214,0.09130434782608696,0.21059431524547803,0.21634241245136188,0.5479651162790697,92.87427325581395,0.01975300287599391,0.3164125418514161,1.0,True,0.7132449609718527,0.339674293000891
Census Tract 2213; Cook County; Illinois,2769,89158,1748,1539,415,746900,1748,98,1036,1046,41,15,1539,441,2743,370,17,031,221300,2769,2769,89158,89158,1748,1748,1539,1539,415,415,746900,746900,1748,1748,98,98,1036,1036,1046,1046,41,41,15,15,1539,1539,441,441,2743,2743,370,370,17031221300,0.2696556205328135,0.05353728489483748,0.13488880787458987,0.28654970760233917,0.648741418764302,51.005720823798626,0.01534109333243881,0.4738046489220763,1.0,True,0.6961243047270728,0.3457193378317761
Census Tract 2214; Cook County; Illinois,2995,100565,1706,1562,474,673900,1706,20,806,1419,143,0,1562,490,2995,266,17,031,221400,2995,2995,100565,100565,1706,1706,1562,1562,474,474,673900,673900,1706,1706,20,20,806,806,1419,1419,143,143,0,0,1562,1562,490,490,2995,2995,266,266,17031221400,0.3034571062740077,0.10077519379844961,0.08881469115191987,0.31370038412291934,0.48417350527549824,58.94783118405627,0.031613217004635284,0.3372476144300526,1.0,True,0.7280100189919482,0.3172706568458834
Census Tract 2215; Cook County; Illinois,3237,92193,1730,1548,546,681000,1730,172,920,1390,58,0,1548,490,3237,304,17,031,221500,3237,3237,92193,92193,1730,1730,1548,1548,546,546,681000,681000,1730,1730,172,172,920,920,1390,1390,58,58,0,0,1548,1548,490,490,3237,3237,304,304,17031221500,0.35271317829457366,0.041726618705035974,0.09391411801050355,0.3165374677002584,0.63121387283237,53.290751445086705,0.013208038220586324,0.40857642156203794,1.0,True,0.7421431201108244,0.3307326490022796
Census Tract 2216; Cook County; Illinois,3406,145625,1599,1450,677,869000,1599,11,900,1573,223,0,1450,277,3394,204,17,031,221600,3406,3406,145625,145625,1599,1599,1450,1450,677,677,869000,869000,1599,1599,11,11,900,900,1573,1573,223,223,0,0,1450,1450,277,277,3394,3394,204,204,17031221600,0.4668965517241379,0.1417673235855054,0.060106069534472596,0.1910344827586207,0.5697310819262039,91.07254534083802,0.027082447333231032,0.303725604364797,1.0,True,0.7953561513369416,0.31282901512210753
Census Tract 2222; Cook County; Illinois,2151,176711,1102,992,468,894700,1102,23,534,897,64,9,992,191,2148,82,17,031,222200,2151,2151,176711,176711,1102,1102,992,992,468,468,894700,894700,1102,1102,23,23,534,534,897,897,64,64,9,9,992,992,191,191,2148,2148,82,82,17031222200,0.4717741935483871,0.08138238573021182,0.038175046554934824,0.19254032258064516,0.5054446460980037,160.35480943738656,0.015669390800877477,0.26698890580176804,1.0,True,0.8068091713992684,0.25723680921934167
Census Tract 2225; Cook County; Illinois,1241,159468,656,554,304,610600,656,19,379,569,56,9,554,86,1236,109,17,031,222500,1241,1241,159468,159468,656,656,554,554,304,304,610600,610600,656,656,19,19,379,379,569,569,56,56,9,9,554,554,86,86,1236,1236,109,109,17031222500,0.5487364620938628,0.11423550087873462,0.08818770226537216,0.1552346570397112,0.6067073170731707,243.09146341463415,0.017733308800669995,0.27378489037597953,1.0,True,0.8100797499069047,0.3069600539880521
Census Tract 2226; Cook County; Illinois,1465,97632,810,708,302,485700,810,0,506,610,72,21,708,186,1465,102,17,031,222600,1465,1465,97632,97632,810,810,708,708,302,302,485700,485700,810,810,0,0,506,506,610,610,72,72,21,21,708,708,186,186,1465,1465,102,102,17031222600,0.4265536723163842,0.15245901639344261,0.0696245733788396,0.2627118644067797,0.6246913580246913,120.53333333333333,0.040052792442345095,0.3582269651949501,1.0,True,0.7776261051815675,0.35990492142872216
Census Tract 2227; Cook County; Illinois,2035,88158,912,830,352,414800,912,14,617,871,93,4,830,116,2034,427,17,031,222700,2035,2035,88158,88158,912,912,830,830,352,352,414800,414800,912,912,14,14,617,617,871,871,93,93,4,4,830,830,116,116,2034,2034,427,427,17031222700,0.42409638554216866,0.1113662456946039,0.20993117010816126,0.13975903614457832,0.6918859649122807,96.66447368421052,0.015564439157318137,0.39845962798562673,1.0,True,0.7140312615522019,0.36508471451146757
Census Tract 2228; Cook County; Illinois,945,73403,468,449,55,599100,468,5,299,488,31,9,449,59,933,207,17,031,222800,945,945,73403,73403,468,468,449,449,55,55,599100,599100,468,468,5,5,299,299,488,488,31,31,9,9,449,449,59,59,933,933,207,207,17031222800,0.12249443207126949,0.08196721311475409,0.22186495176848875,0.13140311804008908,0.6495726495726496,156.8440170940171,0.01077074738033517,0.5700036167742181,1.0,True,0.6081509120092417,0.3396061973016082
Census Tract 2229; Cook County; Illinois,1171,92386,460,426,184,440000,460,3,352,416,13,0,426,62,1171,100,17,031,222900,1171,1171,92386,92386,460,460,426,426,184,184,440000,440000,460,460,3,3,352,352,416,416,13,13,0,0,426,426,62,62,1171,1171,100,100,17031222900,0.431924882629108,0.03125,0.08539709649871904,0.14553990610328638,0.7717391304347826,200.83913043478262,0.004548122065727699,0.4384057971014493,1.0,True,0.7723575024127675,0.30653227393091986
Census Tract 2301; Cook County; Illinois,1516,84453,715,645,297,684700,715,45,395,632,0,0,645,260,1516,431,17,031,230100,1516,1516,84453,84453,715,715,645,645,297,297,684700,684700,715,715,45,45,395,395,632,632,0,0,0,0,645,645,260,260,1516,1516,431,431,17031230100,0.4604651162790698,0.0,0.2843007915567282,0.40310077519379844,0.6153846153846154,118.11608391608392,0.0,0.3320214669051878,1.0,True,0.6928804955041971,0.39683134544985177
Census Tract 2302; Cook County; Illinois,1936,96471,739,682,337,486100,739,23,467,844,10,17,682,95,1936,291,17,031,230200,1936,1936,96471,96471,739,739,682,682,337,337,486100,486100,739,739,23,23,467,467,844,844,10,10,17,17,682,682,95,95,1936,1936,291,291,17031230200,0.4941348973607038,0.031990521327014215,0.1503099173553719,0.13929618768328444,0.6630581867388363,130.5426251691475,0.004456157662853886,0.33541799769046704,1.0,True,0.7640552183318304,0.29639998504502635
Census Tract 2303; Cook County; Illinois,967,68229,329,253,88,512800,329,6,161,436,24,14,253,25,967,244,17,031,230300,967,967,68229,68229,329,329,253,253,88,88,512800,512800,329,329,6,6,161,161,436,436,24,24,14,14,253,253,25,25,967,967,244,244,17031230300,0.34782608695652173,0.0871559633027523,0.25232678386763185,0.09881422924901186,0.5075987841945289,207.38297872340425,0.00861224933821663,0.33104268534425796,1.0,True,0.6696307225698358,0.3024126183461579
Census Tract 2304; Cook County; Illinois,2122,104050,802,746,420,419600,802,0,674,948,46,35,746,55,2122,401,17,031,230400,2122,2122,104050,104050,802,802,746,746,420,420,419600,419600,802,802,0,0,674,674,948,948,46,46,35,35,746,746,55,55,2122,2122,401,401,17031230400,0.5630026809651475,0.08544303797468354,0.18897266729500473,0.07372654155495978,0.8403990024937655,129.73815461346632,0.006299419689822512,0.36725211100933985,1.0,True,0.7697178147679926,0.3649046524544402
Census Tract 2305; Cook County; Illinois,3673,48371,1353,1268,414,376100,1353,117,756,1339,110,38,1268,282,3673,947,17,031,230500,3673,3673,48371,48371,1353,1353,1268,1268,414,414,376100,376100,1353,1353,117,117,756,756,1339,1339,110,110,38,38,1268,1268,282,282,3673,3673,947,947,17031230500,0.3264984227129338,0.11053024645257654,0.2578273890552682,0.222397476340694,0.6452328159645233,35.75092387287509,0.02458164787036797,0.43456531926948183,1.0,True,0.6600506897410373,0.3943826826868129
Census Tract 2306; Cook County; Illinois,8582,59351,2319,2170,727,283900,2319,0,1389,2899,624,171,2170,753,8461,1676,17,031,230600,8582,8582,59351,59351,2319,2319,2170,2170,727,727,283900,283900,2319,2319,0,0,1389,1389,2899,2899,624,624,171,171,2170,2170,753,753,8461,8461,1676,1676,17031230600,0.3350230414746544,0.2742324939634357,0.1980853327029902,0.34700460829493085,0.5989650711513583,25.59335920655455,0.09515993914952399,0.39829797127714744,1.0,True,0.6896253941737465,0.48515678826185293
Census Tract 2307; Cook County; Illinois,5345,36820,2118,1978,977,358900,2118,68,1473,2135,306,82,1978,654,5284,2230,17,031,230700,5345,5345,36820,36820,2118,2118,1978,1978,977,977,358900,358900,2118,2118,68,68,1473,1473,2135,2135,306,306,82,82,1978,1978,654,654,5284,5284,2230,2230,17031230700,0.49393326592517695,0.18173302107728337,0.42202876608629825,0.3306370070778564,0.7275731822474032,17.384324834749766,0.06008766217620997,0.3682005841403694,1.0,True,0.6423953609014704,0.5436535720829202
Census Tract 2308; Cook County; Illinois,993,65648,402,386,300,335700,402,53,304,451,15,25,386,41,991,146,17,031,230800,993,993,65648,65648,402,402,386,386,300,300,335700,335700,402,402,53,53,304,304,451,451,15,15,25,25,386,386,41,41,991,991,146,146,17031230800,0.7772020725388601,0.08869179600886919,0.14732593340060546,0.10621761658031088,0.8880597014925373,163.30348258706468,0.009420631182289214,0.1978578609542959,1.0,True,0.8597305261822866,0.3763441215094382
Census Tract 2309; Cook County; Illinois,4792,71224,2233,2037,691,455300,2233,261,1468,2147,23,152,2037,452,4770,1184,17,031,230900,4792,4792,71224,71224,2233,2233,2037,2037,691,691,455300,455300,2233,2233,261,261,1468,1468,2147,2147,23,23,152,152,2037,2037,452,452,4770,4770,1184,1184,17031230900,0.3392243495336279,0.0815090824406148,0.2482180293501048,0.22189494354442807,0.774294670846395,31.896103896103895,0.018086453246518357,0.5116350647811722,1.0,True,0.6686031672603855,0.41214429597041574
Census Tract 2311; Cook County; Illinois,1248,60859,467,433,289,293100,467,0,342,501,0,0,433,90,1248,156,17,031,231100,1248,1248,60859,60859,467,467,433,433,289,289,293100,293100,467,467,0,0,342,342,501,501,0,0,0,0,433,433,90,90,1248,1248,156,156,17031231100,0.6674364896073903,0.0,0.125,0.20785219399538107,0.7323340471092077,130.31905781584584,0.0,0.2435475814866649,1.0,True,0.8331278840635981,0.3129937961063909
Census Tract 2312; Cook County; Illinois,6098,40122,2297,2074,910,230100,2297,0,1576,1745,327,76,2074,485,6070,2740,17,031,231200,6098,6098,40122,40122,2297,2297,2074,2074,910,910,230100,230100,2297,2297,0,0,1576,1576,1745,1745,327,327,76,76,2074,2074,485,485,6070,6070,2740,2740,17031231200,0.43876567020250723,0.230945558739255,0.4514003294892916,0.23384763741562198,0.6861123204179365,17.467131040487594,0.05400607328280553,0.3850697883155632,1.0,True,0.6108674271120603,0.5358534415488098
Census Tract 2315; Cook County; Illinois,6045,30637,2604,2148,531,307300,2604,0,1488,1737,351,0,2148,894,6045,1585,17,031,231500,6045,6045,30637,30637,2604,2604,2148,2148,531,531,307300,307300,2604,2604,0,0,1488,1488,1737,1737,351,351,0,0,2148,2148,894,894,6045,6045,1585,1585,17031231500,0.24720670391061453,0.20207253886010362,0.26220016542597185,0.41620111731843573,0.5714285714285714,11.76536098310292,0.08410281645294815,0.4301675977653631,1.0,True,0.6316549402560437,0.48449648234529624
Census Tract 2402; Cook County; Illinois,1743,168862,846,805,556,788500,846,70,235,743,29,0,805,158,1709,141,17,031,240200,1743,1743,168862,168862,846,846,805,805,556,556,788500,788500,846,846,70,70,235,235,743,743,29,29,0,0,805,805,158,158,1709,1709,141,141,17031240200,0.6906832298136646,0.039030955585464336,0.08250438853130486,0.19627329192546583,0.3605200945626478,199.60047281323878,0.007660734139755733,0.11151491123739043,1.0,True,0.8599426615151473,0.21133193736838513
Census Tract 2403; Cook County; Illinois,1299,171528,695,613,324,903800,695,37,315,564,32,6,613,122,1299,28,17,031,240300,1299,1299,171528,171528,695,695,613,613,324,324,903800,903800,695,695,37,37,315,315,564,564,32,32,6,6,613,613,122,122,1299,1299,28,28,17031240300,0.5285481239804242,0.0673758865248227,0.02155504234026174,0.19902120717781402,0.5064748201438849,246.80287769784172,0.013409230270845625,0.23877850411351179,1.0,True,0.8331667585413358,0.24689080355134602
Census Tract 2405; Cook County; Illinois,2329,184580,1352,1352,884,545600,1352,9,426,1025,99,0,1352,143,2329,13,17,031,240500,2329,2329,184580,184580,1352,1352,1352,1352,884,884,545600,545600,1352,1352,9,9,426,426,1025,1025,99,99,0,0,1352,1352,143,143,2329,2329,13,13,17031240500,0.6538461538461539,0.09658536585365854,0.0055817947617003,0.10576923076923077,0.3217455621301775,136.52366863905326,0.010215759849906192,0.11137346381429221,1.0,True,0.8820854772746212,0.17489759120040224
Census Tract 2406; Cook County; Illinois,1739,170625,816,782,428,602600,816,24,242,737,108,10,782,135,1714,161,17,031,240600,1739,1739,170625,170625,816,816,782,782,428,428,602600,602600,816,816,24,24,242,242,737,737,108,108,10,10,782,782,135,135,1714,1714,161,161,17031240600,0.5473145780051151,0.16010854816824965,0.09393232205367562,0.17263427109974425,0.32598039215686275,209.09926470588235,0.02764022250986407,0.14756657138558749,1.0,True,0.8070413104383117,0.25969689608041735
Census Tract 2407; Cook County; Illinois,1509,95921,744,744,228,581300,744,75,228,577,51,0,744,233,1509,285,17,031,240700,1509,1509,95921,95921,744,744,744,744,228,228,581300,581300,744,744,75,75,228,228,577,577,51,51,0,0,744,744,233,233,1509,1509,285,285,17031240700,0.3064516129032258,0.08838821490467938,0.18886679920477137,0.3131720430107527,0.40725806451612906,128.92607526881721,0.027680717839771902,0.2824531737773153,1.0,True,0.6842440928591339,0.322923724734989
Census Tract 2408; Cook County; Illinois,1583,79643,794,728,219,663900,794,21,416,700,94,7,728,163,1568,201,17,031,240800,1583,1583,79643,79643,794,794,728,728,219,219,663900,663900,794,794,21,21,416,416,700,700,94,94,7,7,728,728,163,163,1568,1568,201,201,17031240800,0.3008241758241758,0.1442857142857143,0.12818877551020408,0.2239010989010989,0.5503778337531486,100.30604534005037,0.032305729984301416,0.3848108755224624,1.0,True,0.7095065588433282,0.3421660577467459
Census Tract 2409; Cook County; Illinois,1247,100854,635,607,204,460800,635,34,288,635,44,28,607,106,1242,103,17,031,240900,1247,1247,100854,100854,635,635,607,607,204,204,460800,460800,635,635,34,34,288,288,635,635,44,44,28,28,607,607,106,106,1242,1242,103,103,17031240900,0.33607907742998355,0.11338582677165354,0.08293075684380032,0.17462932454695224,0.5070866141732283,158.8251968503937,0.01980049034233159,0.3366654127047957,1.0,True,0.7415165355104927,0.2832641074384993
Census Tract 2410; Cook County; Illinois,1948,98304,1021,924,295,411800,1021,29,533,820,20,12,924,138,1817,306,17,031,241000,1948,1948,98304,98304,1021,1021,924,924,295,295,411800,411800,1021,1021,29,29,533,533,820,820,20,20,12,12,924,924,138,138,1817,1817,306,306,17031241000,0.31926406926406925,0.03902439024390244,0.16840946615299945,0.14935064935064934,0.5504407443682664,96.2820763956905,0.005828318023439975,0.37470479243251037,1.0,True,0.6976683987785982,0.2779304665139359
Census Tract 2411; Cook County; Illinois,3498,101016,1873,1756,567,516400,1873,127,915,1545,143,0,1756,479,3480,486,17,031,241100,3498,3498,101016,101016,1873,1873,1756,1756,567,567,516400,516400,1873,1873,127,127,915,915,1545,1545,143,143,0,0,1756,1756,479,479,3480,3480,486,486,17031241100,0.3228929384965831,0.09255663430420712,0.1396551724137931,0.2727790432801822,0.5563267485317672,53.93272824345969,0.025247510154735312,0.3766927699340953,1.0,True,0.7117436059929639,0.33704044736027666
Census Tract 2412; Cook County; Illinois,1692,151891,989,933,437,575200,989,48,554,797,26,7,933,241,1691,189,17,031,241200,1692,1692,151891,151891,989,989,933,933,437,437,575200,575200,989,989,48,48,554,554,797,797,26,26,7,7,933,933,241,241,1691,1691,189,189,17031241200,0.4683815648445874,0.04140526976160602,0.11176818450620934,0.2583065380493033,0.6086956521739131,153.58038422649142,0.010695251889117954,0.323593830094599,1.0,True,0.7727414520994023,0.31150687289008566
Census Tract 2413; Cook County; Illinois,1844,173929,853,816,438,616200,853,54,412,787,63,15,816,206,1736,166,17,031,241300,1844,1844,173929,173929,853,853,816,816,438,438,616200,616200,853,853,54,54,412,412,787,787,63,63,15,15,816,816,206,206,1736,1736,166,166,17031241300,0.5367647058823529,0.09911054637865312,0.0956221198156682,0.25245098039215685,0.5463071512309496,203.90269636576787,0.02502055460049331,0.2530687538790429,1.0,True,0.8027703482562956,0.31626254805757775
Census Tract 2414; Cook County; Illinois,5693,186537,2723,2707,782,698300,2723,0,774,2505,102,0,2707,782,5693,273,17,031,241400,5693,5693,186537,186537,2723,2723,2707,2707,782,782,698300,698300,2723,2723,0,0,774,774,2505,2505,102,102,0,0,2707,2707,782,782,5693,5693,273,273,17031241400,0.2888806797192464,0.0407185628742515,0.047953627261549274,0.2888806797192464,0.2842453176643408,68.50422328314359,0.011762806120304645,0.2021323370904529,1.0,True,0.741474791379432,0.20921605689160236
Census Tract 2415; Cook County; Illinois,2769,190000,1583,1398,583,718200,1583,60,507,1409,84,35,1398,336,2769,114,17,031,241500,2769,2769,190000,190000,1583,1583,1398,1398,583,583,718200,718200,1583,1583,60,60,507,507,1409,1409,84,84,35,35,1398,1398,336,336,2769,2769,114,114,17031241500,0.41702432045779686,0.08445706174591909,0.041170097508125676,0.24034334763948498,0.3581806696146557,120.02526847757423,0.02029869295180888,0.2088106192674853,1.0,True,0.7872259159928975,0.23420069748064543
Census Tract 2416; Cook County; Illinois,3779,117027,1866,1844,496,545800,1866,73,780,1719,159,21,1844,447,3779,514,17,031,241600,3779,3779,117027,117027,1866,1866,1844,1844,496,496,545800,545800,1866,1866,73,73,780,780,1719,1719,159,159,21,21,1844,1844,447,447,3779,3779,514,514,17031241600,0.26898047722342733,0.10471204188481675,0.13601481873511512,0.24240780911062906,0.4571275455519829,62.71543408360129,0.025383016660798854,0.33416916019743653,1.0,True,0.6954094262980367,0.3045905328160695
Census Tract 2420; Cook County; Illinois,4575,137333,2674,2436,838,611200,2674,245,579,1995,296,40,2436,724,4564,307,17,031,242000,4575,4575,137333,137333,2674,2674,2436,2436,838,838,611200,611200,2674,2674,245,245,579,579,1995,1995,296,296,40,40,2436,2436,724,724,4564,4564,307,307,17031242000,0.3440065681444992,0.16842105263157894,0.06726555652936021,0.29720853858784896,0.3081525804038893,51.3586387434555,0.050056174920058774,0.2021460687542755,1.0,True,0.7511856346956723,0.29019840812307973
Census Tract 2421; Cook County; Illinois,3792,219385,2266,2131,1254,646800,2266,33,659,1580,76,50,2131,457,3792,223,17,031,242100,3792,3792,219385,219385,2266,2266,2131,2131,1254,1254,646800,646800,2266,2266,33,33,659,659,1580,1580,76,76,50,50,2131,2131,457,457,3792,3792,223,223,17031242100,0.5884561238854997,0.07974683544303797,0.058808016877637134,0.21445330830595966,0.3053839364518976,96.81597528684907,0.017101972687690453,0.12567888891051818,1.0,True,0.8364936036878553,0.2146576396465916
Census Tract 2422; Cook County; Illinois,4182,162976,2198,2024,1077,679200,2198,93,922,1864,231,34,2024,270,4182,144,17,031,242200,4182,4182,162976,162976,2198,2198,2024,2024,1077,1077,679200,679200,2198,2198,93,93,922,922,1864,1864,231,231,34,34,2024,2024,270,270,4182,4182,144,144,17031242200,0.5321146245059288,0.14216738197424894,0.03443328550932568,0.13339920948616601,0.46178343949044587,74.14740673339399,0.018965016370082615,0.21606171798293095,1.0,True,0.8285897897857172,0.2557587993561995
Census Tract 2423; Cook County; Illinois,3208,116094,1921,1646,872,545600,1921,8,1336,1134,110,7,1646,199,3208,308,17,031,242300,3208,3208,116094,116094,1921,1921,1646,1646,872,872,545600,545600,1921,1921,8,8,1336,1336,1134,1134,110,110,7,7,1646,1646,199,199,3208,3208,308,308,17031242300,0.5297691373025516,0.10317460317460317,0.09600997506234414,0.12089914945321993,0.6996356064549714,60.434148880791255,0.012473721768983008,0.3289902547971737,1.0,True,0.8002360649326814,0.3187569586508653
Census Tract 2424; Cook County; Illinois,3084,110795,1697,1621,488,628300,1697,0,1074,1343,40,0,1621,329,3048,271,17,031,242400,3084,3084,110795,110795,1697,1697,1621,1621,488,488,628300,628300,1697,1697,0,0,1074,1074,1343,1343,40,40,0,0,1621,1621,329,329,3048,3048,271,271,17031242400,0.30104873534855026,0.029784065524944156,0.08891076115485565,0.202961135101789,0.6328815556865056,65.28874484384207,0.006045007746888727,0.44235336372166,1.0,True,0.7271693615247404,0.2867972212101641
Census Tract 2425; Cook County; Illinois,3394,97438,1726,1569,473,601400,1726,185,896,1936,58,63,1569,294,3344,333,17,031,242500,3394,3394,97438,97438,1726,1726,1569,1569,473,473,601400,601400,1726,1726,185,185,896,896,1936,1936,58,58,63,63,1569,1569,294,294,3344,3344,333,333,17031242500,0.301465901848311,0.0625,0.09958133971291866,0.18738049713193117,0.6263035921205099,56.45307068366164,0.011711281070745698,0.43749441489106367,1.0,True,0.7225278883440325,0.3002127256400921
Census Tract 2426; Cook County; Illinois,5888,96607,2663,2610,917,582400,2663,131,1387,2291,146,0,2610,452,5888,572,17,031,242600,5888,5888,96607,96607,2663,2663,2610,2610,917,917,582400,582400,2663,2663,131,131,1387,1387,2291,2291,146,146,0,0,2610,2610,452,452,5888,5888,572,572,17031242600,0.3513409961685824,0.06372762985595809,0.09714673913043478,0.1731800766283525,0.5700337964701464,36.27750657153586,0.011036355821798106,0.36975755456856624,1.0,True,0.740241707285087,0.2797664772498616
Census Tract 2427; Cook County; Illinois,1880,82351,852,801,290,554300,852,68,498,789,49,22,801,151,1880,282,17,031,242700,1880,1880,82351,82351,852,852,801,801,290,290,554300,554300,852,852,68,68,498,498,789,789,49,49,22,22,801,801,151,151,1880,1880,282,282,17031242700,0.3620474406991261,0.08998732572877059,0.15,0.18851435705368288,0.6643192488262911,96.65610328638498,0.016963902852739524,0.4238041649815665,1.0,True,0.72015766101465,0.34211113112760727
Census Tract 2428; Cook County; Illinois,1575,180750,768,708,418,671900,768,20,357,774,53,17,708,29,1575,84,17,031,242800,1575,1575,180750,180750,768,768,708,708,418,418,671900,671900,768,768,20,20,357,357,774,774,53,53,17,17,708,708,29,29,1575,1575,84,84,17031242800,0.5903954802259888,0.09043927648578812,0.05333333333333334,0.04096045197740113,0.4908854166666667,235.3515625,0.0037044336413670272,0.20106888535781542,1.0,True,0.8395700347345292,0.214004130560275
Census Tract 2429; Cook County; Illinois,2242,141645,980,879,463,492700,980,14,527,1033,43,24,879,58,2205,101,17,031,242900,2242,2242,141645,141645,980,980,879,879,463,463,492700,492700,980,980,14,14,527,527,1033,1033,43,43,24,24,879,879,58,58,2205,2205,101,101,17031242900,0.5267349260523322,0.06485963213939981,0.04580498866213152,0.06598407281001138,0.5520408163265306,144.53571428571428,0.004279702689516712,0.2612616377609064,1.0,True,0.8216983704246342,0.2235340332262116
Census Tract 2430; Cook County; Illinois,2364,149280,1204,1137,528,479700,1204,140,557,1197,12,0,1137,98,2364,105,17,031,243000,2364,2364,149280,149280,1204,1204,1137,1137,528,528,479700,479700,1204,1204,140,140,557,557,1197,1197,12,12,0,0,1137,1137,98,98,2364,2364,105,105,17031243000,0.46437994722955145,0.010025062656641603,0.044416243654822336,0.08619173262972735,0.5789036544850499,123.98671096345515,0.0008640775200975172,0.3100724059642879,1.0,True,0.8015384967036417,0.20909088723788216
Census Tract 2431; Cook County; Illinois,1912,125000,988,912,507,780600,988,11,546,842,20,14,912,123,1912,47,17,031,243100,1912,1912,125000,125000,988,988,912,912,507,507,780600,780600,988,988,11,11,546,546,842,842,20,20,14,14,912,912,123,123,1912,1912,47,47,17031243100,0.555921052631579,0.040380047505938245,0.024581589958158997,0.13486842105263158,0.5637651821862348,126.51821862348179,0.005445993249156145,0.25035624866822925,1.0,True,0.8409137819704858,0.2294039509495627
Census Tract 2432; Cook County; Illinois,2587,123750,1208,1172,660,665400,1208,33,456,1099,89,0,1172,151,2574,240,17,031,243200,2587,2587,123750,123750,1208,1208,1172,1172,660,660,665400,665400,1208,1208,33,33,456,456,1099,1099,89,89,0,0,1172,1172,151,151,2574,2574,240,240,17031243200,0.5631399317406144,0.08098271155595996,0.09324009324009325,0.128839590443686,0.40480132450331124,102.44205298013244,0.010433779389889038,0.17684153425400626,1.0,True,0.812602692157447,0.22692801899559378
Census Tract 2433; Cook County; Illinois,2340,128000,1444,1416,335,664600,1444,102,663,1290,102,35,1416,541,2340,131,17,031,243300,2340,2340,128000,128000,1444,1444,1416,1416,335,335,664600,664600,1444,1444,102,102,663,663,1290,1290,102,102,35,35,1416,1416,541,541,2340,2340,131,131,17031243300,0.2365819209039548,0.1062015503875969,0.055982905982905985,0.3820621468926554,0.5297783933518005,88.6426592797784,0.04057559234441379,0.4044424033992206,1.0,True,0.7204204384733526,0.3437743495227203
Census Tract 2434; Cook County; Illinois,2972,125278,1631,1562,716,462700,1631,135,471,1358,86,14,1562,452,2972,366,17,031,243400,2972,2972,125278,125278,1631,1631,1562,1562,716,716,462700,462700,1631,1631,135,135,471,471,1358,1358,86,86,14,14,1562,1562,452,452,2972,2972,366,366,17031243400,0.45838668373879643,0.07363770250368189,0.12314939434724091,0.2893725992317542,0.37155119558553035,76.81054567749847,0.021308733374945082,0.20123707520189416,1.0,True,0.7643047453648708,0.2757242399413924
Census Tract 2435; Cook County; Illinois,4824,157283,2918,2710,905,601300,2918,212,412,2333,102,0,2710,648,4824,289,17,031,243500,4824,4824,157283,157283,2918,2918,2710,2710,905,905,601300,601300,2918,2918,212,212,412,412,2333,2333,102,102,0,0,2710,2710,648,648,4824,4824,289,289,17031243500,0.3339483394833948,0.04372053150450064,0.059908789386401325,0.23911439114391145,0.21384509938313914,53.900959561343385,0.01045420827118687,0.14243188353747827,1.0,True,0.7511341675081366,0.17909701805269446
Census Tract 2502; Cook County; Illinois,2610,45956,890,871,462,276500,890,0,420,823,170,79,871,182,2610,646,17,031,250200,2610,2610,45956,45956,890,890,871,871,462,462,276500,276500,890,890,0,0,420,420,823,823,170,170,79,79,871,871,182,182,2610,2610,646,646,17031250200,0.5304247990815155,0.3025516403402187,0.2475095785440613,0.208955223880597,0.47191011235955055,51.635955056179775,0.06321974574273226,0.22159728582670055,1.0,True,0.7326409711703756,0.4362731308817245
Census Tract 2503; Cook County; Illinois,5144,60573,1765,1670,842,299100,1765,41,834,1815,482,69,1670,193,5144,1126,17,031,250300,5144,5144,60573,60573,1765,1765,1670,1670,842,842,299100,299100,1765,1765,41,41,834,834,1815,1815,482,482,69,69,1670,1670,193,193,5144,5144,1126,1126,17031250300,0.5041916167664671,0.30358126721763085,0.21889580093312597,0.1155688622754491,0.49575070821529743,34.318980169971674,0.03508454166048069,0.24579735712710554,1.0,True,0.736705246716865,0.40372247684795726
Census Tract 2504; Cook County; Illinois,5733,47723,2171,2040,1117,257300,2171,60,1229,2072,308,48,2040,374,5733,907,17,031,250400,5733,5733,47723,47723,2171,2171,2040,2040,1117,1117,257300,257300,2171,2171,60,60,1229,1229,2072,2072,308,308,48,48,2040,2040,374,374,5733,5733,907,907,17031250400,0.5475490196078432,0.1718146718146718,0.15820687249258678,0.18333333333333332,0.5937356057116536,21.982035928143713,0.03149935649935649,0.2686362568979687,1.0,True,0.7783025846476072,0.36528019353982655
Census Tract 2505; Cook County; Illinois,7509,102237,3057,2890,2564,333100,3057,95,903,3065,425,18,2890,154,7509,723,17,031,250500,7509,7509,102237,102237,3057,3057,2890,2890,2564,2564,333100,333100,3057,3057,95,95,903,903,3065,3065,425,425,18,18,2890,2890,154,154,7509,7509,723,723,17031250500,0.8871972318339101,0.14453507340946167,0.09628445864962046,0.05328719723183391,0.32646385345109585,33.443572129538765,0.0077018689636875765,0.03682602637545232,1.0,True,0.9192490374728948,0.2141859980691187
Census Tract 2506; Cook County; Illinois,3887,-666666666,1424,1326,1095,265600,1424,0,1007,1293,214,127,1326,188,3876,1000,17,031,250600,3887,3887,-666666666,-666666666,1424,1424,1326,1326,1095,1095,265600,265600,1424,1424,0,0,1007,1007,1293,1293,214,214,127,127,1326,1326,188,188,3876,3876,1000,1000,17031250600,0.8257918552036199,0.2637277648878577,0.2579979360165119,0.14177978883861236,0.7071629213483146,-468164.7935393258,0.037391266816679675,0.12319354059687837,1.0,True,0.49317297769310153,0.46385864756901546
Census Tract 2507; Cook County; Illinois,6676,50858,2410,2248,609,239300,2410,168,1283,2278,125,135,2248,703,6458,1448,17,031,250700,6676,6676,50858,50858,2410,2410,2248,2248,609,609,239300,239300,2410,2410,168,168,1283,1283,2278,2278,125,125,135,135,2248,2248,703,703,6458,6458,1448,1448,17031250700,0.2709074733096085,0.1141352063213345,0.22421802415608547,0.3127224199288256,0.6020746887966805,21.102904564315352,0.035692637919883516,0.4389681561111029,1.0,True,0.656557929095866,0.4020507997452082
Census Tract 2508; Cook County; Illinois,2742,77414,876,840,614,268500,876,0,530,1060,151,13,840,187,2742,543,17,031,250800,2742,2742,77414,77414,876,876,840,840,614,614,268500,268500,876,876,0,0,530,530,1060,1060,151,151,13,13,840,840,187,187,2742,2742,543,543,17031250800,0.7309523809523809,0.15471698113207547,0.19803063457330417,0.2226190476190476,0.6050228310502284,88.37214611872146,0.034442946990116796,0.16277995216351385,1.0,True,0.8216353398824864,0.3857329654185146
Census Tract 2510; Cook County; Illinois,1196,40625,447,407,211,242600,447,52,319,413,76,0,407,63,1196,375,17,031,251000,1196,1196,40625,40625,447,447,407,407,211,211,242600,242600,447,447,52,52,319,319,413,413,76,76,0,0,407,407,63,63,1196,1196,375,375,17031251000,0.5184275184275184,0.18401937046004843,0.31354515050167225,0.1547911547911548,0.8299776286353467,90.88366890380313,0.028484570857452214,0.39969438627156745,1.0,True,0.6990959141562736,0.4802389074248142
Census Tract 2511; Cook County; Illinois,4521,43370,1870,1792,756,239400,1870,123,774,1442,142,129,1792,653,4520,1374,17,031,251100,4521,4521,43370,43370,1870,1870,1792,1792,756,756,239400,239400,1870,1870,123,123,774,774,1442,1442,142,142,129,129,1792,1792,653,653,4520,4520,1374,1374,17031251100,0.421875,0.18793342579750347,0.30398230088495576,0.36439732142857145,0.47967914438502673,23.192513368983956,0.06848243696750546,0.27731450534759355,1.0,True,0.6711913851303611,0.44903506660221215
Census Tract 2512; Cook County; Illinois,4314,60064,1346,1245,809,242200,1346,207,777,1639,131,130,1245,304,4275,644,17,031,251200,4314,4314,60064,60064,1346,1346,1245,1245,809,809,242200,242200,1346,1346,207,207,777,777,1639,1639,131,131,130,130,1245,1245,304,304,4275,4275,644,644,17031251200,0.6497991967871486,0.15924344112263575,0.15064327485380116,0.24417670682730924,0.7310549777117384,44.62407132243685,0.03888353903717371,0.256016040387404,1.0,True,0.8157759824481877,0.4142055733957749
Census Tract 2513; Cook County; Illinois,4515,43138,1741,1544,512,271800,1741,47,1017,1473,213,118,1544,373,4515,1265,17,031,251300,4515,4515,43138,43138,1741,1741,1544,1544,512,512,271800,271800,1741,1741,47,47,1017,1017,1473,1473,213,213,118,118,1544,1544,373,373,4515,4515,1265,1265,17031251300,0.3316062176165803,0.22471147318397827,0.28017718715393136,0.241580310880829,0.6111430212521539,24.777713957495692,0.05428586755027454,0.40848419555195775,1.0,True,0.6517517166967797,0.4568288774088302
Census Tract 2514; Cook County; Illinois,3170,24160,2177,2063,320,315100,2177,97,1014,975,31,13,2063,1106,3170,824,17,031,251400,3170,3170,24160,24160,2177,2177,2063,2063,320,320,315100,315100,2177,2177,97,97,1014,1014,975,975,31,31,13,13,2063,2063,1106,1106,3170,3170,824,824,17031251400,0.15511391177896267,0.04512820512820513,0.2599369085173502,0.5361124575860398,0.510335323840147,11.097841065686724,0.024193792957728975,0.4311752154403181,1.0,True,0.6019666519143906,0.42531179939536823
Census Tract 2515; Cook County; Illinois,4489,54938,1560,1453,600,241100,1560,48,690,1639,94,0,1453,509,4377,1339,17,031,251500,4489,4489,54938,54938,1560,1560,1453,1453,600,600,241100,241100,1560,1560,48,48,690,690,1639,1639,94,94,0,0,1453,1453,509,509,4377,4377,1339,1339,17031251500,0.41293874741913283,0.05735204392922514,0.3059172949508796,0.35030970406056433,0.47307692307692306,35.21666666666667,0.020090977536115343,0.277725131028641,1.0,True,0.6673527295259274,0.3766764988445004
Census Tract 2516; Cook County; Illinois,3983,46869,1345,1169,692,206100,1345,59,1122,1291,120,72,1169,318,3983,791,17,031,251600,3983,3983,46869,46869,1345,1345,1169,1169,692,692,206100,206100,1345,1345,59,59,1122,1122,1291,1291,120,120,72,72,1169,1169,318,318,3983,3983,791,791,17031251600,0.5919589392643285,0.14872192099147946,0.19859402460456943,0.272027373823781,0.8780669144981412,34.84684014869889,0.040456433597340004,0.3582873551887197,1.0,True,0.7750368738457348,0.47486419404783936
Census Tract 2517; Cook County; Illinois,1368,55750,458,442,215,244600,458,44,367,431,61,0,442,93,1368,355,17,031,251700,1368,1368,55750,55750,458,458,442,442,215,215,244600,244600,458,458,44,44,367,367,431,431,61,61,0,0,442,442,93,93,1368,1368,355,355,17031251700,0.48642533936651583,0.14153132250580047,0.2595029239766082,0.21040723981900453,0.8973799126637555,121.72489082969432,0.029779214916378832,0.46087158410559387,1.0,True,0.7126137415295052,0.4771408424069791
Census Tract 2518; Cook County; Illinois,4532,34220,1958,1622,408,266300,1958,122,934,1444,407,63,1622,629,4418,1385,17,031,251800,4532,4532,34220,34220,1958,1958,1622,1622,408,408,266300,266300,1958,1958,122,122,934,934,1444,1444,407,407,63,63,1622,1622,629,629,4418,4418,1385,1385,17031251800,0.25154130702836003,0.3254847645429363,0.31349026708918065,0.3877928483353884,0.5393258426966292,17.477017364657815,0.1262206639318785,0.4036631153105474,1.0,True,0.6101551963847649,0.5465687619377835
Census Tract 2519; Cook County; Illinois,5519,42677,2510,2383,562,233500,2510,281,1123,2172,251,182,2383,1187,5475,1148,17,031,251900,5519,5519,42677,42677,2510,2510,2383,2383,562,562,233500,233500,2510,2510,281,281,1123,1123,2172,2172,251,251,182,182,2383,2383,1187,1187,5475,5475,1148,1148,17031251900,0.23583718002517834,0.19935543278084714,0.20968036529680364,0.4981116240033571,0.5593625498007968,17.002788844621513,0.09930125837635986,0.4274440634440835,1.0,True,0.6513676672851064,0.48854206539541284
Census Tract 2520; Cook County; Illinois,5643,36645,2607,2313,497,245800,2607,234,1158,1802,51,149,2313,1005,5565,1334,17,031,252000,5643,5643,36645,36645,2607,2607,2313,2313,497,497,245800,245800,2607,2607,234,234,1158,1158,1802,1802,51,51,149,149,2313,2313,1005,1005,5565,5565,1334,1334,17031252000,0.2148724600086468,0.11098779134295228,0.23971248876909254,0.4345006485084306,0.5339470655926352,14.05638665132336,0.04822426731503115,0.41921654609434733,1.0,True,0.6309405024013401,0.42593726241193275
Census Tract 2521.01; Cook County; Illinois,1801,51250,808,751,230,244800,808,0,378,607,9,156,751,295,1755,120,17,031,252101,1801,1801,51250,51250,808,808,751,751,230,230,244800,244800,808,808,0,0,378,378,607,607,9,9,156,156,751,751,295,295,1755,1755,120,120,17031252101,0.3062583222370173,0.27182866556836904,0.06837606837606838,0.39280958721704395,0.46782178217821785,63.42821782178218,0.10677690591567093,0.3245474680623855,1.0,True,0.7380630347789591,0.4186447100171241
Census Tract 2521.02; Cook County; Illinois,5766,52049,2510,2244,716,197100,2510,17,811,2068,388,72,2244,960,5766,1265,17,031,252102,5766,5766,52049,52049,2510,2510,2244,2244,716,716,197100,197100,2510,2510,17,17,811,811,2068,2068,388,388,72,72,2244,2244,960,960,5766,5766,1265,1265,17031252102,0.31907308377896615,0.22243713733075435,0.21938952480055499,0.42780748663101603,0.3298804780876494,20.736653386454183,0.09516027265486816,0.22462449666574344,1.0,True,0.6747739241894818,0.41697271469824293
Census Tract 2522.01; Cook County; Illinois,3128,49100,1182,1072,458,239900,1182,15,404,1104,93,10,1072,219,2787,931,17,031,252201,3128,3128,49100,49100,1182,1182,1072,1072,458,458,239900,239900,1182,1182,15,15,404,404,1104,1104,93,93,10,10,1072,1072,219,219,2787,2787,931,931,17031252201,0.42723880597014924,0.09329710144927536,0.3340509508432006,0.2042910447761194,0.3544839255499154,41.53976311336717,0.019059762329656067,0.20303463646235825,1.0,True,0.6595299329830665,0.3243272794815978
Census Tract 2522.02; Cook County; Illinois,5129,46875,2019,1889,597,257100,2019,60,1261,1626,308,46,1889,651,5109,1593,17,031,252202,5129,5129,46875,46875,2019,2019,1889,1889,597,597,257100,257100,2019,2019,60,60,1261,1261,1626,1626,308,308,46,46,1889,1889,651,651,5109,5109,1593,1593,17031252202,0.31604023292747485,0.2177121771217712,0.3118027011156782,0.3446267866596083,0.654284299157999,23.216939078751857,0.0750294480181435,0.44750413685131535,1.0,True,0.6324161545332019,0.5091199803566626
Census Tract 2601; Cook County; Illinois,1106,15817,726,661,73,325500,726,19,250,363,43,18,661,496,1106,397,17,031,260100,1106,1106,15817,15817,726,726,661,661,73,73,325500,325500,726,726,19,19,250,250,363,363,43,43,18,18,661,661,496,496,1106,1106,397,397,17031260100,0.11043872919818457,0.16804407713498623,0.3589511754068716,0.7503782148260212,0.37052341597796146,21.786501377410467,0.12609661461263716,0.3296032807791851,1.0,True,0.5427732947412346,0.5513988574370983
Census Tract 2602; Cook County; Illinois,1209,49250,512,423,93,162500,512,36,283,519,77,45,423,122,1209,181,17,031,260200,1209,1209,49250,49250,512,512,423,423,93,93,162500,162500,512,512,36,36,283,283,519,519,77,77,45,45,423,423,122,122,1209,1209,181,181,17031260200,0.2198581560283688,0.2350674373795761,0.14971050454921422,0.28841607565011823,0.623046875,96.19140625,0.06779722780214725,0.48606493794326244,1.0,True,0.6728742043060887,0.43675672423783285
Census Tract 2603; Cook County; Illinois,1429,-666666666,641,518,163,242600,641,4,166,498,28,41,518,228,1424,568,17,031,260300,1429,1429,-666666666,-666666666,641,641,518,518,163,163,242600,242600,641,641,4,4,166,166,498,498,28,28,41,41,518,518,228,228,1424,1424,568,568,17031260300,0.31467181467181465,0.13855421686746988,0.398876404494382,0.44015444015444016,0.26521060842433697,-1040041.600624025,0.06098525375633809,0.18175630500123482,1.0,True,0.2597727714132208,0.42036419439936357
Census Tract 2604; Cook County; Illinois,1511,-666666666,585,526,121,161200,585,0,211,441,116,0,526,61,1511,964,17,031,260400,1511,1511,-666666666,-666666666,585,585,526,526,121,121,161200,161200,585,585,0,0,211,211,441,441,116,116,0,0,526,526,61,61,1511,1511,964,964,17031260400,0.2300380228136882,0.26303854875283444,0.6379880873593646,0.11596958174904944,0.3606837606837607,-1139601.1384615384,0.03050447048274316,0.27771278151506285,1.0,True,0.12458661918799367,0.48615941128725465
Census Tract 2605; Cook County; Illinois,1985,54417,757,674,362,217500,757,60,530,645,36,11,674,87,1982,549,17,031,260500,1985,1985,54417,54417,757,757,674,674,362,362,217500,217500,757,757,60,60,530,530,645,645,36,36,11,11,674,674,87,87,1982,1982,549,549,17031260500,0.5370919881305638,0.07286821705426356,0.27699293642785067,0.129080118694362,0.7793923381770145,71.88507265521797,0.009405838106410875,0.36078695773179303,1.0,True,0.7216771957071274,0.3888784148913662
Census Tract 2606; Cook County; Illinois,1793,50368,852,614,321,189600,852,0,552,469,17,0,614,109,1793,391,17,031,260600,1793,1793,50368,50368,852,852,614,614,321,321,189600,189600,852,852,0,0,552,552,469,469,17,17,0,0,614,614,109,109,1793,1793,391,391,17031260600,0.5228013029315961,0.03624733475479744,0.2180702732849972,0.1775244299674267,0.647887323943662,59.117370892018776,0.00643478744018391,0.30917098683305044,1.0,True,0.7432727032206449,0.3294101128409142
Census Tract 2607; Cook County; Illinois,1198,67986,638,463,207,242600,638,0,442,439,3,0,463,34,1198,358,17,031,260700,1198,1198,67986,67986,638,638,463,463,207,207,242600,242600,638,638,0,0,442,442,439,439,3,3,0,0,463,463,34,34,1198,1198,358,358,17031260700,0.4470842332613391,0.00683371298405467,0.2988313856427379,0.0734341252699784,0.6927899686520376,106.56112852664577,0.0005018277353301486,0.38305449670609415,1.0,True,0.6819112065048832,0.3204418398559198
Census Tract 2608; Cook County; Illinois,1719,35462,992,693,94,205300,992,6,487,650,65,0,693,265,1719,231,17,031,260800,1719,1719,35462,35462,992,992,693,693,94,94,205300,205300,992,992,6,6,487,487,650,650,65,65,0,0,693,693,265,265,1719,1719,231,231,17031260800,0.13564213564213565,0.1,0.1343804537521815,0.3823953823953824,0.4969758064516129,35.747983870967744,0.03823953823953824,0.4295649467020434,1.0,True,0.6516537349746191,0.3578846156930139
Census Tract 2609; Cook County; Illinois,1174,23495,579,465,175,245900,579,44,346,290,22,27,465,187,1136,535,17,031,260900,1174,1174,23495,23495,579,579,465,465,175,175,245900,245900,579,579,44,44,346,346,290,290,22,22,27,27,465,465,187,187,1136,1136,535,535,17031260900,0.3763440860215054,0.16896551724137931,0.4709507042253521,0.4021505376344086,0.6735751295336787,40.57858376511226,0.06794957360029663,0.4200791130425093,1.0,True,0.5813053851195402,0.5615740645904326
Census Tract 2610; Cook County; Illinois,1972,47708,1116,879,274,175000,1116,13,773,764,52,13,879,357,1972,453,17,031,261000,1972,1972,47708,47708,1116,1116,879,879,274,274,175000,175000,1116,1116,13,13,773,773,764,764,52,52,13,13,879,879,357,357,1972,1972,453,453,17031261000,0.3117178612059158,0.08507853403141362,0.2297160243407708,0.4061433447098976,0.7043010752688172,42.74910394265233,0.034554080374533176,0.4847578504409948,1.0,True,0.6677000966203629,0.4476772375123642
Census Tract 2705; Cook County; Illinois,1426,24181,738,605,141,165500,738,0,268,333,40,21,605,197,1426,816,17,031,270500,1426,1426,24181,24181,738,738,605,605,141,141,165500,165500,738,738,0,0,268,268,333,333,40,40,21,21,605,605,197,197,1426,1426,816,816,17031270500,0.23305785123966943,0.1831831831831832,0.5722300140252454,0.3256198347107438,0.36314363143631434,32.765582655826556,0.059648077829896014,0.27851015700239645,1.0,True,0.48823284466910666,0.4916477604347945
Census Tract 2712; Cook County; Illinois,1299,32905,470,402,121,303400,470,15,218,194,31,23,402,195,1299,436,17,031,271200,1299,1299,32905,32905,470,470,402,402,121,121,303400,303400,470,470,15,15,218,218,194,194,31,31,23,23,402,402,195,195,1299,1299,436,436,17031271200,0.3009950248756219,0.27835051546391754,0.33564280215550424,0.48507462686567165,0.4957446808510638,70.01063829787235,0.13502077242652716,0.3465279983063406,1.0,True,0.6167284083665479,0.5491846389117508
Census Tract 2713; Cook County; Illinois,953,45488,402,343,86,414000,402,0,169,479,66,10,343,85,953,280,17,031,271300,953,953,45488,45488,402,402,343,343,86,86,414000,414000,402,402,0,0,169,169,479,479,66,66,10,10,343,343,85,85,953,953,280,280,17031271300,0.25072886297376096,0.15866388308977036,0.2938090241343127,0.2478134110787172,0.42039800995024873,113.1542288557214,0.03931903808347079,0.314992094918991,1.0,True,0.6186950988975924,0.37657475297291787
Census Tract 2714; Cook County; Illinois,1508,41591,661,610,161,212500,661,0,402,425,0,41,610,173,1508,413,17,031,271400,1508,1508,41591,41591,661,661,610,610,161,161,212500,212500,661,661,0,0,402,402,425,425,0,0,41,41,610,610,173,173,1508,1508,413,413,17031271400,0.2639344262295082,0.09647058823529411,0.2738726790450928,0.2836065573770492,0.6081694402420574,62.9213313161876,0.027359691417550628,0.4476525879814488,1.0,True,0.6320142196265051,0.4020071830295256
Census Tract 2715; Cook County; Illinois,1469,52390,560,493,211,273800,560,94,171,473,0,0,493,101,1469,358,17,031,271500,1469,1469,52390,52390,560,560,493,493,211,211,273800,273800,560,560,94,94,171,171,473,473,0,0,0,0,493,493,101,101,1469,1469,358,358,17031271500,0.4279918864097363,0.0,0.24370319945541186,0.20486815415821502,0.4732142857142857,93.55357142857143,0.0,0.27068241089539263,1.0,True,0.7002027981851083,0.2796730798939874
Census Tract 2718; Cook County; Illinois,1006,90331,338,253,42,237500,338,0,167,379,152,0,253,128,1006,162,17,031,271800,1006,1006,90331,90331,338,338,253,253,42,42,237500,237500,338,338,0,0,167,167,379,379,152,152,0,0,253,253,128,128,1006,1006,162,162,17031271800,0.16600790513833993,0.40105540897097625,0.1610337972166998,0.5059288537549407,0.4940828402366864,267.25147928994085,0.20290550335290497,0.412061182964193,1.0,True,0.6498787865413381,0.5594656134498399
Census Tract 2801; Cook County; Illinois,7742,146383,5816,5641,1510,428900,5816,13,835,4088,285,104,5641,2255,7742,121,17,031,280100,7742,7742,146383,146383,5816,5816,5641,5641,1510,1510,428900,428900,5816,5816,13,13,835,835,4088,4088,285,285,104,104,5641,5641,2255,2255,7742,7742,121,121,17031280100,0.26768303492288603,0.09515655577299413,0.01562903642469646,0.3997518170537139,0.14580467675378267,25.16901650618982,0.03803900607482747,0.10677523837437976,1.0,True,0.7488503649457182,0.22333274954872454
Census Tract 2804; Cook County; Illinois,1508,40699,638,613,65,344000,638,54,16,628,107,20,613,327,1508,386,17,031,280400,1508,1508,40699,40699,638,638,613,613,65,65,344000,344000,638,638,54,54,16,16,628,628,107,107,20,20,613,613,327,327,1508,1508,386,386,17031280400,0.10603588907014681,0.20222929936305734,0.25596816976127323,0.533442088091354,0.109717868338558,63.791536050156736,0.10787761972548082,0.09808383662239768,1.0,True,0.5873911300734974,0.39166765421188676
Census Tract 2808; Cook County; Illinois,869,30231,495,425,53,370000,495,19,65,226,0,0,425,202,859,171,17,031,280800,869,869,30231,30231,495,495,425,425,53,53,370000,370000,495,495,19,19,65,65,226,226,0,0,0,0,425,425,202,202,859,859,171,171,17031280800,0.12470588235294118,0.0,0.1990686845168801,0.4752941176470588,0.1696969696969697,61.07272727272727,0.0,0.14853475935828878,1.0,True,0.6190651834514244,0.2673511412702282
Census Tract 2809; Cook County; Illinois,1253,46471,464,464,145,351100,464,12,107,471,27,0,464,137,1253,244,17,031,280900,1253,1253,46471,46471,464,464,464,464,145,145,351100,351100,464,464,12,12,107,107,471,471,27,27,0,0,464,464,137,137,1253,1253,244,244,17031280900,0.3125,0.05732484076433121,0.19473264166001597,0.2952586206896552,0.25646551724137934,100.15301724137932,0.016925653415330554,0.1763200431034483,1.0,True,0.6836112184890574,0.2612566458976935
Census Tract 2819; Cook County; Illinois,6907,121838,4914,4529,1216,396100,4914,1603,852,3758,340,0,4529,2185,6798,745,17,031,281900,6907,6907,121838,121838,4914,4914,4529,4529,1216,1216,396100,396100,4914,4914,1603,1603,852,852,3758,3758,340,340,0,0,4529,4529,2185,2185,6798,6798,745,745,17031281900,0.26849194082578937,0.09047365620010644,0.10959105619299794,0.48244645617134024,0.4995929995929996,24.794057794057792,0.04364869481060556,0.36545630550929736,1.0,True,0.7070705702723513,0.3777014333360316
Census Tract 2827; Cook County; Illinois,2239,103942,1188,1072,556,319200,1188,0,227,1059,58,71,1072,199,2214,310,17,031,282700,2239,2239,103942,103942,1188,1188,1072,1072,556,556,319200,319200,1188,1188,0,0,227,227,1059,1059,58,58,71,71,1072,1072,199,199,2214,2214,310,310,17031282700,0.5186567164179104,0.12181303116147309,0.14001806684733514,0.18563432835820895,0.19107744107744107,87.493265993266,0.022612680224937634,0.09197384290667872,1.0,True,0.7768373076984109,0.222231276905974
Census Tract 2828; Cook County; Illinois,1727,110313,799,666,251,404800,799,45,285,760,33,10,666,119,1727,163,17,031,282800,1727,1727,110313,110313,799,799,666,666,251,251,404800,404800,799,799,45,45,285,285,760,760,33,33,10,10,666,666,119,119,1727,1727,163,163,17031282800,0.3768768768768769,0.056578947368421055,0.09438332368268675,0.17867867867867868,0.4130162703379224,138.06382978723406,0.010109451556819977,0.2573599882736303,1.0,True,0.7499968275095087,0.2332217884041556
Census Tract 2831; Cook County; Illinois,2560,-666666666,1528,1471,343,465800,1528,152,181,1230,28,0,1471,624,2560,718,17,031,283100,2560,2560,-666666666,-666666666,1528,1528,1471,1471,343,343,465800,465800,1528,1528,152,152,181,181,1230,1230,28,28,0,0,1471,1471,624,624,2560,2560,718,718,17031283100,0.23317471108089735,0.022764227642276424,0.28046875,0.42420122365737595,0.21793193717277487,-436300.1740837696,0.009656613221468721,0.1671157206872128,1.0,True,0.28558083318081195,0.3032392639923102
Census Tract 2832; Cook County; Illinois,1687,66404,843,824,302,441000,843,27,85,895,60,20,824,251,1687,145,17,031,283200,1687,1687,66404,66404,843,843,824,824,302,302,441000,441000,843,843,27,27,85,85,895,895,60,60,20,20,824,824,251,251,1687,1687,145,145,17031283200,0.36650485436893204,0.0893854748603352,0.08595139300533491,0.30461165048543687,0.132858837485172,78.77105575326216,0.02722785702663123,0.08416542860104342,1.0,True,0.7502898564664261,0.20969522791752332
Census Tract 2838; Cook County; Illinois,3515,85972,1697,1621,780,398300,1697,181,578,1585,152,0,1621,294,3515,883,17,031,283800,3515,3515,85972,85972,1697,1697,1621,1621,780,780,398300,398300,1697,1697,181,181,578,578,1585,1585,152,152,0,0,1621,1621,294,294,3515,3515,883,883,17031283800,0.4811844540407156,0.09589905362776026,0.2512091038406828,0.18136952498457742,0.44725987035945786,50.6611667648792,0.017393165802937396,0.23204537382622092,1.0,True,0.7145924126213102,0.3163124740603327
Census Tract 2909; Cook County; Illinois,4870,57753,1629,1286,303,222800,1629,42,887,1566,103,86,1286,426,4870,1462,17,031,290900,4870,4870,57753,57753,1629,1629,1286,1286,303,303,222800,222800,1629,1629,42,42,887,887,1566,1566,103,103,86,86,1286,1286,426,426,4870,4870,1462,1462,17031290900,0.23561430793157076,0.1206896551724138,0.3002053388090349,0.3312597200622084,0.5702885205647636,35.45303867403315,0.03997962138681826,0.4359203854705775,1.0,True,0.610801431304071,0.42801460946522407
Census Tract 2912; Cook County; Illinois,2225,-666666666,975,728,197,243900,975,0,592,597,184,1,728,320,2225,1167,17,031,291200,2225,2225,-666666666,-666666666,975,975,728,728,197,197,243900,243900,975,975,0,0,592,592,597,597,184,184,1,1,728,728,320,320,2225,2225,1167,1167,17031291200,0.2706043956043956,0.3098827470686767,0.5244943820224719,0.43956043956043955,0.6071794871794872,-683760.6830769231,0.13621219651370403,0.44287404902789523,1.0,True,0.1888840811622834,0.6450063713339416
Census Tract 2916; Cook County; Illinois,1506,118906,662,626,172,373900,662,5,482,432,36,22,626,102,1506,305,17,031,291600,1506,1506,118906,118906,662,662,626,626,172,172,373900,373900,662,662,5,5,482,482,432,432,36,36,22,22,626,626,102,102,1506,1506,305,305,17031291600,0.2747603833865815,0.13425925925925927,0.20252324037184594,0.16293929712460065,0.7356495468277946,179.61631419939576,0.021876109336173236,0.5335221953032249,1.0,True,0.6675821561997872,0.39394713657098007
Census Tract 2922; Cook County; Illinois,2658,50547,1321,975,303,244800,1321,49,728,883,46,58,975,401,2658,407,17,031,292200,2658,2658,50547,50547,1321,1321,975,975,303,303,244800,244800,1321,1321,49,49,728,728,883,883,46,46,58,58,975,975,401,401,2658,2658,407,407,17031292200,0.31076923076923074,0.11778029445073612,0.15312264860797592,0.4112820512820513,0.5881907645722937,38.26419379258138,0.048440921102302754,0.4053991731205963,1.0,True,0.7016520033859134,0.40797250865385265
Census Tract 2924; Cook County; Illinois,1916,41733,960,722,227,255500,960,0,413,865,348,0,722,296,1916,561,17,031,292400,1916,1916,41733,41733,960,960,722,722,227,227,255500,255500,960,960,0,0,413,413,865,865,348,348,0,0,722,722,296,296,1916,1916,561,561,17031292400,0.314404432132964,0.4023121387283237,0.2927974947807933,0.4099722991689751,0.43020833333333336,43.471875,0.16493683249803853,0.2949489265927978,1.0,True,0.6403709544919008,0.5555783214614767
Census Tract 2925; Cook County; Illinois,3310,56283,1726,1435,496,239600,1726,37,1070,1200,139,62,1435,431,3310,373,17,031,292500,3310,3310,56283,56283,1726,1726,1435,1435,496,496,239600,239600,1726,1726,37,37,1070,1070,1200,1200,139,139,62,62,1435,1435,431,431,3310,3310,373,373,17031292500,0.3456445993031359,0.1675,0.11268882175226586,0.3003484320557491,0.6413673232908459,32.60892236384704,0.05030836236933798,0.41968217182585665,1.0,True,0.7313694652318201,0.3988122202777108
Census Tract 3005; Cook County; Illinois,3355,87721,1043,943,424,225300,1043,0,651,1553,204,0,943,104,3355,732,17,031,300500,3355,3355,87721,87721,1043,1043,943,943,424,424,225300,225300,1043,1043,0,0,651,651,1553,1553,204,204,0,0,943,943,104,104,3355,3355,732,732,17031300500,0.4496288441145281,0.1313586606567933,0.21818181818181817,0.1102863202545069,0.6241610738255033,84.10450623202301,0.014487063317398201,0.3435202516600597,1.0,True,0.7188506496431217,0.34968145155464886
Census Tract 3006; Cook County; Illinois,3260,59097,1042,1011,393,281400,1042,0,573,1275,125,1,1011,265,3154,510,17,031,300600,3260,3260,59097,59097,1042,1042,1011,1011,393,393,281400,281400,1042,1042,0,0,573,573,1275,1275,125,125,1,1,1011,1011,265,265,3154,3154,510,510,17031300600,0.3887240356083086,0.0988235294117647,0.1616994292961319,0.26211671612265086,0.5499040307101728,56.714971209213054,0.025903299005061966,0.33614311669523916,1.0,True,0.7238040920003375,0.3424067924766732
Census Tract 3007; Cook County; Illinois,4329,48435,1850,1774,830,287300,1850,0,1341,1825,286,0,1774,388,4329,691,17,031,300700,4329,4329,48435,48435,1850,1850,1774,1774,830,830,287300,287300,1850,1850,0,0,1341,1341,1825,1825,286,286,0,0,1774,1774,388,388,4329,4329,691,691,17031300700,0.46786922209695603,0.1567123287671233,0.1596211596211596,0.21871476888387825,0.7248648648648649,26.181081081081082,0.034275300767555715,0.3857229044151254,1.0,True,0.751110277707468,0.4059907136736419
Census Tract 3008; Cook County; Illinois,3764,36349,1234,1121,313,225600,1234,12,879,1285,32,0,1121,298,3764,1345,17,031,300800,3764,3764,36349,36349,1234,1234,1121,1121,313,313,225600,225600,1234,1234,12,12,879,879,1285,1285,32,32,0,0,1121,1121,298,298,3764,3764,1345,1345,17031300800,0.2792149866190901,0.024902723735408562,0.3573326248671626,0.26583407671721676,0.7220421393841167,29.456239870340358,0.006619992571946254,0.5204371530975613,1.0,True,0.5997664239772461,0.41948790658544705
Census Tract 3009; Cook County; Illinois,4267,32378,1772,1621,762,-666666666,1772,38,913,1439,87,43,1621,221,4226,1891,17,031,300900,4267,4267,32378,32378,1772,1772,1621,1621,762,762,-666666666,-666666666,1772,1772,38,38,913,913,1439,1439,87,87,43,43,1621,1621,221,221,4226,4226,1891,1891,17031300900,0.4700801974090068,0.09034051424600417,0.4474680548982489,0.13633559531153608,0.5366817155756207,18.272009029345373,0.012316627790479285,0.2843982687720285,1.0,True,0.6230609714545182,0.3897174991192728
Census Tract 3011; Cook County; Illinois,2403,52881,853,762,215,219300,853,15,548,978,11,0,762,257,2403,355,17,031,301100,2403,2403,52881,52881,853,853,762,762,215,215,219300,219300,853,853,15,15,548,548,978,978,11,11,0,0,762,762,257,257,2403,2403,355,355,17031301100,0.2821522309711286,0.011247443762781187,0.14773200166458594,0.33727034120734906,0.6600234466588512,61.994138335287225,0.003793429195583681,0.4737963586908026,1.0,True,0.6945258625251937,0.34795179625914724
Census Tract 3012; Cook County; Illinois,4087,48160,1774,1686,265,255400,1774,170,1042,1875,82,55,1686,602,4087,874,17,031,301200,4087,4087,48160,48160,1774,1774,1686,1686,265,265,255400,255400,1774,1774,170,170,1042,1042,1875,1875,82,82,55,55,1686,1686,602,602,4087,4087,874,874,17031301200,0.1571767497034401,0.07306666666666667,0.2138487888426719,0.3570581257413998,0.6832018038331454,27.14768883878241,0.026089047054171612,0.5758183649151244,1.0,True,0.6232853757520201,0.4145166771979311
Census Tract 3016; Cook County; Illinois,4228,43077,1543,1478,1135,233300,1543,16,1028,1197,0,45,1478,426,4116,967,17,031,301600,4228,4228,43077,43077,1543,1543,1478,1478,1135,1135,233300,233300,1543,1543,16,16,1028,1028,1197,1197,0,0,45,45,1478,1478,426,426,4116,4116,967,967,17031301600,0.7679296346414073,0.03759398496240601,0.23493683187560738,0.2882273342354533,0.6766040181464679,27.917692806221645,0.010835614069002004,0.15701974169434268,1.0,True,0.817432664162545,0.3794579307013961
Census Tract 3017.01; Cook County; Illinois,4496,58678,1549,1495,742,264100,1549,28,1120,2119,308,83,1495,356,4496,981,17,031,301701,4496,4496,58678,58678,1549,1549,1495,1495,742,742,264100,264100,1549,1549,28,28,1120,1120,2119,2119,308,308,83,83,1495,1495,356,356,4496,4496,981,981,17031301701,0.4963210702341137,0.18452100047192072,0.21819395017793594,0.23812709030100335,0.7411233053582956,37.88121368624919,0.04393944894180855,0.3732881932674225,1.0,True,0.7343947812914283,0.45062250747524485
Census Tract 3017.02; Cook County; Illinois,3801,76579,1335,1202,554,255000,1335,239,903,1758,105,0,1202,206,3684,323,17,031,301702,3801,3801,76579,76579,1335,1335,1202,1202,554,554,255000,255000,1335,1335,239,239,903,903,1758,1758,105,105,0,0,1202,1202,206,206,3684,3684,323,323,17031301702,0.46089850249584025,0.059726962457337884,0.08767643865363735,0.1713810316139767,0.8554307116104869,57.3625468164794,0.010236068441107823,0.46116397764026246,1.0,True,0.7809877325510756,0.3534758058245231
Census Tract 3018.01; Cook County; Illinois,4714,51235,1261,1209,758,277900,1261,8,837,1565,140,98,1209,234,4714,1017,17,031,301801,4714,4714,51235,51235,1261,1261,1209,1209,758,758,277900,277900,1261,1261,8,8,837,837,1565,1565,140,140,98,98,1209,1209,234,234,4714,4714,1017,1017,17031301801,0.6269644334160464,0.15207667731629393,0.21574034789987273,0.1935483870967742,0.6701030927835051,40.6304520222046,0.029434195609605276,0.2499722868861545,1.0,True,0.7790365528252586,0.3990835897753817
Census Tract 3018.02; Cook County; Illinois,2513,32165,1030,977,392,220600,1030,0,609,785,30,29,977,242,2513,820,17,031,301802,2513,2513,32165,32165,1030,1030,977,977,392,392,220600,220600,1030,1030,0,0,609,609,785,785,30,30,29,29,977,977,242,242,2513,2513,820,820,17031301802,0.40122824974411464,0.0751592356687898,0.3263032232391564,0.24769703172978505,0.5912621359223301,31.228155339805824,0.018616719582238622,0.3540310639862468,1.0,True,0.6543174973827549,0.39243530247976877
Census Tract 3018.03; Cook County; Illinois,3183,62102,1313,1206,434,193000,1313,28,976,1327,83,66,1206,356,3183,361,17,031,301803,3183,3183,62102,62102,1313,1313,1206,1206,434,434,193000,193000,1313,1313,28,28,976,976,1327,1327,83,83,66,66,1206,1206,356,356,3183,3183,361,361,17031301803,0.3598673300165838,0.11228334589299171,0.11341501727929626,0.29519071310116085,0.7646610814927647,47.2977913175933,0.03314500094353653,0.4894845397283701,1.0,True,0.7357883951724266,0.4035681225129198
Census Tract 3102; Cook County; Illinois,1508,104167,883,798,273,408100,883,26,586,843,95,0,798,174,1494,118,17,031,310200,1508,1508,104167,104167,883,883,798,798,273,273,408100,408100,883,883,26,26,586,586,843,843,95,95,0,0,798,798,174,174,1494,1494,118,118,17031310200,0.34210526315789475,0.11269276393831554,0.07898259705488621,0.21804511278195488,0.6930917327293318,117.96942242355605,0.024572106422640228,0.4559814031114025,1.0,True,0.7452932659141479,0.3474060780971286
Census Tract 3103; Cook County; Illinois,1560,78906,860,791,268,503700,860,33,344,858,54,80,791,169,1560,218,17,031,310300,1560,1560,78906,78906,860,860,791,791,268,268,503700,503700,860,860,33,33,344,344,858,858,54,54,80,80,791,791,169,169,1560,1560,218,218,17031310300,0.3388116308470291,0.1561771561771562,0.13974358974358975,0.213653603034134,0.4383720930232558,91.75116279069768,0.033367812128874075,0.28984652926822096,1.0,True,0.716999229367438,0.31760208479154867
Census Tract 3104; Cook County; Illinois,1447,83271,782,699,319,378400,782,0,479,618,13,20,699,81,1438,176,17,031,310400,1447,1447,83271,83271,782,782,699,699,319,319,378400,378400,782,782,0,0,479,479,618,618,13,13,20,20,699,699,81,81,1438,1438,176,176,17031310400,0.4563662374821173,0.05339805825242718,0.12239221140472879,0.11587982832618025,0.612531969309463,106.4846547314578,0.006187757823242635,0.33299305913819155,1.0,True,0.7639490196521933,0.27632737920020267
Census Tract 3105; Cook County; Illinois,1356,63070,741,682,227,407500,741,36,347,784,43,0,682,171,1356,232,17,031,310500,1356,1356,63070,63070,741,741,682,682,227,227,407500,407500,741,741,36,36,347,347,784,784,43,43,0,0,682,682,171,171,1356,1356,232,232,17031310500,0.33284457478005863,0.0548469387755102,0.1710914454277286,0.250733137829912,0.5168690958164642,85.11470985155195,0.013751945059548746,0.3448320214024798,1.0,True,0.7009777472882078,0.310246088134288
Census Tract 3106; Cook County; Illinois,5872,86938,2786,2613,536,369200,2786,115,1268,2551,198,112,2613,617,5872,562,17,031,310600,5872,5872,86938,86938,2786,2786,2613,2613,536,536,369200,369200,2786,2786,115,115,1268,1268,2551,2551,198,198,112,112,2613,2613,617,617,5872,5872,562,562,17031310600,0.20512820512820512,0.12152097216777734,0.09570844686648501,0.2361270570225794,0.49641062455132806,31.205312275664035,0.028694389524500045,0.39458280413054286,1.0,True,0.6921427474152059,0.3085607713291804
Census Tract 3107; Cook County; Illinois,1583,76111,711,620,76,423500,711,0,345,708,37,0,620,186,1583,370,17,031,310700,1583,1583,76111,76111,711,711,620,620,76,76,423500,423500,711,711,0,0,345,345,708,708,37,37,0,0,620,620,186,186,1583,1583,370,370,17031310700,0.12258064516129032,0.052259887005649715,0.2337334175615919,0.3,0.48523206751054854,107.04781997187061,0.015677966101694914,0.4257520076221587,1.0,True,0.602871234194302,0.33701953613912117
Census Tract 3108; Cook County; Illinois,4013,69435,2037,1824,563,379700,2037,57,1324,2053,131,0,1824,350,4013,778,17,031,310800,4013,4013,69435,69435,2037,2037,1824,1824,563,563,379700,379700,2037,2037,57,57,1324,1324,2053,2053,131,131,0,0,1824,1824,350,350,4013,4013,778,778,17031310800,0.3086622807017544,0.06380905991232343,0.19386992275105905,0.19188596491228072,0.6779577810505646,34.08689248895435,0.01224406303142171,0.4686977861319967,1.0,True,0.6827294235861027,0.3483613537627437
Census Tract 3109; Cook County; Illinois,4998,84571,2208,1926,759,271200,2208,160,1244,2186,193,0,1926,419,4998,1247,17,031,310900,4998,4998,84571,84571,2208,2208,1926,1926,759,759,271200,271200,2208,2208,160,160,1244,1244,2186,2186,193,193,0,0,1926,1926,419,419,4998,4998,1247,1247,17031310900,0.3940809968847352,0.08828911253430924,0.24949979991996799,0.21754932502596053,0.6358695652173914,38.302083333333336,0.019207236838980048,0.3852854530678586,1.0,True,0.6863219429423838,0.37606856343722267
Census Tract 3201.01; Cook County; Illinois,8972,125862,6630,5606,1970,638900,6630,547,0,3733,268,214,5606,1920,8968,239,17,031,320101,8972,8972,125862,125862,6630,6630,5606,5606,1970,1970,638900,638900,6630,6630,547,547,0,0,3733,3733,268,268,214,214,5606,5606,1920,1920,8968,8968,239,239,17031320101,0.3514092044238316,0.1291186713099384,0.026650312221231043,0.34249018908312523,0.08250377073906486,18.98371040723982,0.0442218781511027,0.053511186301683875,1.0,True,0.77181808222567,0.2082574407962411
Census Tract 3201.02; Cook County; Illinois,5040,97725,3075,2913,853,379600,3075,589,329,2607,216,48,2913,1711,5035,669,17,031,320102,5040,5040,97725,97725,3075,3075,2913,2913,853,853,379600,379600,3075,3075,589,589,329,329,2607,2607,216,216,48,48,2913,2913,1711,1711,5035,5035,669,669,17031320102,0.292825266048747,0.10126582278481013,0.13286991062562065,0.5873669756265019,0.29853658536585365,31.78048780487805,0.05948020006344323,0.2111175303308131,1.0,True,0.7047550253625693,0.3688431116690361
Census Tract 3204; Cook County; Illinois,3530,145278,1092,874,595,654700,1092,0,352,1257,51,50,874,270,1525,294,17,031,320400,3530,3530,145278,145278,1092,1092,874,874,595,595,654700,654700,1092,1092,0,0,352,352,1257,1257,51,51,50,50,874,874,270,270,1525,1525,294,294,17031320400,0.6807780320366132,0.08035003977724742,0.19278688524590165,0.30892448512585813,0.32234432234432236,133.03846153846155,0.02482209466802838,0.10289938894057889,1.0,True,0.8072904489668301,0.29511198353087453
Census Tract 3206; Cook County; Illinois,6262,118670,4347,3954,1331,380800,4347,83,961,2644,114,132,3954,2044,5950,835,17,031,320600,6262,6262,118670,118670,4347,4347,3954,3954,1331,1331,380800,380800,4347,4347,83,83,961,961,2644,2644,114,114,132,132,3954,3954,2044,2044,5950,5950,835,835,17031320600,0.3366211431461811,0.09304084720121028,0.1403361344537815,0.5169448659585231,0.2401656314699793,27.299286864504257,0.04809698828509708,0.1593208020601304,1.0,True,0.7160238459602563,0.3281794481504735
Census Tract 3301.01; Cook County; Illinois,4821,171388,2930,2643,1935,593500,2930,0,53,2544,65,0,2643,181,4821,481,17,031,330101,4821,4821,171388,171388,2930,2930,2643,2643,1935,1935,593500,593500,2930,2930,0,0,53,53,2544,2544,65,65,0,0,2643,2643,181,181,4821,4821,481,481,17031330101,0.7321225879682179,0.025550314465408806,0.09977183157021365,0.06848278471433976,0.01808873720136519,58.49419795221843,0.0017497566849182722,0.004845564108424727,1.0,True,0.8660318550639124,0.07363830486518794
Census Tract 3301.02; Cook County; Illinois,11992,120182,7361,6904,2448,390800,7361,254,206,5994,707,45,6904,2025,11992,337,17,031,330102,11992,11992,120182,120182,7361,7361,6904,6904,2448,2448,390800,390800,7361,7361,254,254,206,206,5994,5994,707,707,45,45,6904,6904,2025,2025,11992,11992,337,337,17031330102,0.354577056778679,0.1254587921254588,0.028102068045363575,0.2933082271147161,0.062491509305800844,16.326857763890775,0.03679809589427203,0.04033345386249255,1.0,True,0.7722217008542095,0.18544105564236446
Census Tract 3301.03; Cook County; Illinois,8408,97758,5067,5003,2471,364800,5067,249,952,3512,111,0,5003,1125,8244,1306,17,031,330103,8408,8408,97758,97758,5067,5067,5003,5003,2471,2471,364800,364800,5067,5067,249,249,952,952,3512,3512,111,111,0,0,5003,5003,1125,1125,8244,8244,1306,1306,17031330103,0.4939036578053168,0.03160592255125285,0.158418243571082,0.22486508095142915,0.2370238800078942,19.293072824156305,0.007107068333032073,0.11995691868478674,1.0,True,0.760351241333384,0.2078316125952961
Census Tract 3302; Cook County; Illinois,3981,143558,1971,1772,1254,603700,1971,49,142,1534,93,0,1772,331,3981,339,17,031,330200,3981,3981,143558,143558,1971,1971,1772,1772,1254,1254,603700,603700,1971,1971,49,49,142,142,1534,1534,93,93,0,0,1772,1772,331,331,3981,3981,339,339,17031330200,0.7076749435665914,0.060625814863103,0.08515448379804069,0.18679458239277652,0.09690512430238457,72.83510908168442,0.011324573769575108,0.028327795930381042,1.0,True,0.8644083069905428,0.14674226949834035
Census Tract 3403; Cook County; Illinois,1720,53030,744,718,317,395000,744,78,377,615,10,0,718,217,1720,196,17,031,340300,1720,1720,53030,53030,744,744,718,718,317,317,395000,395000,744,744,78,78,377,377,615,615,10,10,0,0,718,718,217,217,1720,1720,196,196,17031340300,0.4415041782729805,0.016260162601626018,0.11395348837209303,0.3022284122562674,0.6115591397849462,71.27688172043011,0.00491428312611817,0.34155322430886276,1.0,True,0.7627552399421768,0.31437291753855434
Census Tract 3404; Cook County; Illinois,1702,40583,747,705,265,358100,747,28,341,616,54,39,705,108,1682,443,17,031,340400,1702,1702,40583,40583,747,747,705,705,265,265,358100,358100,747,747,28,28,341,341,616,616,54,54,39,39,705,705,108,108,1682,1682,443,443,17031340400,0.375886524822695,0.15097402597402598,0.2633769322235434,0.15319148936170213,0.4939759036144578,54.32797858099063,0.023127935893893344,0.3082970178586687,1.0,True,0.6740267176680966,0.3524229145231128
Census Tract 3405; Cook County; Illinois,1672,62288,1083,999,397,460100,1083,99,548,677,73,0,999,396,1672,455,17,031,340500,1672,1672,62288,62288,1083,1083,999,999,397,397,460100,460100,1083,1083,99,99,548,548,677,677,73,73,0,0,999,999,396,396,1672,1672,455,455,17031340500,0.3973973973973974,0.10782865583456426,0.27212918660287083,0.3963963963963964,0.5974145891043398,57.51431209602955,0.04274289060108854,0.36000358622703954,1.0,True,0.6772922329989196,0.4405953426037744
Census Tract 3406; Cook County; Illinois,1430,21279,513,486,41,-666666666,513,49,58,333,0,3,486,245,1426,809,17,031,340600,1430,1430,21279,21279,513,513,486,486,41,41,-666666666,-666666666,513,513,49,49,58,58,333,333,0,0,3,3,486,486,245,245,1426,1426,809,809,17031340600,0.08436213991769548,0.009009009009009009,0.5673211781206171,0.5041152263374485,0.20857699805068225,41.47953216374269,0.0045415786156526895,0.1909809961575177,1.0,True,0.4408622947688821,0.4156368216005081
Census Tract 3501; Cook County; Illinois,2435,58295,1702,1491,0,-666666666,1702,134,90,981,148,34,1491,946,2435,600,17,031,350100,2435,2435,58295,58295,1702,1702,1491,1491,0,0,-666666666,-666666666,1702,1702,134,134,90,90,981,981,148,148,34,34,1491,1491,946,946,2435,2435,600,600,17031350100,0.0,0.18552497451580022,0.2464065708418891,0.6344735077129443,0.13160987074030553,34.250881316098706,0.11771068134939436,0.13160987074030553,1.0,True,0.5563323406737748,0.41861753233616694
Census Tract 3504; Cook County; Illinois,1457,20515,756,632,15,-666666666,756,31,59,366,25,55,632,405,1457,809,17,031,350400,1457,1457,20515,20515,756,756,632,632,15,15,-666666666,-666666666,756,756,31,31,59,59,366,366,25,25,55,55,632,632,405,405,1457,1457,809,809,17031350400,0.023734177215189875,0.2185792349726776,0.5552505147563487,0.6408227848101266,0.11904761904761904,27.136243386243386,0.14007055405685825,0.11622212176009644,1.0,True,0.42605282109790377,0.5376594355535891
Census Tract 3510; Cook County; Illinois,4259,61736,2572,2503,225,366900,2572,543,227,2082,61,28,2503,1013,4259,343,17,031,351000,4259,4259,61736,61736,2572,2572,2503,2503,225,225,366900,366900,2572,2572,543,543,227,227,2082,2082,61,61,28,28,2503,2503,1013,1013,4259,4259,343,343,17031351000,0.0898921294446664,0.042747358309317966,0.08053533693355247,0.4047143427886536,0.29937791601866254,24.003110419906687,0.017300469024106712,0.27246619763903845,1.0,True,0.6605063418625031,0.2627552271343208
Census Tract 3511; Cook County; Illinois,2000,15921,1092,1056,44,289300,1092,0,248,277,39,0,1056,521,2000,1079,17,031,351100,2000,2000,15921,15921,1092,1092,1056,1056,44,44,289300,289300,1092,1092,0,0,248,248,277,277,39,39,0,0,1056,1056,521,521,2000,2000,1079,1079,17031351100,0.041666666666666664,0.1407942238267148,0.5395,0.4933712121212121,0.2271062271062271,14.57967032967033,0.06946381686905152,0.21764346764346765,1.0,True,0.43907455942916146,0.47523843834309765
Census Tract 3514; Cook County; Illinois,1387,-666666666,855,749,65,511000,855,133,217,359,63,0,749,441,1387,471,17,031,351400,1387,1387,-666666666,-666666666,855,855,749,749,65,65,511000,511000,855,855,133,133,217,217,359,359,63,63,0,0,749,749,441,441,1387,1387,471,471,17031351400,0.08678237650200267,0.17548746518105848,0.33958183129055514,0.5887850467289719,0.4093567251461988,-779727.0947368421,0.10332439538697835,0.37383177570093457,1.0,True,0.21033710518380588,0.507402907260988
Census Tract 3515; Cook County; Illinois,973,77206,419,380,37,422900,419,0,10,418,24,0,380,133,973,239,17,031,351500,973,973,77206,77206,419,419,380,380,37,37,422900,422900,419,419,0,0,10,10,418,418,24,24,0,0,380,380,133,133,973,973,239,239,17031351500,0.09736842105263158,0.05741626794258373,0.24563206577595068,0.35,0.02386634844868735,184.26252983293557,0.020095693779904306,0.02154251978394674,1.0,True,0.5891444346312023,0.2312363375898222
Census Tract 3602; Cook County; Illinois,1900,26143,836,797,62,272200,836,0,79,481,47,0,797,321,1900,1062,17,031,360200,1900,1900,26143,26143,836,836,797,797,62,62,272200,272200,836,836,0,0,79,79,481,481,47,47,0,0,797,797,321,321,1900,1900,1062,1062,17031360200,0.07779171894604768,0.09771309771309772,0.5589473684210526,0.4027603513174404,0.09449760765550239,31.27153110047847,0.03935496156324262,0.08714647631969166,1.0,True,0.4424208991650838,0.393618011456525
Census Tract 3801; Cook County; Illinois,1787,80216,1184,988,454,323300,1184,0,237,472,23,0,988,416,1787,371,17,031,380100,1787,1787,80216,80216,1184,1184,988,988,454,454,323300,323300,1184,1184,0,0,237,237,472,472,23,23,0,0,988,988,416,416,1787,1787,371,371,17031380100,0.45951417004048584,0.048728813559322036,0.2076105204252938,0.42105263157894735,0.20016891891891891,67.75,0.020517395182872437,0.10818846427399058,1.0,True,0.7268714431726885,0.2860762115239901
Census Tract 3802; Cook County; Illinois,1689,17138,1231,1161,105,242600,1231,41,53,331,12,0,1161,693,1689,775,17,031,380200,1689,1689,17138,17138,1231,1231,1161,1161,105,105,242600,242600,1231,1231,41,41,53,53,331,331,12,12,0,0,1161,1161,693,693,1689,1689,775,775,17031380200,0.09043927648578812,0.03625377643504532,0.45885139135583186,0.5968992248062015,0.07636068237205523,13.922014622258327,0.021639851050375886,0.06945467750636548,1.0,True,0.49141365106700857,0.3862303284913988
Census Tract 3806; Cook County; Illinois,4952,49134,2184,2136,501,273200,2184,140,518,1856,184,118,2136,575,4882,1480,17,031,380600,4952,4952,49134,49134,2184,2184,2136,2136,501,501,273200,273200,2184,2184,140,140,518,518,1856,1856,184,184,118,118,2136,2136,575,575,4882,4882,1480,1480,17031380600,0.2345505617977528,0.1627155172413793,0.3031544448996313,0.26919475655430714,0.30128205128205127,22.497252747252748,0.04380216405140127,0.23061617689426678,1.0,True,0.609123156680854,0.35548874602945846
Census Tract 3812; Cook County; Illinois,1952,46407,1251,1181,465,405400,1251,9,639,406,0,14,1181,210,1952,559,17,031,381200,1952,1952,46407,46407,1251,1251,1181,1181,465,465,405400,405400,1251,1251,9,9,639,639,406,406,0,0,14,14,1181,1181,210,210,1952,1952,559,559,17031381200,0.3937341236240474,0.034482758620689655,0.2863729508196721,0.17781541066892464,0.5179856115107914,37.09592326139089,0.0061315658851353325,0.3140370007127236,1.0,True,0.6696907632419489,0.3153326415901961
Census Tract 3814; Cook County; Illinois,1579,47931,883,756,182,320400,883,11,234,440,57,53,756,192,1579,471,17,031,381400,1579,1579,47931,47931,883,883,756,756,182,182,320400,320400,883,883,11,11,234,234,440,440,57,57,53,53,756,756,192,192,1579,1579,471,471,17031381400,0.24074074074074073,0.25,0.2982900569981001,0.25396825396825395,0.27746319365798416,54.28199320498301,0.06349206349206349,0.21066649888846947,1.0,True,0.6133622006977363,0.3868447653447285
Census Tract 3815; Cook County; Illinois,669,26738,401,401,100,-666666666,401,10,198,230,0,29,401,166,669,223,17,031,381500,669,669,26738,26738,401,401,401,401,100,100,-666666666,-666666666,401,401,10,10,198,198,230,230,0,0,29,29,401,401,166,166,669,669,223,223,17031381500,0.24937655860349128,0.12608695652173912,0.3333333333333333,0.4139650872817955,0.5187032418952618,66.6783042394015,0.05219559796161769,0.3893508124949472,1.0,True,0.6005523914191345,0.45418517728871954
Census Tract 3817; Cook County; Illinois,0,-666666666,0,0,0,-666666666,0,0,0,0,0,0,0,0,0,0,17,031,381700,0,0,-666666666,-666666666,0,0,0,0,0,0,-666666666,-666666666,0,0,0,0,0,0,0,0,0,0,0,0,0,0,0,0,0,0,0,0,17031381700,,,,,,,,,1.0,True,,
Census Tract 3818; Cook County; Illinois,1448,43281,919,793,125,275000,919,32,280,580,14,28,793,277,1423,279,17,031,381800,1448,1448,43281,43281,919,919,793,793,125,125,275000,275000,919,919,32,32,280,280,580,580,14,14,28,28,793,793,277,277,1423,1423,279,279,17031381800,0.15762925598991173,0.07241379310344828,0.1960646521433591,0.3493064312736444,0.3394994559303591,47.09575625680087,0.025294603643953563,0.2859844092830767,1.0,True,0.6313901217524842,0.3099647909359416
Census Tract 3819; Cook County; Illinois,1324,73750,612,526,336,411100,612,26,359,398,25,10,526,80,1324,246,17,031,381900,1324,1324,73750,73750,612,612,526,526,336,336,411100,411100,612,612,26,26,359,359,398,398,25,25,10,10,526,526,80,80,1324,1324,246,246,17031381900,0.6387832699619772,0.08793969849246232,0.18580060422960726,0.1520912547528517,0.6290849673202614,120.50653594771242,0.013374859086306055,0.22723601481150127,1.0,True,0.7963819989938856,0.3315167019118679
Census Tract 3901; Cook County; Illinois,1887,55893,815,783,377,559800,815,66,312,636,171,12,783,271,1887,221,17,031,390100,1887,1887,55893,55893,815,815,783,783,377,377,559800,559800,815,815,66,66,312,312,636,636,171,171,12,12,783,783,271,271,1887,1887,221,221,17031390100,0.48148148148148145,0.28773584905660377,0.11711711711711711,0.34610472541507026,0.4638036809815951,68.58036809815951,0.09958673702980794,0.2404907975460123,1.0,True,0.7746670798124194,0.4269338711639524
Census Tract 3902; Cook County; Illinois,2012,110806,1009,912,608,386400,1009,29,337,721,94,13,912,142,2012,301,17,031,390200,2012,2012,110806,110806,1009,1009,912,912,608,608,386400,386400,1009,1009,29,29,337,337,721,721,94,94,13,13,912,912,142,142,2012,2012,301,301,17031390200,0.6666666666666666,0.14840499306518723,0.1496023856858847,0.15570175438596492,0.36273538156590684,109.81764122893955,0.02310691777988661,0.12091179385530229,1.0,True,0.8218895116975022,0.2771838131406571
Census Tract 3903; Cook County; Illinois,2531,-666666666,1694,1440,251,358200,1694,221,622,605,166,0,1440,699,2396,1025,17,031,390300,2531,2531,-666666666,-666666666,1694,1694,1440,1440,251,251,358200,358200,1694,1694,221,221,622,622,605,605,166,166,0,0,1440,1440,699,699,2396,2396,1025,1025,17031390300,0.17430555555555555,0.2743801652892562,0.42779632721202004,0.48541666666666666,0.49763872491145217,-393545.8476977568,0.13318870523415977,0.41089753049980327,1.0,True,0.2000456898724845,0.5787179016265136
Census Tract 3904; Cook County; Illinois,2499,38507,1684,1477,335,382600,1684,152,373,669,121,60,1477,749,2499,850,17,031,390400,2499,2499,38507,38507,1684,1684,1477,1477,335,335,382600,382600,1684,1684,152,152,373,373,669,669,121,121,60,60,1477,1477,749,749,2499,2499,850,850,17031390400,0.22681110358835477,0.2705530642750374,0.3401360544217687,0.5071090047393365,0.31175771971496435,22.866389548693586,0.13719989515369196,0.2410476072542243,1.0,True,0.589993022617174,0.5025631582271008
Census Tract 3905; Cook County; Illinois,1753,83938,914,835,281,845800,914,34,359,624,61,11,835,271,1753,233,17,031,390500,1753,1753,83938,83938,914,914,835,835,281,281,845800,845800,914,914,34,34,359,359,624,624,61,61,11,11,835,835,271,271,1753,1753,233,233,17031390500,0.33652694610778444,0.11538461538461539,0.13291500285225327,0.32455089820359284,0.4299781181619256,91.83588621444201,0.03744818056195302,0.2852788951637207,1.0,True,0.7192951875645432,0.32792305273164146
Census Tract 3906; Cook County; Illinois,1898,95542,969,893,350,546900,969,13,502,786,46,24,893,212,1886,396,17,031,390600,1898,1898,95542,95542,969,969,893,893,350,350,546900,546900,969,969,13,13,502,502,786,786,46,46,24,24,893,893,212,212,1886,1886,396,396,17031390600,0.3919372900335946,0.089058524173028,0.20996818663838812,0.2374020156774916,0.5314757481940144,98.5985552115583,0.021142673151939458,0.3231705837282753,1.0,True,0.7032986930392225,0.3405162130163912
Census Tract 3907; Cook County; Illinois,5837,73704,4147,3576,1516,244800,4147,0,547,1812,0,22,3576,1209,5837,1036,17,031,390700,5837,5837,73704,73704,4147,4147,3576,3576,1516,1516,244800,244800,4147,4147,0,0,547,547,1812,1812,0,0,22,22,3576,3576,1209,1209,5837,5837,1036,1036,17031390700,0.42393736017897093,0.012141280353200883,0.17748843584032895,0.33808724832214765,0.13190258017844225,17.77284784181336,0.004104812065721439,0.0759841485367984,1.0,True,0.7284854089993548,0.2115271647911873
Census Tract 4003; Cook County; Illinois,1311,90716,755,613,218,226000,755,80,278,608,57,65,613,119,1306,159,17,031,400300,1311,1311,90716,90716,755,755,613,613,218,218,226000,226000,755,755,80,80,278,278,608,608,57,57,65,65,613,613,119,119,1306,1306,159,159,17031400300,0.3556280587275693,0.20065789473684212,0.1217457886676876,0.19412724306688417,0.4741721854304636,120.15364238410596,0.03895316390486821,0.30554325162321877,1.0,True,0.7306625474261814,0.33793446668871713
Census Tract 4004; Cook County; Illinois,2059,32235,1025,883,147,171400,1025,0,571,357,52,24,883,300,2053,921,17,031,400400,2059,2059,32235,32235,1025,1025,883,883,147,147,171400,171400,1025,1025,0,0,571,571,357,357,52,52,24,24,883,883,300,300,2053,2053,921,921,17031400400,0.1664779161947905,0.21288515406162464,0.4486117876278617,0.33975084937712347,0.5570731707317074,31.44878048780488,0.07232791191221676,0.464332790100268,1.0,True,0.5213484511492413,0.5239074426315081
Census Tract 4005; Cook County; Illinois,2308,38373,1257,1138,97,429500,1257,0,439,909,66,41,1138,429,2308,721,17,031,400500,2308,2308,38373,38373,1257,1257,1138,1138,97,97,429500,429500,1257,1257,0,0,439,439,909,909,66,66,41,41,1138,1138,429,429,2308,2308,721,721,17031400500,0.0852372583479789,0.11771177117711772,0.3123916811091854,0.37697715289982425,0.3492442322991249,30.52744630071599,0.04437464836114543,0.3194756114441028,1.0,True,0.555214079679035,0.38374742423838204
Census Tract 4008; Cook County; Illinois,2909,23059,1519,1314,27,-666666666,1519,136,452,865,119,0,1314,635,2909,1787,17,031,400800,2909,2909,23059,23059,1519,1519,1314,1314,27,27,-666666666,-666666666,1519,1519,136,136,452,452,865,865,119,119,0,0,1314,1314,635,635,2909,2909,1787,1787,17031400800,0.02054794520547945,0.1375722543352601,0.6143004468889652,0.4832572298325723,0.3870967741935484,15.180381830151415,0.06648278653187988,0.3791427308882015,1.0,True,0.39857398410887357,0.5400028103837835
Census Tract 4101; Cook County; Illinois,2287,63931,1715,1403,293,208500,1715,61,565,784,36,47,1403,576,2287,324,17,031,410100,2287,2287,63931,63931,1715,1715,1403,1403,293,293,208500,208500,1715,1715,61,61,565,565,784,784,36,36,47,47,1403,1403,576,576,2287,2287,324,324,17031410100,0.20883820384889523,0.10586734693877552,0.14167031045037168,0.4105488239486814,0.3650145772594752,37.27755102040816,0.043463714780281326,0.28878558856594266,1.0,True,0.6728052838057997,0.3356407249484378
Census Tract 4102; Cook County; Illinois,1133,56848,799,720,164,292900,799,0,413,537,58,0,720,308,1104,266,17,031,410200,1133,1133,56848,56848,799,799,720,720,164,164,292900,292900,799,799,0,0,413,413,537,537,58,58,0,0,720,720,308,308,1104,1104,266,266,17031410200,0.22777777777777777,0.10800744878957169,0.24094202898550723,0.42777777777777776,0.5168961201501877,71.14893617021276,0.04620318642665011,0.39915867056042276,1.0,True,0.6347022953275824,0.4179108889412929
Census Tract 4105; Cook County; Illinois,2887,65240,1702,1521,469,402600,1702,58,725,1237,35,48,1521,532,2864,857,17,031,410500,2887,2887,65240,65240,1702,1702,1521,1521,469,469,402600,402600,1702,1702,58,58,725,725,1237,1237,35,35,48,48,1521,1521,532,532,2864,2864,857,857,17031410500,0.30834976988823143,0.06709781729991916,0.299231843575419,0.3497698882314267,0.4600470035252644,38.331374853113985,0.023468796057565414,0.3181916158504787,1.0,True,0.6354858541770064,0.3756016907685374
Census Tract 4106; Cook County; Illinois,2600,49475,1318,1213,351,322800,1318,89,603,1221,84,0,1213,528,2339,808,17,031,410600,2600,2600,49475,49475,1318,1318,1213,1213,351,351,322800,322800,1318,1318,89,89,603,603,1221,1221,84,84,0,0,1213,1213,528,528,2339,2339,808,808,17031410600,0.2893652102225886,0.0687960687960688,0.34544677212483965,0.43528441879637264,0.5250379362670713,37.53793626707132,0.029945856821372074,0.37311022346431616,1.0,True,0.6084739400425155,0.4376588668314989
Census Tract 4107; Cook County; Illinois,2494,45114,1371,1253,409,439200,1371,3,709,950,12,0,1253,639,2494,677,17,031,410700,2494,2494,45114,45114,1371,1371,1253,1253,409,409,439200,439200,1371,1371,3,3,709,709,950,950,12,12,0,0,1253,1253,639,639,2494,2494,677,677,17031410700,0.32641660015961693,0.01263157894736842,0.2714514835605453,0.509976057462091,0.5193289569657185,32.905908096280086,0.006441802831100096,0.3498113644685286,1.0,True,0.6539265773868509,0.4066715799286208
Census Tract 4108; Cook County; Illinois,2770,71989,1792,1601,495,367900,1792,174,789,1306,68,66,1601,893,2741,460,17,031,410800,2770,2770,71989,71989,1792,1792,1601,1601,495,495,367900,367900,1792,1792,174,174,789,789,1306,1306,68,68,66,66,1601,1601,893,893,2741,2741,460,460,17031410800,0.30918176139912557,0.10260336906584992,0.1678219627873039,0.5577763897564022,0.5373883928571429,40.172433035714285,0.05722973677439349,0.3712377029981262,1.0,True,0.694557316889802,0.4382519197252891
Census Tract 4109; Cook County; Illinois,3693,73828,2090,2062,802,344600,2090,76,1502,1450,131,76,2062,724,3676,359,17,031,410900,3693,3693,73828,73828,2090,2090,2062,2062,802,802,344600,344600,2090,2090,76,76,1502,1502,1450,1450,131,131,76,76,2062,2062,724,724,3676,3676,359,359,17031410900,0.3889427740058196,0.14275862068965517,0.09766050054406965,0.3511154219204656,0.755023923444976,35.3244019138756,0.05012475333623198,0.4613628242195295,1.0,True,0.7525343990478612,0.42918166284376336
Census Tract 4110; Cook County; Illinois,4548,70893,2764,2541,819,184200,2764,31,1341,1634,38,33,2541,1331,4456,832,17,031,411000,4548,4548,70893,70893,2764,2764,2541,2541,819,819,184200,184200,2764,2764,31,31,1341,1341,1634,1634,38,38,33,33,2541,2541,1331,1331,4456,4456,832,832,17031411000,0.32231404958677684,0.043451652386780906,0.1867145421903052,0.5238095238095238,0.4963820549927641,25.648697539797396,0.022760389345456666,0.33639114470584014,1.0,True,0.690481949121274,0.39203260059868955
Census Tract 4111; Cook County; Illinois,2359,117500,1065,988,497,562500,1065,25,678,698,0,22,988,357,1993,171,17,031,411100,2359,2359,117500,117500,1065,1065,988,988,497,497,562500,562500,1065,1065,25,25,678,678,698,698,0,0,22,22,988,988,357,357,1993,1993,171,171,17031411100,0.5030364372469636,0.03151862464183381,0.08580030105368791,0.36133603238866396,0.6600938967136151,110.32863849765258,0.011388814774427804,0.328042614662333,1.0,True,0.7958935187301904,0.3452948124702412
Census Tract 4112; Cook County; Illinois,1698,101071,930,824,497,490900,930,37,665,515,6,10,824,277,1696,249,17,031,411200,1698,1698,101071,101071,930,930,824,824,497,497,490900,490900,930,930,37,37,665,665,515,515,6,6,10,10,824,824,277,277,1696,1696,249,249,17031411200,0.6031553398058253,0.031067961165048542,0.14681603773584906,0.33616504854368934,0.7548387096774194,108.67849462365591,0.010443962673201999,0.29955371124334484,1.0,True,0.8019607729411402,0.38381531381125705
Census Tract 4201; Cook County; Illinois,1431,-666666666,860,786,33,281700,860,260,81,446,44,0,786,420,1431,547,17,031,420100,1431,1431,-666666666,-666666666,860,860,786,786,33,33,281700,281700,860,860,260,260,81,81,446,446,44,44,0,0,786,786,420,420,1431,1431,547,547,17031420100,0.04198473282442748,0.09865470852017937,0.3822501747030049,0.5343511450381679,0.39651162790697675,-775193.7976744187,0.05271625646116455,0.3798641931475235,1.0,True,0.1763153968846033,0.4613849149524046
Census Tract 4202; Cook County; Illinois,2011,44375,757,696,123,403100,757,8,280,498,0,9,696,260,1723,654,17,031,420200,2011,2011,44375,44375,757,757,696,696,123,123,403100,403100,757,757,8,8,280,280,498,498,0,0,9,9,696,696,260,260,1723,1723,654,654,17031420200,0.17672413793103448,0.018072289156626505,0.379570516540917,0.3735632183908046,0.380449141347424,58.61955085865257,0.006751142501038637,0.31321459481619823,1.0,True,0.555657928630154,0.3630427337568968
Census Tract 4203; Cook County; Illinois,2511,42973,810,695,179,343800,810,25,433,692,53,9,695,286,1484,502,17,031,420300,2511,2511,42973,42973,810,810,695,695,179,179,343800,343800,810,810,25,25,433,433,692,692,53,53,9,9,695,695,286,286,1484,1484,502,502,17031420300,0.25755395683453236,0.08959537572254335,0.33827493261455527,0.4115107913669065,0.5654320987654321,53.053086419753086,0.03686946396639913,0.41980282440714095,1.0,True,0.6010755097927418,0.4494511483817004
Census Tract 4204; Cook County; Illinois,1463,37946,846,768,92,260000,846,59,348,551,7,0,768,442,1453,601,17,031,420400,1463,1463,37946,37946,846,846,768,768,92,92,260000,260000,846,846,59,59,348,348,551,551,7,7,0,0,768,768,442,442,1453,1453,601,601,17031420400,0.11979166666666667,0.012704174228675136,0.4136269786648314,0.5755208333333334,0.48108747044917255,44.853427895981085,0.007311516938898972,0.42345720055161545,1.0,True,0.5214408877050171,0.46489821854415897
Census Tract 4205; Cook County; Illinois,1751,22309,1318,879,187,169200,1318,25,336,421,63,16,879,366,1751,930,17,031,420500,1751,1751,22309,22309,1318,1318,879,879,187,187,169200,169200,1318,1318,25,25,336,336,421,421,63,63,16,16,879,879,366,366,1751,1751,930,930,17031420500,0.21274175199089876,0.1876484560570071,0.5311250713877784,0.41638225255972694,0.2738998482549317,16.926403641881638,0.07813348682237156,0.2156299146671362,1.0,True,0.49984959488932185,0.48454190799538993
Census Tract 4206; Cook County; Illinois,2980,52989,1219,1031,99,143500,1219,170,518,851,74,20,1031,341,2980,1036,17,031,420600,2980,2980,52989,52989,1219,1219,1031,1031,99,99,143500,143500,1219,1219,170,170,518,518,851,851,74,74,20,20,1031,1031,341,341,2980,2980,1036,1036,17031420600,0.09602327837051407,0.11045828437132785,0.3476510067114094,0.33074684772065954,0.5643970467596391,43.46923707957342,0.03653372936044888,0.5102017920271422,1.0,True,0.5430422451237985,0.43690750026564407
Census Tract 4207; Cook County; Illinois,2424,38076,1726,1187,404,-666666666,1726,71,803,983,16,99,1187,428,2424,849,17,031,420700,2424,2424,38076,38076,1726,1726,1187,1187,404,404,-666666666,-666666666,1726,1726,71,71,803,803,983,983,16,16,99,99,1187,1187,428,428,2424,2424,849,849,17031420700,0.34035383319292334,0.11698880976602238,0.3502475247524752,0.36057287278854255,0.5063731170336037,22.060254924681345,0.042182991221446996,0.33402708562536787,1.0,True,0.6233166674679365,0.4345646862539143
Census Tract 4208; Cook County; Illinois,2146,47540,1227,1011,192,243800,1227,0,561,788,38,35,1011,308,2146,565,17,031,420800,2146,2146,47540,47540,1227,1227,1011,1011,192,192,243800,243800,1227,1227,0,0,561,561,788,788,38,38,35,35,1011,1011,308,308,2146,2146,565,565,17031420800,0.18991097922848665,0.09263959390862944,0.26328052190121154,0.304648862512364,0.4572127139364303,38.74490627546862,0.028222546907871286,0.3703829997170489,1.0,True,0.612081478827719,0.36122965059161755
Census Tract 4212; Cook County; Illinois,2049,45550,897,729,179,225000,897,27,500,738,0,35,729,261,2049,564,17,031,421200,2049,2049,45550,45550,897,897,729,729,179,179,225000,225000,897,897,27,27,500,500,738,738,0,0,35,35,729,729,261,261,2049,2049,564,564,17031421200,0.24554183813443073,0.04742547425474255,0.2752562225475842,0.35802469135802467,0.5875139353400223,50.78037904124861,0.016979490782562147,0.44325468372704013,1.0,True,0.6252663596083807,0.39569270809154006
Census Tract 4301.01; Cook County; Illinois,3776,31875,2058,1837,386,110900,2058,14,1064,1463,183,47,1837,625,3776,1019,17,031,430101,3776,3776,31875,31875,2058,2058,1837,1837,386,386,110900,110900,2058,2058,14,14,1064,1064,1463,1463,183,183,47,47,1837,1837,625,625,3776,3776,1019,1019,17031430101,0.2101252041371802,0.1572112098427888,0.2698622881355932,0.3402286336418073,0.5238095238095238,15.488338192419825,0.05348775511798748,0.4137439406900485,1.0,True,0.6158671432780537,0.42641131154814504
Census Tract 4301.02; Cook County; Illinois,3582,52955,2523,2392,516,204200,2523,0,1232,1661,293,108,2392,1060,3582,1345,17,031,430102,3582,3582,52955,52955,2523,2523,2392,2392,516,516,204200,204200,2523,2523,0,0,1232,1232,1661,1661,293,293,108,108,2392,2392,1060,1060,3582,3582,1345,1345,17031430102,0.2157190635451505,0.24142083082480434,0.37548855388051366,0.4431438127090301,0.4883075703527547,20.9889021006738,0.10698414743908553,0.3829703185542508,1.0,True,0.5704867328548824,0.5281177299812915
Census Tract 4302; Cook County; Illinois,5792,54479,2911,2716,693,383800,2911,459,1023,2580,79,371,2716,1200,5792,1429,17,031,430200,5792,5792,54479,54479,2911,2911,2716,2716,693,693,383800,383800,2911,2911,459,459,1023,1023,2580,2580,79,79,371,371,2716,2716,1200,1200,5792,5792,1429,1429,17031430200,0.2551546391752577,0.1744186046511628,0.2467196132596685,0.4418262150220913,0.5091034008931639,18.714874613534867,0.07706271192245778,0.3792033063353721,1.0,True,0.6412419294190829,0.4560934365873144
Census Tract 4303; Cook County; Illinois,2708,38542,1283,1050,162,228700,1283,78,482,705,9,94,1050,419,2631,866,17,031,430300,2708,2708,38542,38542,1283,1283,1050,1050,162,162,228700,228700,1283,1283,78,78,482,482,705,705,9,9,94,94,1050,1050,419,419,2631,2631,866,866,17031430300,0.15428571428571428,0.14609929078014183,0.3291524135309768,0.39904761904761904,0.436477007014809,30.04053000779423,0.05830057413036136,0.3691348402182385,1.0,True,0.5707318222985168,0.4352748997501489
Census Tract 4304; Cook County; Illinois,3014,41964,1685,1395,571,195600,1685,35,854,1177,343,27,1395,534,3000,855,17,031,430400,3014,3014,41964,41964,1685,1685,1395,1395,571,571,195600,195600,1685,1685,35,35,854,854,1177,1177,343,343,27,27,1395,1395,534,534,3000,3000,855,855,17031430400,0.40931899641577063,0.3143585386576041,0.285,0.3827956989247312,0.5275964391691395,24.90445103857567,0.12033509651839469,0.3116411941758931,1.0,True,0.6754977372463422,0.5264531107531495
Census Tract 4305; Cook County; Illinois,3531,33322,2365,2181,225,261700,2365,256,697,1303,176,70,2181,1422,3476,768,17,031,430500,3531,3531,33322,33322,2365,2365,2181,2181,225,225,261700,261700,2365,2365,256,256,697,697,1303,1303,176,176,70,70,2181,2181,1422,1422,3476,3476,768,768,17031430500,0.1031636863823934,0.18879508825786645,0.22094361334867663,0.6519944979367263,0.4029598308668076,14.089640591966173,0.12309335878160756,0.361389009250562,1.0,True,0.6020994897599167,0.492987714949624
Census Tract 4306; Cook County; Illinois,1722,43479,876,792,232,341200,876,161,405,612,38,0,792,351,1722,512,17,031,430600,1722,1722,43479,43479,876,876,792,792,232,232,341200,341200,876,876,161,161,405,405,612,612,38,38,0,0,792,792,351,351,1722,1722,512,512,17031430600,0.29292929292929293,0.06209150326797386,0.29732868757259,0.4431818181818182,0.6461187214611872,49.63356164383562,0.02751782531194296,0.45685162123518286,1.0,True,0.6311862614856997,0.45437121838799654
Census Tract 4307; Cook County; Illinois,1983,32786,1436,1210,228,217300,1436,90,843,597,70,16,1210,490,1771,579,17,031,430700,1983,1983,32786,32786,1436,1436,1210,1210,228,228,217300,217300,1436,1436,90,90,843,843,597,597,70,70,16,16,1210,1210,490,490,1771,1771,579,579,17031430700,0.1884297520661157,0.1440536013400335,0.3269339356295878,0.4049586776859504,0.6497214484679665,22.831476323119777,0.05833575591455902,0.52729459702111,1.0,True,0.5831028041868164,0.4948005670007123
Census Tract 4308; Cook County; Illinois,1935,61750,857,796,408,247800,857,36,517,718,90,0,796,118,1923,244,17,031,430800,1935,1935,61750,61750,857,857,796,796,408,408,247800,247800,857,857,36,36,517,517,718,718,90,90,0,0,796,796,118,118,1923,1923,244,244,17031430800,0.5125628140703518,0.12534818941504178,0.12688507540301613,0.14824120603015076,0.6452742123687282,72.0536756126021,0.01858176677258157,0.31453064622998306,1.0,True,0.7806604171501025,0.33410338367921094
Census Tract 4309; Cook County; Illinois,1541,38824,925,844,308,192400,925,0,411,590,0,0,844,207,1541,392,17,031,430900,1541,1541,38824,38824,925,925,844,844,308,308,192400,192400,925,925,0,0,411,411,590,590,0,0,0,0,844,844,207,207,1541,1541,392,392,17031430900,0.36492890995260663,0.0,0.254380272550292,0.245260663507109,0.44432432432432434,41.97189189189189,0.0,0.2821775329832202,1.0,True,0.6743982673354204,0.28823363546690356
Census Tract 4312; Cook County; Illinois,2892,58661,1378,1273,855,267300,1378,73,943,1284,273,198,1273,311,2892,332,17,031,431200,2892,2892,58661,58661,1378,1378,1273,1273,855,855,267300,267300,1378,1378,73,73,943,943,1284,1284,273,273,198,198,1273,1273,311,311,2892,2892,332,332,17031431200,0.6716417910447762,0.36682242990654207,0.11479944674965421,0.24430479183032208,0.737300435413643,42.56966618287373,0.08961647737701067,0.2420986504343305,1.0,True,0.8390921232139806,0.509870923126928
Census Tract 4313.01; Cook County; Illinois,3702,47235,1968,1487,145,278200,1968,177,1528,1329,171,117,1487,375,3683,1083,17,031,431301,3702,3702,47235,47235,1968,1968,1487,1487,145,145,278200,278200,1968,1968,177,177,1528,1528,1329,1329,171,171,117,117,1487,1487,375,375,3683,3683,1083,1083,17031431301,0.09751176866173504,0.21670428893905191,0.29405376052131416,0.25218560860793543,0.8663617886178862,24.0015243902439,0.054649702994044695,0.7818813183088118,1.0,True,0.5675141160051077,0.5319208238339486
Census Tract 4313.02; Cook County; Illinois,3463,32083,2219,1701,174,-666666666,2219,0,1360,1071,0,142,1701,776,3463,1677,17,031,431302,3463,3463,32083,32083,2219,2219,1701,1701,174,174,-666666666,-666666666,2219,2219,0,0,1360,1360,1071,1071,0,0,142,142,1701,1701,776,776,3463,3463,1677,1677,17031431302,0.10229276895943562,0.13258636788048553,0.48426220040427376,0.45620223398001175,0.6128886885984678,14.458314556106354,0.060486197222373174,0.5501946075778132,1.0,True,0.48400387989100113,0.5480040573481513
Census Tract 4314; Cook County; Illinois,6850,48529,4027,3244,640,112500,4027,118,1015,2489,271,172,3244,1297,6276,2331,17,031,431400,6850,6850,48529,48529,4027,4027,3244,3244,640,640,112500,112500,4027,4027,118,118,1015,1015,2489,2489,271,271,172,172,3244,3244,1297,1297,6276,6276,2331,2331,17031431400,0.19728729963008632,0.1779831257533146,0.37141491395793497,0.39981504315659677,0.2813508815495406,12.050906381922026,0.07116033110420747,0.22584392588008745,1.0,True,0.5661630832094043,0.42275447746368555
Census Tract 4401.01; Cook County; Illinois,3582,31894,2719,2346,93,-666666666,2719,0,857,1376,323,95,2346,1243,3582,1175,17,031,440101,3582,3582,31894,31894,2719,2719,2346,2346,93,93,-666666666,-666666666,2719,2719,0,0,857,857,1376,1376,323,323,95,95,2346,2346,1243,1243,3582,3582,1175,1175,17031440101,0.03964194373401535,0.30377906976744184,0.3280290340591848,0.5298380221653879,0.3151894078705406,11.730047811695476,0.16095370150082278,0.30269468709817904,1.0,True,0.5330164920535703,0.5237394234687107
Census Tract 4401.02; Cook County; Illinois,3185,31563,2203,2007,423,184500,2203,125,911,1372,179,235,2007,708,3185,1345,17,031,440102,3185,3185,31563,31563,2203,2203,2007,2007,423,423,184500,184500,2203,2203,125,125,911,911,1372,1372,179,179,235,235,2007,2007,708,708,3185,3185,1345,1345,17031440102,0.21076233183856502,0.30174927113702626,0.42229199372056514,0.35276532137518685,0.4702678166137086,14.327280980481161,0.10644667860738147,0.3711530749955727,1.0,True,0.5478846580306707,0.5404305675160508
Census Tract 4402.01; Cook County; Illinois,5310,39897,2819,2253,717,249700,2819,80,1837,1413,146,32,2253,783,5310,1744,17,031,440201,5310,5310,39897,39897,2819,2819,2253,2253,717,717,249700,249700,2819,2819,80,80,1837,1837,1413,1413,146,146,32,32,2253,2253,783,783,5310,5310,1744,1744,17031440201,0.3182423435419441,0.1259731068648266,0.32843691148775894,0.34753661784287615,0.680028378857751,14.15289109613338,0.043780267498961044,0.46361455389503126,1.0,True,0.6257048139030378,0.47600463901936074
Census Tract 4402.02; Cook County; Illinois,2608,34651,1874,1580,530,264700,1874,187,591,816,55,82,1580,620,2594,451,17,031,440202,2608,2608,34651,34651,1874,1874,1580,1580,530,530,264700,264700,1874,1874,187,187,591,591,816,816,55,55,82,82,1580,1580,620,620,2594,2594,451,451,17031440202,0.33544303797468356,0.16789215686274508,0.17386276021588282,0.3924050632911392,0.4151547491995731,18.490394877267875,0.06588173243981135,0.27589397889845046,1.0,True,0.7005898539123802,0.3862060838363671
Census Tract 4403; Cook County; Illinois,4400,59227,2423,2160,1329,236800,2423,0,642,1520,178,11,2160,222,4400,316,17,031,440300,4400,4400,59227,59227,2423,2423,2160,2160,1329,1329,236800,236800,2423,2423,0,0,642,642,1520,1520,178,178,11,11,2160,2160,222,222,4400,4400,316,316,17031440300,0.6152777777777778,0.12434210526315789,0.07181818181818182,0.10277777777777777,0.26496079240610815,24.443664878250104,0.012779605263157894,0.10193630485623882,1.0,True,0.8395335583656734,0.194500179782493
Census Tract 4406; Cook County; Illinois,1957,68102,787,746,639,192300,787,10,186,809,64,56,746,83,1957,223,17,031,440600,1957,1957,68102,68102,787,787,746,746,639,639,192300,192300,787,787,10,10,186,186,809,809,64,64,56,56,746,746,83,83,1957,1957,223,223,17031440600,0.8565683646112601,0.14833127317676142,0.1139499233520695,0.11126005361930295,0.24904701397712833,86.53367217280814,0.01650334540706595,0.035721220503421885,1.0,True,0.9011190968317709,0.21917886734035252
Census Tract 4407; Cook County; Illinois,1428,81705,727,607,394,168100,727,61,254,473,6,0,607,95,1428,269,17,031,440700,1428,1428,81705,81705,727,727,607,607,394,394,168100,168100,727,727,61,61,254,254,473,473,6,6,0,0,607,607,95,95,1428,1428,269,269,17031440700,0.6490939044481054,0.012684989429175475,0.18837535014005602,0.15650741350906094,0.4332874828060523,112.38651994497937,0.0019852948859500332,0.15204321884298044,1.0,True,0.7986709514560637,0.2408613167117674
Census Tract 4408; Cook County; Illinois,1977,26890,858,744,170,141900,858,45,265,627,92,7,744,266,1922,1008,17,031,440800,1977,1977,26890,26890,858,858,744,744,170,170,141900,141900,858,858,45,45,265,265,627,627,92,92,7,7,744,744,266,266,1922,1922,1008,1008,17031440800,0.22849462365591397,0.15789473684210525,0.5244536940686785,0.3575268817204301,0.3613053613053613,31.34032634032634,0.056451612903225805,0.27874902874902874,1.0,True,0.5080875133283681,0.4724920379970273
Census Tract 4409; Cook County; Illinois,2593,56875,1309,1102,727,233000,1309,0,687,812,1,22,1102,96,2593,600,17,031,440900,2593,2593,56875,56875,1309,1309,1102,1102,727,727,233000,233000,1309,1309,0,0,687,687,812,812,1,1,22,22,1102,1102,96,96,2593,2593,600,600,17031440900,0.6597096188747731,0.02832512315270936,0.23139220979560354,0.08711433756805807,0.5248281130634072,43.44919786096256,0.0024675243399819406,0.1785939586195805,1.0,True,0.7829520313734545,0.2663982816171458
Census Tract 4503; Cook County; Illinois,2968,45869,1696,1441,856,190200,1696,0,660,988,203,42,1441,306,2968,461,17,031,450300,2968,2968,45869,45869,1696,1696,1441,1441,856,856,190200,190200,1696,1696,0,0,660,660,988,988,203,203,42,42,1441,1441,306,306,2968,2968,461,461,17031450300,0.594031922276197,0.2479757085020243,0.1553234501347709,0.21235253296322,0.3891509433962264,27.045400943396228,0.05265826981375395,0.15798286043497048,1.0,True,0.7950859576870964,0.35553520432807817
Census Tract 4601; Cook County; Illinois,2351,42434,1469,977,438,147500,1469,54,805,733,233,57,977,357,2234,569,17,031,460100,2351,2351,42434,42434,1469,1469,977,977,438,438,147500,147500,1469,1469,54,54,805,805,733,733,233,233,57,57,977,977,357,357,2234,2234,569,569,17031460100,0.4483111566018424,0.3956343792633015,0.25470008952551476,0.3654042988741044,0.5847515316541865,28.886317222600407,0.1445665029651982,0.32260089617359927,1.0,True,0.7020510726807565,0.5680690662404849
Census Tract 4602; Cook County; Illinois,2196,29022,1215,934,426,104900,1215,8,867,761,194,0,934,377,2195,871,17,031,460200,2196,2196,29022,29022,1215,1215,934,934,426,426,104900,104900,1215,1215,8,8,867,867,761,761,194,194,0,0,934,934,377,377,2195,2195,871,871,17031460200,0.45610278372591007,0.25492772667542707,0.3968109339407745,0.40364025695931477,0.720164609053498,23.886419753086418,0.10289909310132335,0.3916955261233158,1.0,True,0.6410633727652192,0.594016760190213
Census Tract 4603.01; Cook County; Illinois,2721,44464,1434,1234,680,154300,1434,51,928,1041,205,18,1234,325,2721,752,17,031,460301,2721,2721,44464,44464,1434,1434,1234,1234,680,680,154300,154300,1434,1434,51,51,928,928,1041,1041,205,205,18,18,1234,1234,325,325,2721,2721,752,752,17031460301,0.5510534846029174,0.21421709894332372,0.27636898199191473,0.2633711507293355,0.6827057182705718,31.00697350069735,0.05641860385460308,0.30649835325923563,1.0,True,0.7266052008454077,0.47716064697010263
Census Tract 4603.02; Cook County; Illinois,3309,48263,1645,1276,576,163200,1645,16,1112,1130,452,34,1276,241,3309,825,17,031,460302,3309,3309,48263,48263,1645,1645,1276,1276,576,576,163200,163200,1645,1645,16,16,1112,1112,1130,1130,452,452,34,34,1276,1276,241,241,3309,3309,825,825,17031460302,0.45141065830721006,0.4300884955752212,0.24932003626473254,0.18887147335423196,0.6857142857142857,29.33920972644377,0.08123144783199711,0.37617554858934166,1.0,True,0.7054941063821737,0.5550390898342832
Census Tract 4604; Cook County; Illinois,3817,70169,1557,1338,764,240500,1557,18,745,1227,279,25,1338,273,3817,880,17,031,460400,3817,3817,70169,70169,1557,1557,1338,1338,764,764,240500,240500,1557,1557,18,18,745,745,1227,1227,279,279,25,25,1338,1338,273,273,3817,3817,880,880,17031460400,0.5710014947683109,0.24775876120619397,0.23054755043227665,0.2040358744394619,0.4900449582530507,45.06679511881824,0.050551675492743614,0.21022855458688428,1.0,True,0.7537671887839995,0.4060909496749548
Census Tract 4605; Cook County; Illinois,4954,52768,2971,2573,1322,217700,2971,144,1453,1884,27,0,2573,704,4954,780,17,031,460500,4954,4954,52768,52768,2971,2971,2573,2573,1322,1322,217700,217700,2971,2971,144,144,1453,1453,1884,1884,27,27,0,0,2573,2573,704,704,4954,4954,780,780,17031460500,0.5137971239797902,0.014331210191082803,0.15744852644327817,0.2736105713175282,0.5375294513631774,17.761023224503536,0.003921170608053748,0.26134836519834237,1.0,True,0.7673937466816038,0.29813001351252644
Census Tract 4608; Cook County; Illinois,4257,36812,1602,1297,328,227900,1602,30,885,1129,244,62,1297,413,4028,1471,17,031,460800,4257,4257,36812,36812,1602,1602,1297,1297,328,328,227900,227900,1602,1602,30,30,885,885,1129,1129,244,244,62,62,1297,1297,413,413,4028,4028,1471,1471,17031460800,0.2528912875867386,0.271036315323295,0.36519364448857994,0.3184271395528142,0.5711610486891385,22.978776529338326,0.0863053186033314,0.4267193956667504,1.0,True,0.5874751898064902,0.5226352998076396
Census Tract 4610; Cook County; Illinois,1230,14601,921,734,71,78900,921,119,274,102,28,0,734,569,1225,523,17,031,461000,1230,1230,14601,14601,921,921,734,734,71,71,78900,78900,921,921,119,119,274,274,102,102,28,28,0,0,734,734,569,569,1225,1225,523,523,17031461000,0.09673024523160763,0.27450980392156865,0.4269387755102041,0.7752043596730245,0.42671009771986973,15.853420195439739,0.21280119677298712,0.38543432532462346,1.0,True,0.5077865859904713,0.6521916404453787
Census Tract 4701; Cook County; Illinois,2304,47054,1142,1035,550,227400,1142,0,432,439,65,0,1035,353,2304,617,17,031,470100,2304,2304,47054,47054,1142,1142,1035,1035,550,550,227400,227400,1142,1142,0,0,432,432,439,439,65,65,0,0,1035,1035,353,353,2304,2304,617,617,17031470100,0.5314009661835749,0.1480637813211845,0.2677951388888889,0.34106280193236715,0.37828371278458844,41.20315236427321,0.05049904812210447,0.17726338231934818,1.0,True,0.7238914613858652,0.38077764887224413
Census Tract 4801; Cook County; Illinois,1989,72625,914,861,597,242400,914,0,132,625,159,10,861,116,1886,292,17,031,480100,1989,1989,72625,72625,914,914,861,861,597,597,242400,242400,914,914,0,0,132,132,625,625,159,159,10,10,861,861,116,116,1886,1886,292,292,17031480100,0.6933797909407665,0.2704,0.15482502651113467,0.13472706155632985,0.14442013129102846,79.45842450765865,0.036430197444831586,0.044282130848817096,1.0,True,0.8284382739549025,0.27359616463502184
Census Tract 4802; Cook County; Illinois,1029,52132,692,619,259,153800,692,12,270,300,53,27,619,168,1008,192,17,031,480200,1029,1029,52132,52132,692,692,619,619,259,259,153800,153800,692,692,12,12,270,270,300,300,53,53,27,27,619,619,168,168,1008,1008,192,192,17031480200,0.4184168012924071,0.26666666666666666,0.19047619047619047,0.27140549273021003,0.407514450867052,75.33526011560694,0.07237479806138934,0.23700355785482832,1.0,True,0.720823919134598,0.40102700350028436
Census Tract 4803; Cook County; Illinois,1296,55772,553,507,261,240600,553,29,184,329,12,27,507,76,1296,493,17,031,480300,1296,1296,55772,55772,553,553,507,507,261,261,240600,240600,553,553,29,29,184,184,329,329,12,12,27,27,507,507,76,76,1296,1296,493,493,17031480300,0.514792899408284,0.11854103343465046,0.38040123456790126,0.14990138067061143,0.38517179023508136,100.85352622061482,0.017769464577975215,0.18688808756968445,1.0,True,0.6679815616881024,0.3437684286870781
Census Tract 4804; Cook County; Illinois,4084,70232,2486,2359,2041,212100,2486,110,465,1126,167,50,2359,358,4020,397,17,031,480400,4084,4084,70232,70232,2486,2486,2359,2359,2041,2041,212100,212100,2486,2486,110,110,465,465,1126,1126,167,167,50,50,2359,2359,358,358,4020,4020,397,397,17031480400,0.8651971174226367,0.19271758436944939,0.09875621890547263,0.15175922000847816,0.23129525341914722,28.251005631536604,0.029246670285825723,0.031179266887362785,1.0,True,0.9107938419897789,0.2448429743478653
Census Tract 4805; Cook County; Illinois,2831,60700,1344,1236,814,210300,1344,37,708,525,86,74,1236,259,2791,665,17,031,480500,2831,2831,60700,60700,1344,1344,1236,1236,814,814,210300,210300,1344,1344,37,37,708,708,525,525,86,86,74,74,1236,1236,259,259,2791,2791,665,665,17031480500,0.6585760517799353,0.3047619047619048,0.23826585453242566,0.20954692556634305,0.5543154761904762,45.163690476190474,0.0638619201725998,0.18925657844043764,1.0,True,0.7795009245513821,0.45744726201874913
Census Tract 4902; Cook County; Illinois,2879,60741,1532,1388,914,179200,1532,50,408,870,74,91,1388,170,2852,329,17,031,490200,2879,2879,60741,60741,1532,1532,1388,1388,914,914,179200,179200,1532,1532,50,50,408,408,870,870,74,74,91,91,1388,1388,170,170,2852,2852,329,329,17031490200,0.6585014409221902,0.1896551724137931,0.11535764375876578,0.12247838616714697,0.2989556135770235,39.64817232375979,0.02322865944549339,0.10209291126477603,1.0,True,0.8344633173623673,0.258257363528025
Census Tract 4905; Cook County; Illinois,1971,87917,828,725,592,247300,828,45,217,832,115,0,725,66,1759,167,17,031,490500,1971,1971,87917,87917,828,828,725,725,592,592,247300,247300,828,828,45,45,217,217,832,832,115,115,0,0,725,725,66,66,1759,1759,167,167,17031490500,0.8165517241379311,0.13822115384615385,0.09494030699260944,0.0910344827586207,0.3164251207729469,106.17995169082126,0.012582891246684352,0.05804764284524403,1.0,True,0.896294730363656,0.21989014576223856
Census Tract 4906; Cook County; Illinois,1344,71498,589,517,393,163400,589,40,73,426,39,32,517,91,1344,175,17,031,490600,1344,1344,71498,71498,589,589,517,517,393,393,163400,163400,589,589,40,40,73,73,426,426,39,39,32,32,517,517,91,91,1344,1344,175,175,17031490600,0.7601547388781431,0.16666666666666666,0.13020833333333334,0.1760154738878143,0.19185059422750425,121.38879456706282,0.029335912314635715,0.046014455868879166,1.0,True,0.8617091564546534,0.23893834390634036
Census Tract 4907; Cook County; Illinois,2494,41667,976,836,702,163800,976,21,329,656,106,148,836,99,2494,751,17,031,490700,2494,2494,41667,41667,976,976,836,836,702,702,163800,163800,976,976,21,21,329,329,656,656,106,106,148,148,836,836,99,99,2494,2494,751,751,17031490700,0.8397129186602871,0.3871951219512195,0.30112269446672013,0.11842105263157894,0.35860655737704916,42.69159836065574,0.04585205391527599,0.057479998431249506,1.0,True,0.8117491840872239,0.43668728081066127
Census Tract 4908; Cook County; Illinois,3573,65929,1470,1223,828,165400,1470,7,692,1316,283,167,1223,271,3520,114,17,031,490800,3573,3573,65929,65929,1470,1470,1223,1223,828,828,165400,165400,1470,1470,7,7,692,692,1316,1316,283,283,167,167,1223,1223,271,271,3520,3520,114,114,17031490800,0.6770237121831562,0.34194528875379937,0.03238636363636364,0.22158626328699918,0.47551020408163264,44.849659863945575,0.07577037878354835,0.15357852053331553,1.0,True,0.8777600750558329,0.3892668758546751
Census Tract 4909.01; Cook County; Illinois,2758,33398,1711,1276,408,188100,1711,102,717,825,114,140,1276,481,2758,1189,17,031,490901,2758,2758,33398,33398,1711,1711,1276,1276,408,408,188100,188100,1711,1711,102,102,717,717,825,825,114,114,140,140,1276,1276,481,481,2758,2758,1189,1189,17031490901,0.31974921630094044,0.30787878787878786,0.4311094996374184,0.3769592476489028,0.47866744593804794,19.51957919345412,0.11605775624584401,0.3256139052305843,1.0,True,0.5802697201809321,0.5566590642715185
Census Tract 4909.02; Cook County; Illinois,4725,76333,2109,1804,1139,183300,2109,0,470,1555,307,65,1804,322,4676,1075,17,031,490902,4725,4725,76333,76333,2109,2109,1804,1804,1139,1139,183300,183300,2109,2109,0,0,470,470,1555,1555,307,307,65,65,1804,1804,322,322,4676,4676,1075,1075,17031490902,0.6313747228381374,0.23922829581993568,0.22989734816082122,0.17849223946784923,0.22285443338074917,36.19393077287814,0.04270039426497743,0.0821497772717285,1.0,True,0.7741855694784273,0.318846361375371
Census Tract 4910; Cook County; Illinois,3412,36915,1651,1252,534,143300,1651,82,807,1139,114,60,1252,361,3412,1275,17,031,491000,3412,3412,36915,36915,1651,1651,1252,1252,534,534,143300,143300,1651,1651,82,82,807,807,1139,1139,114,114,60,60,1252,1252,361,361,3412,3412,1275,1275,17031491000,0.426517571884984,0.1527655838454785,0.37368112543962484,0.28833865814696485,0.5384615384615384,22.359176256814052,0.04404822345704292,0.3087982305234701,1.0,True,0.6415535009857325,0.44632587196665735
Census Tract 4911; Cook County; Illinois,4062,79444,1470,1360,982,202400,1470,18,248,1591,249,30,1360,229,3798,231,17,031,491100,4062,4062,79444,79444,1470,1470,1360,1360,982,982,202400,202400,1470,1470,18,18,248,248,1591,1591,249,249,30,30,1360,1360,229,229,3798,3798,231,231,17031491100,0.7220588235294118,0.17536140791954746,0.060821484992101105,0.16838235294117648,0.18095238095238095,54.04353741496599,0.02952776648057086,0.05029411764705882,1.0,True,0.8800570979736507,0.21459485691659394
Census Tract 4912; Cook County; Illinois,1848,57407,824,664,491,177000,824,51,417,515,54,36,664,168,1827,334,17,031,491200,1848,1848,57407,57407,824,824,664,664,491,491,177000,177000,824,824,51,51,417,417,515,515,54,54,36,36,664,664,168,168,1827,1827,334,334,17031491200,0.7394578313253012,0.17475728155339806,0.18281335522714834,0.25301204819277107,0.5679611650485437,69.66868932038835,0.044215697742426015,0.14797783366475611,1.0,True,0.8312684669241847,0.3903286042040309
Census Tract 4913; Cook County; Illinois,2025,37745,897,691,304,123500,897,0,409,598,124,41,691,120,2020,807,17,031,491300,2025,2025,37745,37745,897,897,691,691,304,304,123500,123500,897,897,0,0,409,409,598,598,124,124,41,41,691,691,120,120,2020,2020,807,807,17031491300,0.4399421128798842,0.27591973244147155,0.3995049504950495,0.1736613603473227,0.4559643255295429,42.079152731326644,0.047916596082455264,0.2553664167582245,1.0,True,0.6344755807882849,0.45786083796773264
Census Tract 4914; Cook County; Illinois,2515,27381,1632,1072,198,-666666666,1632,85,585,1042,243,66,1072,391,2509,700,17,031,491400,2515,2515,27381,27381,1632,1632,1072,1072,198,198,-666666666,-666666666,1632,1632,85,85,585,585,1042,1042,243,243,66,66,1072,1072,391,391,2509,2509,700,700,17031491400,0.18470149253731344,0.2965451055662188,0.27899561578318055,0.36473880597014924,0.4105392156862745,16.777573529411764,0.10816150772051451,0.3347120098039216,1.0,True,0.6033042163102775,0.47691552441264357
Census Tract 5001; Cook County; Illinois,3283,73780,1804,1497,859,163000,1804,13,166,1375,322,0,1497,70,3283,397,17,031,500100,3283,3283,73780,73780,1804,1804,1497,1497,859,859,163000,163000,1804,1804,13,13,166,166,1375,1375,322,322,0,0,1497,1497,70,70,3283,3283,397,397,17031500100,0.5738142952571811,0.23418181818181819,0.1209259823332318,0.04676018704074816,0.0992239467849224,40.8980044345898,0.010950385619724298,0.042287827687896115,1.0,True,0.8037495968519962,0.20278238124770057
Census Tract 5002; Cook County; Illinois,1769,49028,946,691,316,186100,946,10,565,664,146,140,691,241,1758,277,17,031,500200,1769,1769,49028,49028,946,946,691,691,316,316,186100,186100,946,946,10,10,565,565,664,664,146,146,140,140,691,691,241,241,1758,1758,277,277,17031500200,0.4573082489146165,0.4307228915662651,0.15756541524459614,0.34876989869753977,0.6078224101479915,51.82663847780127,0.1502231792582777,0.32986020811215166,1.0,True,0.7485099581094468,0.5544423023498746
Census Tract 5003; Cook County; Illinois,1692,52500,996,894,589,213100,996,8,869,432,30,30,894,56,1692,494,17,031,500300,1692,1692,52500,52500,996,996,894,894,589,589,213100,213100,996,996,8,8,869,869,432,432,30,30,30,30,894,894,56,56,1692,1692,494,494,17031500300,0.6588366890380313,0.1388888888888889,0.2919621749408983,0.06263982102908278,0.8805220883534136,52.71084337349398,0.008699975142928165,0.3004018310377978,1.0,True,0.7555607975208259,0.4343332005327307
Census Tract 5101; Cook County; Illinois,3129,72543,1469,1225,844,155100,1469,0,674,1457,36,0,1225,27,3112,498,17,031,510100,3129,3129,72543,72543,1469,1469,1225,1225,844,844,155100,155100,1469,1469,0,0,674,674,1457,1457,36,36,0,0,1225,1225,27,27,3112,3112,498,498,17031510100,0.6889795918367347,0.024708304735758406,0.16002570694087404,0.022040816326530613,0.45881552076242343,49.38257317903336,0.0005445912064207975,0.14270099053917004,1.0,True,0.8246447955217974,0.20123040509470072
Census Tract 5102; Cook County; Illinois,2985,68056,1381,1174,693,145400,1381,27,441,1040,156,115,1174,323,2985,537,17,031,510200,2985,2985,68056,68056,1381,1381,1174,1174,693,693,145400,145400,1381,1381,27,27,441,441,1040,1040,156,156,115,115,1174,1174,323,323,2985,2985,537,537,17031510200,0.590289608177172,0.2605769230769231,0.1798994974874372,0.27512776831345825,0.3388848660391021,49.28023171614772,0.07169194732014153,0.1388446512477071,1.0,True,0.7828546635030328,0.376451985856803
Census Tract 5103; Cook County; Illinois,4344,36232,2110,1890,896,117700,2110,195,630,1153,51,124,1890,472,4304,1729,17,031,510300,4344,4344,36232,36232,2110,2110,1890,1890,896,896,117700,117700,2110,2110,195,195,630,630,1153,1153,51,51,124,124,1890,1890,472,472,4304,4304,1729,1729,17031510300,0.4740740740740741,0.15177797051170858,0.4017193308550186,0.24973544973544973,0.3909952606635071,17.171563981042652,0.03790433972567537,0.20563454449710372,1.0,True,0.6448614652642697,0.4016980478185895
Census Tract 5201; Cook County; Illinois,1816,46786,605,492,280,152600,605,0,439,475,78,31,492,51,1816,417,17,031,520100,1816,1816,46786,46786,605,605,492,492,280,280,152600,152600,605,605,0,0,439,439,475,475,78,78,31,31,492,492,51,51,1816,1816,417,417,17031520100,0.5691056910569106,0.2294736842105263,0.22962555066079296,0.10365853658536585,0.7256198347107438,77.33223140495868,0.02378690629011553,0.3126654572330847,1.0,True,0.7535360556093575,0.42970943079534063
Census Tract 5202; Cook County; Illinois,3485,47436,1339,1184,463,113300,1339,68,808,980,61,0,1184,217,3484,1299,17,031,520200,3485,3485,47436,47436,1339,1339,1184,1184,463,463,113300,113300,1339,1339,68,68,808,808,980,980,61,61,0,0,1184,1184,217,217,3484,3484,1299,1299,17031520200,0.3910472972972973,0.06224489795918367,0.37284730195177956,0.18327702702702703,0.6542195668409261,35.426437640029874,0.011408059845559844,0.3983887733887734,1.0,True,0.6301083744516279,0.398227534877226
Census Tract 5203; Cook County; Illinois,6186,60639,2141,1957,1268,157700,2141,42,1146,2895,657,106,1957,216,6186,896,17,031,520300,6186,6186,60639,60639,2141,2141,1957,1957,1268,1268,157700,157700,2141,2141,42,42,1146,1146,2895,2895,657,657,106,106,1957,1957,216,216,6186,6186,896,896,17031520300,0.6479305058763414,0.26355785837651124,0.14484319430973167,0.11037301992846194,0.5548808967772069,28.32274638019617,0.029089676754893424,0.19535663662723327,1.0,True,0.8177482396735547,0.3732515771351971
Census Tract 5204; Cook County; Illinois,3589,50751,1479,1396,974,181900,1479,0,698,1169,202,87,1396,224,3589,850,17,031,520400,3589,3589,50751,50751,1479,1479,1396,1396,974,974,181900,181900,1479,1479,0,0,698,698,1169,1169,202,202,87,87,1396,1396,224,224,3589,3589,850,850,17031520400,0.6977077363896849,0.24721984602224123,0.23683477291724714,0.16045845272206305,0.4719405003380663,34.31440162271805,0.0396685139749155,0.14266396213657875,1.0,True,0.79318009068403,0.3888283625304839
Census Tract 5205; Cook County; Illinois,4908,90651,1528,1510,1172,215900,1528,39,245,2010,588,0,1510,95,4908,545,17,031,520500,4908,4908,90651,90651,1528,1528,1510,1510,1172,1172,215900,215900,1528,1528,39,39,245,245,2010,2010,588,588,0,0,1510,1510,95,95,4908,4908,545,545,17031520500,0.776158940397351,0.29253731343283584,0.11104319478402608,0.06291390728476821,0.18586387434554974,59.32657068062827,0.018404665414648615,0.041603966575361466,1.0,True,0.8756276513432178,0.2585869294871425
Census Tract 5206; Cook County; Illinois,2703,75417,851,809,602,189500,851,40,112,1070,115,13,809,40,2703,329,17,031,520600,2703,2703,75417,75417,851,851,809,809,602,602,189500,189500,851,851,40,40,112,112,1070,1070,115,115,13,13,809,809,40,40,2703,2703,329,329,17031520600,0.7441285537700866,0.11962616822429907,0.121716611172771,0.049443757725587144,0.17861339600470036,88.62162162162163,0.005914767279322574,0.04570206795175892,1.0,True,0.860168119370186,0.16758144762720786
Census Tract 5301; Cook County; Illinois,1678,30283,970,756,337,-666666666,970,45,253,500,46,21,756,230,1678,447,17,031,530100,1678,1678,30283,30283,970,970,756,756,337,337,-666666666,-666666666,970,970,45,45,253,253,500,500,46,46,21,21,756,756,230,230,1678,1678,447,447,17031530100,0.44576719576719576,0.134,0.266388557806913,0.30423280423280424,0.30721649484536084,31.21958762886598,0.04076719576719577,0.17026945944471716,1.0,True,0.6959677716268272,0.3414540095473387
Census Tract 5302; Cook County; Illinois,3779,43800,1890,1254,624,124900,1890,0,1125,1045,66,89,1254,254,3779,710,17,031,530200,3779,3779,43800,43800,1890,1890,1254,1254,624,624,124900,124900,1890,1890,0,0,1125,1125,1045,1045,66,66,89,89,1254,1254,254,254,3779,3779,710,710,17031530200,0.49760765550239233,0.14832535885167464,0.18788039163799947,0.2025518341307815,0.5952380952380952,23.174603174603174,0.030043573483513046,0.299043062200957,1.0,True,0.7483780265644328,0.36986852402165077
Census Tract 5303; Cook County; Illinois,3482,69177,1601,1483,990,160200,1601,0,74,1343,224,97,1483,205,3482,372,17,031,530300,3482,3482,69177,69177,1601,1601,1483,1483,990,990,160200,160200,1601,1601,0,0,74,74,1343,1343,224,224,97,97,1483,1483,205,205,3482,3482,372,372,17031530300,0.667565745111261,0.23901712583767684,0.10683515221137277,0.13823331085637222,0.0462211118051218,43.208619612742034,0.03304012865591622,0.015365480863064763,1.0,True,0.8413018001139476,0.21525512409664999
Census Tract 5304; Cook County; Illinois,2102,63750,833,782,539,146900,833,28,149,775,97,116,782,201,2102,629,17,031,530400,2102,2102,63750,63750,833,833,782,782,539,539,146900,146900,833,833,28,28,149,149,775,775,97,97,116,116,782,782,201,201,2102,2102,629,629,17031530400,0.6892583120204604,0.27483870967741936,0.29923882017126546,0.2570332480818414,0.21248499399759904,76.53061224489795,0.07064268624700931,0.06602794570513627,1.0,True,0.762451502278704,0.38272258538249626
Census Tract 5305.01; Cook County; Illinois,5885,44292,2443,1918,951,111100,2443,0,1319,1839,250,98,1918,748,5884,2857,17,031,530501,5885,5885,44292,44292,2443,2443,1918,1918,951,951,111100,111100,2443,2443,0,0,1319,1319,1839,1839,250,250,98,98,1918,1918,748,748,5884,5884,2857,2857,17031530501,0.49582898852971846,0.18923327895595432,0.48555404486743714,0.3899895724713243,0.5399099467867376,18.130167826442896,0.07379900555737948,0.2722069439743354,1.0,True,0.6146107706211406,0.5356555982649062
Census Tract 5305.02; Cook County; Illinois,1335,76500,618,554,495,172600,618,17,129,489,0,17,554,38,1335,313,17,031,530502,1335,1335,76500,76500,618,618,554,554,495,495,172600,172600,618,618,17,17,129,129,489,489,0,0,17,17,554,554,38,38,1335,1335,313,313,17031530502,0.8935018050541517,0.034764826175869123,0.2344569288389513,0.06859205776173286,0.23624595469255663,123.7864077669903,0.002384590965131817,0.02515976773801595,1.0,True,0.859521460771131,0.1843431696505315
Census Tract 5305.03; Cook County; Illinois,3668,52857,1593,1390,1019,167300,1593,0,312,1193,132,16,1390,254,3668,510,17,031,530503,3668,3668,52857,52857,1593,1593,1390,1390,1019,1019,167300,167300,1593,1593,0,0,312,312,1193,1193,132,132,16,16,1390,1390,254,254,3668,3668,510,510,17031530503,0.7330935251798562,0.12405699916177704,0.1390403489640131,0.18273381294964028,0.1958568738229755,33.18079096045198,0.022669408479921847,0.0522754677613841,1.0,True,0.8487281269664372,0.22344422702454286
Census Tract 5306; Cook County; Illinois,2620,66974,1276,934,499,177300,1276,0,201,1047,52,110,934,242,2585,443,17,031,530600,2620,2620,66974,66974,1276,1276,934,934,499,499,177300,177300,1276,1276,0,0,201,201,1047,1047,52,52,110,110,934,934,242,242,2585,2585,443,443,17031530600,0.5342612419700214,0.15472779369627507,0.17137330754352031,0.25910064239828695,0.15752351097178682,52.48746081504702,0.040090070743574485,0.07336480436052169,1.0,True,0.7679924868455372,0.2638907756754839
Census Tract 5401.01; Cook County; Illinois,4115,13585,1755,1596,77,120800,1755,120,396,865,84,144,1596,528,4115,2504,17,031,540101,4115,4115,13585,13585,1755,1755,1596,1596,77,77,120800,120800,1755,1755,120,120,396,396,865,865,84,84,144,144,1596,1596,528,528,4115,4115,2504,2504,17031540101,0.04824561403508772,0.2635838150289017,0.608505467800729,0.3308270676691729,0.294017094017094,7.7407407407407405,0.08720066061106523,0.2798320587794272,1.0,True,0.4103943896516736,0.5272630726668494
Census Tract 5401.02; Cook County; Illinois,3403,21107,1333,1249,220,98100,1333,0,87,744,82,12,1249,408,3403,2156,17,031,540102,3403,3403,21107,21107,1333,1333,1249,1249,220,220,98100,98100,1333,1333,0,0,87,87,744,744,82,82,12,12,1249,1249,408,408,3403,3403,2156,2156,17031540102,0.17614091273018415,0.12634408602150538,0.6335586247428739,0.3266613290632506,0.06526631657914479,15.834208552138035,0.041271727059066614,0.053770248006357074,1.0,True,0.44182151849079226,0.4005759716229925
Census Tract 5501; Cook County; Illinois,6161,54605,3186,2688,1550,203800,3186,87,1014,2327,475,168,2688,285,6160,705,17,031,550100,6161,6161,54605,54605,3186,3186,2688,2688,1550,1550,203800,203800,3186,3186,87,87,1014,1014,2327,2327,475,475,168,168,2688,2688,285,285,6160,6160,705,705,17031550100,0.5766369047619048,0.27632144391920926,0.11444805194805195,0.10602678571428571,0.3455743879472693,17.1390458254865,0.029297474522684018,0.14630344251636623,1.0,True,0.8075790091747357,0.30985299205972855
Census Tract 5502; Cook County; Illinois,2692,78357,1091,958,897,185500,1091,43,134,871,42,51,958,61,2692,159,17,031,550200,2692,2692,78357,78357,1091,1091,958,958,897,897,185500,185500,1091,1091,43,43,134,134,871,871,42,42,51,51,958,958,61,61,2692,2692,159,159,17031550200,0.9363256784968684,0.10677382319173363,0.05906389301634472,0.06367432150313153,0.1622364802933089,71.82126489459212,0.006798750746028969,0.01033029780573262,1.0,True,0.952265159276616,0.14002838647551283
Census Tract 5601; Cook County; Illinois,1197,74318,328,312,250,273100,328,12,82,328,53,10,312,34,943,108,17,031,560100,1197,1197,74318,74318,328,328,312,312,250,250,273100,273100,328,328,12,12,82,82,328,328,53,53,10,10,312,312,34,34,943,943,108,108,17031560100,0.8012820512820513,0.19207317073170732,0.11452810180275716,0.10897435897435898,0.2865853658536585,226.57926829268294,0.020931050656660413,0.056949656035021876,1.0,True,0.8824347644131855,0.251411531253907
Census Tract 5602; Cook County; Illinois,1716,58158,536,508,453,235100,536,15,17,474,90,8,508,19,1716,141,17,031,560200,1716,1716,58158,58158,536,536,508,508,453,453,235100,235100,536,536,15,15,17,17,474,474,90,90,8,8,508,508,19,19,1716,1716,141,141,17031560200,0.8917322834645669,0.20675105485232068,0.08216783216783216,0.03740157480314961,0.05970149253731343,108.50373134328358,0.00773281504368916,0.006463744270772126,1.0,True,0.927054251620589,0.16175316128225914
Census Tract 5603; Cook County; Illinois,3343,75473,1094,1094,1002,258800,1094,8,63,1480,221,43,1094,180,3343,357,17,031,560300,3343,3343,75473,75473,1094,1094,1094,1094,1002,1002,258800,258800,1094,1094,8,8,63,63,1480,1480,221,221,43,43,1094,1094,180,180,3343,3343,357,357,17031560300,0.9159049360146252,0.1783783783783784,0.10679030810649118,0.16453382084095064,0.06489945155393052,68.98811700182816,0.029349276150007413,0.00545772353104352,1.0,True,0.9241047397976248,0.19798630415517873
Census Tract 5604; Cook County; Illinois,1438,69148,473,473,430,254800,473,10,20,440,74,0,473,73,1438,226,17,031,560400,1438,1438,69148,69148,473,473,473,473,430,430,254800,254800,473,473,10,10,20,20,440,440,74,74,0,0,473,473,73,73,1438,1438,226,226,17031560400,0.9090909090909091,0.16818181818181818,0.1571627260083449,0.1543340380549683,0.06342494714587738,146.19027484143763,0.025956179127426485,0.005765904285988854,1.0,True,0.8992943913661998,0.20598552542227322
Census Tract 5607; Cook County; Illinois,3923,89844,1364,1335,829,300500,1364,95,270,1991,266,94,1335,55,3923,392,17,031,560700,3923,3923,89844,89844,1364,1364,1335,1335,829,829,300500,300500,1364,1364,95,95,270,270,1991,1991,266,266,94,94,1335,1335,55,55,3923,3923,392,392,17031560700,0.6209737827715356,0.1808136614766449,0.099923527912312,0.04119850187265917,0.26759530791788855,65.86803519061584,0.007449251970947917,0.10142563730820345,1.0,True,0.8288736300058089,0.21361846580263683
Census Tract 5608; Cook County; Illinois,6415,110417,2003,1966,1433,310800,2003,292,325,2691,314,33,1966,149,6415,94,17,031,560800,6415,6415,110417,110417,2003,2003,1966,1966,1433,1433,310800,310800,2003,2003,292,292,325,325,2691,2691,314,314,33,33,1966,1966,149,149,6415,6415,94,94,17031560800,0.7288911495422177,0.1289483463396507,0.014653156664068589,0.0757884028484232,0.30803794308537197,55.125811283075386,0.009772789219027442,0.08351181264725498,1.0,True,0.9030050204846384,0.18096617226921094
Census Tract 5609; Cook County; Illinois,5175,115216,1956,1879,1754,332800,1956,24,152,2026,171,56,1879,122,5162,475,17,031,560900,5175,5175,115216,115216,1956,1956,1879,1879,1754,1754,332800,332800,1956,1956,24,24,152,152,2026,2026,171,171,56,56,1879,1879,122,122,5162,5162,475,475,17031560900,0.9334752527940394,0.11204343534057255,0.09201859744285161,0.06492815327301757,0.08997955010224949,58.9038854805726,0.0072747733430281285,0.0059858668242582114,1.0,True,0.9365900122022256,0.1340490060607176
Census Tract 5610; Cook County; Illinois,5904,89278,2342,2281,2003,306000,2342,137,213,2254,163,107,2281,115,5904,398,17,031,561000,5904,5904,89278,89278,2342,2342,2281,2281,2003,2003,306000,306000,2342,2342,137,137,213,213,2254,2254,163,163,107,107,2281,2281,115,115,5904,5904,398,398,17031561000,0.8781236299868479,0.11978704525288376,0.0674119241192412,0.050416483998246386,0.14944491887275832,38.120409906063195,0.0060392416501892305,0.01821380422912179,1.0,True,0.9291351542088316,0.1416299079600874
Census Tract 5611; Cook County; Illinois,5564,103878,2315,2135,2029,308400,2315,40,222,2241,88,100,2135,165,5564,74,17,031,561100,5564,5564,103878,103878,2315,2315,2135,2135,2029,2029,308400,308400,2315,2315,40,40,222,222,2241,2241,88,88,100,100,2135,2135,165,165,5564,5564,74,74,17031561100,0.9503512880562061,0.08389112003569835,0.013299784327821711,0.07728337236533958,0.11317494600431965,44.87170626349892,0.006483388667864275,0.0056189902934229,1.0,True,0.9774272763436964,0.10371840222415303
Census Tract 5701; Cook County; Illinois,1299,76490,447,431,349,233800,447,6,133,545,66,54,431,126,1299,242,17,031,570100,1299,1299,76490,76490,447,447,431,431,349,349,233800,233800,447,447,6,6,133,133,545,545,66,66,54,54,431,431,126,126,1299,1299,242,242,17031570100,0.8097447795823666,0.22018348623853212,0.18629715165511931,0.2923433874709977,0.31096196868008946,171.1185682326622,0.06436918623214628,0.05916213789273164,1.0,True,0.8531483906748077,0.3557620293568585
Census Tract 5702; Cook County; Illinois,2111,-666666666,838,824,476,289400,838,0,198,951,30,52,824,293,2111,137,17,031,570200,2111,2111,-666666666,-666666666,838,838,824,824,476,476,289400,289400,838,838,0,0,198,198,951,951,30,30,52,52,824,824,293,293,2111,2111,137,137,17031570200,0.5776699029126213,0.08622502628811778,0.06489815253434392,0.35558252427184467,0.23627684964200477,-795544.9474940334,0.030660112502935082,0.09978682484880784,1.0,True,0.4968555326267909,0.24626751305696193
Census Tract 5703; Cook County; Illinois,5801,57303,2031,1821,1249,309900,2031,70,862,2397,232,93,1821,535,5739,593,17,031,570300,5801,5801,57303,57303,2031,2031,1821,1821,1249,1249,309900,309900,2031,2031,70,70,862,862,2397,2397,232,232,93,93,1821,1821,535,535,5739,5739,593,593,17031570300,0.685886875343218,0.13558614935335836,0.10332810594180171,0.29379461834157056,0.4588872476612506,28.214180206794683,0.039834481001673104,0.144142507228026,1.0,True,0.8489719072965913,0.3264377478479613
Census Tract 5704; Cook County; Illinois,1668,73475,630,630,272,245700,630,7,304,828,154,27,630,105,1667,255,17,031,570400,1668,1668,73475,73475,630,630,630,630,272,272,245700,245700,630,630,7,7,304,304,828,828,154,154,27,27,630,630,105,105,1667,1667,255,255,17031570400,0.43174603174603177,0.21859903381642512,0.15296940611877624,0.16666666666666666,0.4936507936507937,116.62698412698413,0.036433172302737515,0.28051902242378435,1.0,True,0.7420576217462106,0.35413574002785364
Census Tract 5705; Cook County; Illinois,2535,81422,849,801,555,282400,849,0,280,868,129,0,801,108,2482,181,17,031,570500,2535,2535,81422,81422,849,849,801,801,555,555,282400,282400,849,849,0,0,280,280,868,868,129,129,0,0,801,801,108,108,2482,2482,181,181,17031570500,0.6928838951310862,0.14861751152073732,0.07292506043513296,0.1348314606741573,0.3297997644287397,95.90341578327444,0.020038316160099413,0.1012868190380399,1.0,True,0.8649181570257795,0.23565798038412294
Census Tract 5801; Cook County; Illinois,2167,40929,1048,902,604,370500,1048,24,504,569,27,9,902,103,2167,407,17,031,580100,2167,2167,40929,40929,1048,1048,902,902,604,604,370500,370500,1048,1048,24,24,504,504,569,569,27,27,9,9,902,902,103,103,2167,2167,407,407,17031580100,0.6696230598669624,0.0632688927943761,0.18781725888324874,0.11419068736141907,0.5038167938931297,39.0543893129771,0.007224718356785741,0.1664494507540495,1.0,True,0.8057433043472698,0.2724847321168882
Census Tract 5802; Cook County; Illinois,3049,38896,1011,901,383,289300,1011,107,580,930,187,0,901,142,3049,692,17,031,580200,3049,3049,38896,38896,1011,1011,901,901,383,383,289300,289300,1011,1011,107,107,580,580,930,930,187,187,0,0,901,901,142,142,3049,3049,692,692,17031580200,0.42508324084350724,0.2010752688172043,0.22695965890455888,0.15760266370699222,0.6795252225519288,38.47279920870425,0.03168999797119091,0.3906704387146494,1.0,True,0.7067173076417319,0.4188807611849584
Census Tract 5803; Cook County; Illinois,2311,82240,811,762,576,227600,811,13,479,1080,50,0,762,43,2311,244,17,031,580300,2311,2311,82240,82240,811,811,762,762,576,576,227600,227600,811,811,13,13,479,479,1080,1080,50,50,0,0,762,762,43,43,2311,2311,244,244,17031580300,0.7559055118110236,0.046296296296296294,0.10558199913457378,0.05643044619422572,0.6066584463625154,101.40567200986436,0.0026125206571400795,0.14808198297037778,1.0,True,0.8713155594727526,0.24625497770155902
Census Tract 5804; Cook County; Illinois,4236,58889,1617,1580,788,272700,1617,117,617,1888,91,8,1580,168,4121,619,17,031,580400,4236,4236,58889,58889,1617,1617,1580,1580,788,788,272700,272700,1617,1617,117,117,617,617,1888,1888,91,91,8,8,1580,1580,168,168,4121,4121,619,619,17031580400,0.49873417721518987,0.0524364406779661,0.15020626061635525,0.10632911392405063,0.45392702535559676,36.4186765615337,0.00557552027461918,0.2275381038491346,1.0,True,0.7656159020909691,0.23790379954685942
Census Tract 5805.01; Cook County; Illinois,4728,74667,1801,1650,688,249700,1801,99,1255,2035,81,34,1650,146,4670,423,17,031,580501,4728,4728,74667,74667,1801,1801,1650,1650,688,688,249700,249700,1801,1801,99,99,1255,1255,2035,2035,81,81,34,34,1650,1650,146,146,4670,4670,423,423,17031580501,0.416969696969697,0.056511056511056514,0.09057815845824412,0.08848484848484849,0.7518045530260966,41.45863409217102,0.005000372273099546,0.4383248363703666,1.0,True,0.7650456569353227,0.29720587960404404
Census Tract 5805.02; Cook County; Illinois,5304,62552,1594,1520,864,223900,1594,83,951,2461,56,0,1520,294,5212,1279,17,031,580502,5304,5304,62552,62552,1594,1594,1520,1520,864,864,223900,223900,1594,1594,83,83,951,951,2461,2461,56,56,0,0,1520,1520,294,294,5212,5212,1279,1279,17031580502,0.5684210526315789,0.022754977651361235,0.24539524174980815,0.19342105263157894,0.6486825595984943,39.24215809284818,0.004401291729934344,0.2799577362477712,1.0,True,0.7462606056632995,0.3370427446272328
Census Tract 5806; Cook County; Illinois,5948,78798,1787,1684,1232,223000,1787,80,964,2435,418,54,1684,173,5885,677,17,031,580600,5948,5948,78798,78798,1787,1787,1684,1684,1232,1232,223000,223000,1787,1787,80,80,964,964,2435,2435,418,418,54,54,1684,1684,173,173,5885,5885,677,677,17031580600,0.7315914489311164,0.19383983572895278,0.11503823279524214,0.10273159144893111,0.5842193620593172,44.095131505316175,0.019913474810634695,0.15680947247672886,1.0,True,0.8589785780319857,0.3333883240562783
Census Tract 5807; Cook County; Illinois,5822,61616,1801,1683,678,231200,1801,49,911,2260,343,29,1683,275,5822,1730,17,031,580700,5822,5822,61616,61616,1801,1801,1683,1683,678,678,231200,231200,1801,1801,49,49,911,911,2260,2260,343,343,29,29,1683,1683,275,275,5822,5822,1730,1730,17031580700,0.4028520499108734,0.16460176991150444,0.2971487461353487,0.16339869281045752,0.5330372015546918,34.21210438645197,0.026895714037827523,0.3183020722296288,1.0,True,0.6679167486108346,0.3848816336813793
Census Tract 5808; Cook County; Illinois,2018,62273,606,602,294,223000,606,26,380,978,85,0,602,59,2018,95,17,031,580800,2018,2018,62273,62273,606,606,602,602,294,294,223000,223000,606,606,26,26,380,380,978,978,85,85,0,0,602,602,59,59,2018,2018,95,95,17031580800,0.4883720930232558,0.0869120654396728,0.04707631318136769,0.09800664451827243,0.66996699669967,102.76072607260726,0.008517959901894842,0.34277381226494746,1.0,True,0.8083023172605656,0.27839227364361585
Census Tract 5905; Cook County; Illinois,1630,71042,854,801,444,356800,854,23,477,775,57,0,801,123,1584,194,17,031,590500,1630,1630,71042,71042,854,854,801,801,444,444,356800,356800,854,854,23,23,477,477,775,775,57,57,0,0,801,801,123,123,1584,1584,194,194,17031590500,0.5543071161048689,0.07354838709677419,0.12247474747474747,0.15355805243445692,0.585480093676815,83.18735362997658,0.011293947082276186,0.26094431141401114,1.0,True,0.7965529416172507,0.2912509014449475
Census Tract 5906; Cook County; Illinois,3706,95114,1483,1445,988,258900,1483,11,937,1635,137,30,1445,189,3683,480,17,031,590600,3706,3706,95114,95114,1483,1483,1445,1445,988,988,258900,258900,1483,1483,11,11,937,937,1635,1635,137,137,30,30,1445,1445,189,189,3683,3683,480,480,17031590600,0.6837370242214533,0.10214067278287461,0.130328536519142,0.13079584775086506,0.6392447741065408,64.13621038435603,0.013359575886479794,0.20216945450981946,1.0,True,0.8361946114200265,0.3161120549381305
Census Tract 5907; Cook County; Illinois,2544,72355,1182,978,729,332100,1182,9,707,1211,102,74,978,124,2544,420,17,031,590700,2544,2544,72355,72355,1182,1182,978,978,729,729,332100,332100,1182,1182,9,9,707,707,1211,1211,102,102,74,74,978,978,124,124,2544,2544,420,420,17031590700,0.745398773006135,0.1453344343517754,0.1650943396226415,0.12678936605316973,0.6057529610829103,61.21404399323181,0.018426860797157617,0.15422544714687592,1.0,True,0.8411834669973092,0.3391931562469383
Census Tract 6004; Cook County; Illinois,4135,66964,1732,1628,779,374500,1732,132,787,1904,109,34,1628,287,4092,685,17,031,600400,4135,4135,66964,66964,1732,1732,1628,1628,779,779,374500,374500,1732,1732,132,132,787,787,1904,1904,109,109,34,34,1628,1628,287,287,4092,4092,685,685,17031600400,0.4785012285012285,0.07510504201680672,0.16739980449657868,0.1762899262899263,0.5306004618937644,38.66281755196305,0.013240262321144674,0.2767074890342789,1.0,True,0.7511834948235329,0.29916130188412454
Census Tract 6006; Cook County; Illinois,2668,65759,1297,1145,679,434300,1297,41,835,1314,80,75,1145,193,2668,386,17,031,600600,2668,2668,65759,65759,1297,1297,1145,1145,679,679,434300,434300,1297,1297,41,41,835,835,1314,1314,80,80,75,75,1145,1145,193,193,2668,2668,386,386,17031600600,0.5930131004366812,0.11796042617960426,0.1446776611694153,0.1685589519650655,0.6754047802621435,50.700848111025444,0.01988328581018657,0.27488089746913436,1.0,True,0.7995190538810072,0.35125051307964095
Census Tract 6007; Cook County; Illinois,3171,71382,1362,1278,612,417500,1362,27,521,1545,115,50,1278,425,3133,515,17,031,600700,3171,3171,71382,71382,1362,1362,1278,1278,612,612,417500,417500,1362,1362,27,27,521,521,1545,1545,115,115,50,50,1278,1278,425,425,3133,3133,515,515,17031600700,0.4788732394366197,0.10679611650485436,0.16437918927545483,0.33255086071987483,0.4023494860499266,52.409691629955944,0.03551514046522935,0.2096750842795392,1.0,True,0.752661083419525,0.32898139201951854
Census Tract 6009; Cook County; Illinois,3742,54107,1638,1599,459,378100,1638,98,944,1620,128,28,1599,570,3741,1227,17,031,600900,3742,3742,54107,54107,1638,1638,1599,1599,459,459,378100,378100,1638,1638,98,98,944,944,1620,1620,128,128,28,28,1599,1599,570,570,3741,3741,1227,1227,17031600900,0.2870544090056285,0.0962962962962963,0.3279871692060946,0.35647279549718575,0.6361416361416361,33.03235653235653,0.03432700993676603,0.4535343747351252,1.0,True,0.6155171458385907,0.4513675307881396
Census Tract 6103; Cook County; Illinois,5067,44870,2317,2105,887,206700,2317,42,1201,1902,153,0,2105,543,5067,2056,17,031,610300,5067,5067,44870,44870,2317,2317,2105,2105,887,887,206700,206700,2317,2317,42,42,1201,1201,1902,1902,153,153,0,0,2105,2105,543,543,5067,5067,2056,2056,17031610300,0.4213776722090261,0.0804416403785489,0.40576277876455497,0.25795724465558195,0.5364695727233492,19.365558912386707,0.020750503907625676,0.31041327295821347,1.0,True,0.6254913389690647,0.40983651081778083
Census Tract 6104; Cook County; Illinois,2063,50313,638,556,167,157400,638,0,502,807,0,68,556,52,2063,338,17,031,610400,2063,2063,50313,50313,638,638,556,556,167,167,157400,157400,638,638,0,0,502,502,807,807,0,0,68,68,556,556,52,52,2063,2063,338,338,17031610400,0.30035971223021585,0.08426270136307311,0.16383906931652933,0.09352517985611511,0.786833855799373,78.86050156739812,0.007880684300143529,0.5505006652984822,1.0,True,0.6933876851597711,0.34733145490954254
Census Tract 6108; Cook County; Illinois,1584,108750,661,651,423,338200,661,0,397,815,44,46,651,26,1577,214,17,031,610800,1584,1584,108750,108750,661,661,651,651,423,423,338200,338200,661,661,0,0,397,397,815,815,44,44,46,46,651,651,26,26,1577,1577,214,214,17031610800,0.6497695852534562,0.11042944785276074,0.1357006975269499,0.039938556067588324,0.6006051437216339,164.5234493192133,0.0044103926945803056,0.21035018858453539,1.0,True,0.8224755250219701,0.28207808083191604
Census Tract 6112; Cook County; Illinois,2586,-666666666,866,795,320,221200,866,0,608,907,130,24,795,184,2584,972,17,031,611200,2586,2586,-666666666,-666666666,866,866,795,795,320,320,221200,221200,866,866,0,0,608,608,907,907,130,130,24,24,795,795,184,184,2584,2584,972,972,17031611200,0.4025157232704403,0.16979051819184124,0.3761609907120743,0.23144654088050315,0.7020785219399538,-769822.9399538107,0.039297428109809796,0.4194808778886516,1.0,True,0.2992166009377295,0.4830788397403011
Census Tract 6113; Cook County; Illinois,3365,48484,1236,1087,240,176600,1236,59,748,1142,134,0,1087,382,3365,611,17,031,611300,3365,3365,48484,48484,1236,1236,1087,1087,240,240,176600,176600,1236,1236,59,59,748,748,1142,1142,134,134,0,0,1087,1087,382,382,3365,3365,611,611,17031611300,0.22079116835326587,0.11733800350262696,0.18157503714710252,0.3514259429622815,0.6529126213592233,39.226537216828476,0.04123561852622217,0.5087552808567269,1.0,True,0.6589291238972422,0.41602116627888347
Census Tract 6114; Cook County; Illinois,3536,36724,1206,1026,218,284800,1206,54,850,1110,101,0,1026,97,3536,1658,17,031,611400,3536,3536,36724,36724,1206,1206,1026,1026,218,218,284800,284800,1206,1206,54,54,850,850,1110,1110,101,101,0,0,1026,1026,97,97,3536,3536,1658,1658,17031611400,0.2124756335282651,0.09099099099099099,0.4688914027149321,0.09454191033138401,0.7495854063018242,30.451077943615257,0.008602462111234041,0.5903167722143021,1.0,True,0.5276104794564828,0.4430720486257901
Census Tract 6115; Cook County; Illinois,3226,55647,1114,933,401,267400,1114,53,573,1002,135,0,933,236,3034,674,17,031,611500,3226,3226,55647,55647,1114,1114,933,933,401,401,267400,267400,1114,1114,53,53,573,573,1002,1002,135,135,0,0,933,933,236,236,3034,3034,674,674,17031611500,0.42979635584137194,0.1347305389221557,0.22214897824653923,0.2529474812433012,0.5619389587073609,49.9524236983842,0.03407975046691184,0.32041964204964196,1.0,True,0.7104489428506406,0.3814062014033267
Census Tract 6116; Cook County; Illinois,1464,81288,471,438,198,148800,471,22,66,317,44,0,438,28,1464,212,17,031,611600,1464,1464,81288,81288,471,471,438,438,198,198,148800,148800,471,471,22,22,66,66,317,317,44,44,0,0,438,438,28,28,1464,1464,212,212,17031611600,0.4520547945205479,0.138801261829653,0.1448087431693989,0.0639269406392694,0.18683651804670912,172.5859872611465,0.008873140025639917,0.10237617427216937,1.0,True,0.7524820694282163,0.1920749096895869
Census Tract 6117; Cook County; Illinois,1703,-666666666,888,800,158,123800,888,0,364,699,23,0,800,94,1703,529,17,031,611700,1703,1703,-666666666,-666666666,888,888,800,800,158,158,123800,123800,888,888,0,0,364,364,699,699,23,23,0,0,800,800,94,94,1703,1703,529,529,17031611700,0.1975,0.032904148783977114,0.3106283029947152,0.1175,0.4099099099099099,-750750.75,0.0038662374821173107,0.32895270270270266,1.0,True,0.2601963428038003,0.2731056698247306
Census Tract 6118; Cook County; Illinois,1353,51875,762,551,239,167100,762,0,497,572,59,14,551,127,1353,92,17,031,611800,1353,1353,51875,51875,762,762,551,551,239,239,167100,167100,762,762,0,0,497,497,572,572,59,59,14,14,551,551,127,127,1353,1353,92,92,17031611800,0.4337568058076225,0.12762237762237763,0.0679970436067997,0.23049001814882034,0.652230971128609,68.0774278215223,0.029415684134377423,0.3693213484430599,1.0,True,0.7807324115359707,0.3439674778052184
Census Tract 6119; Cook County; Illinois,1797,47724,695,537,152,-666666666,695,38,390,332,59,15,537,209,1797,798,17,031,611900,1797,1797,47724,47724,695,695,537,537,152,152,-666666666,-666666666,695,695,38,38,390,390,332,332,59,59,15,15,537,537,209,209,1797,1797,798,798,17031611900,0.28305400372439476,0.22289156626506024,0.44407345575959933,0.3891992551210428,0.6158273381294964,68.66762589928058,0.086749231563124,0.44151494446900585,1.0,True,0.5622452684467104,0.5598052841039496
Census Tract 6120; Cook County; Illinois,1214,56667,562,462,187,88000,562,0,406,490,84,0,462,122,1214,135,17,031,612000,1214,1214,56667,56667,562,562,462,462,187,187,88000,88000,562,562,0,0,406,406,490,490,84,84,0,0,462,462,122,122,1214,1214,135,135,17031612000,0.40476190476190477,0.17142857142857143,0.11120263591433278,0.26406926406926406,0.7224199288256228,100.83096085409252,0.04526901669758813,0.43001186239620404,1.0,True,0.7517403223255971,0.4111984629689201
Census Tract 6121; Cook County; Illinois,961,26250,493,398,84,221400,493,40,262,315,29,0,398,126,961,234,17,031,612100,961,961,26250,26250,493,493,398,398,84,84,221400,221400,493,493,40,40,262,262,315,315,29,29,0,0,398,398,126,126,961,961,234,234,17031612100,0.21105527638190955,0.09206349206349207,0.24349635796045785,0.3165829145728643,0.6125760649087221,53.24543610547667,0.02914572864321608,0.48328865422446915,1.0,True,0.6279700674445842,0.4014285336100724
Census Tract 6122; Cook County; Illinois,4038,60256,1338,1241,403,148400,1338,77,868,1459,95,208,1241,70,4038,1340,17,031,612200,4038,4038,60256,60256,1338,1338,1241,1241,403,403,148400,148400,1338,1338,77,77,868,868,1459,1459,95,95,208,208,1241,1241,70,70,4038,4038,1340,1340,17031612200,0.32473811442385175,0.20767649074708705,0.3318474492322932,0.05640612409347301,0.7062780269058296,45.03437967115097,0.011714225908377191,0.47692263218943215,1.0,True,0.6263544244306939,0.4322603219815084
Census Tract 6201; Cook County; Illinois,4814,113750,1238,1238,1082,264600,1238,65,54,2090,528,13,1238,73,4814,204,17,031,620100,4814,4814,113750,113750,1238,1238,1238,1238,1082,1082,264600,264600,1238,1238,65,65,54,54,2090,2090,528,528,13,13,1238,1238,73,73,4814,4814,204,204,17031620100,0.8739903069466882,0.25885167464114833,0.0423764021603656,0.05896607431340872,0.09612277867528271,91.88206785137318,0.01526346708304025,0.012112401836303797,1.0,True,0.9389701186378505,0.19208544337632663
Census Tract 6202; Cook County; Illinois,1947,63750,808,758,469,289900,808,18,78,758,108,0,758,116,1947,61,17,031,620200,1947,1947,63750,63750,808,808,758,758,469,469,289900,289900,808,808,18,18,78,78,758,758,108,108,0,0,758,758,116,116,1947,1947,61,61,17031620200,0.6187335092348285,0.1424802110817942,0.03133025166923472,0.15303430079155672,0.1188118811881188,78.89851485148515,0.02180435947953579,0.04529898900180255,1.0,True,0.8588014065610171,0.16566141720698865
Census Tract 6203; Cook County; Illinois,6507,73804,2342,2260,1617,245100,2342,21,251,2473,343,139,2260,338,6507,796,17,031,620300,6507,6507,73804,73804,2342,2342,2260,2260,1617,1617,245100,245100,2342,2342,21,21,251,251,2473,2473,343,343,139,139,2260,2260,338,338,6507,6507,796,796,17031620300,0.7154867256637168,0.19490497371613424,0.1223297986783464,0.1495575221238938,0.1161400512382579,31.513236549957302,0.02914950491860769,0.03304338625938045,1.0,True,0.8503457064807135,0.22107788013135202
Census Tract 6204; Cook County; Illinois,4633,56798,1391,1320,828,241100,1391,14,230,1631,372,34,1320,142,4633,880,17,031,620400,4633,4633,56798,56798,1391,1391,1320,1320,828,828,241100,241100,1391,1391,14,14,230,230,1631,1631,372,372,34,34,1320,1320,142,142,4633,4633,880,880,17031620400,0.6272727272727273,0.24892703862660945,0.18994172242607382,0.10757575757575757,0.17541337167505391,40.832494608195546,0.02677851476134738,0.06538134762433827,1.0,True,0.7906840060365266,0.2743014095487732
Census Tract 6303; Cook County; Illinois,5193,63835,1562,1433,808,232300,1562,142,827,2083,98,0,1433,142,5193,820,17,031,630300,5193,5193,63835,63835,1562,1562,1433,1433,808,808,232300,232300,1562,1562,142,142,827,827,2083,2083,98,98,0,0,1433,1433,142,142,5193,5193,820,820,17031630300,0.5638520586182834,0.04704752760441671,0.15790487194300018,0.09909281228192603,0.6203585147247119,40.86747759282971,0.004662071821233198,0.27056808911580243,1.0,True,0.7838800943642715,0.2817697190928
Census Tract 6304; Cook County; Illinois,7455,64736,1885,1830,1163,235000,1885,100,1174,2801,255,172,1830,258,7455,367,17,031,630400,7455,7455,64736,64736,1885,1885,1830,1830,1163,1163,235000,235000,1885,1885,100,100,1174,1174,2801,2801,255,255,172,172,1830,1830,258,258,7455,7455,367,367,17031630400,0.6355191256830601,0.15244555515887184,0.049228705566733734,0.14098360655737704,0.6758620689655173,34.34270557029178,0.02149232416993931,0.24633879781420764,1.0,True,0.8563896119460432,0.32805321415215927
Census Tract 6305; Cook County; Illinois,6026,54846,1804,1661,911,225500,1804,0,1119,2002,180,34,1661,195,5932,1520,17,031,630500,6026,6026,54846,54846,1804,1804,1661,1661,911,911,225500,225500,1804,1804,0,0,1119,1119,2002,2002,180,180,34,34,1661,1661,195,195,5932,5932,1520,1520,17031630500,0.5484647802528597,0.1068931068931069,0.25623735670937287,0.11739915713425647,0.6202882483370288,30.402439024390244,0.01254916065271273,0.280081990519429,1.0,True,0.7347540678835879,0.35118264756626766
Census Tract 6306; Cook County; Illinois,2864,61611,945,880,486,249500,945,39,374,1118,59,0,880,148,2864,800,17,031,630600,2864,2864,61611,61611,945,945,880,880,486,486,249500,249500,945,945,39,39,374,374,1118,1118,59,59,0,0,880,880,148,148,2864,2864,800,800,17031630600,0.5522727272727272,0.052772808586762074,0.27932960893854747,0.16818181818181818,0.43703703703703706,65.1968253968254,0.008875426898682712,0.1956734006734007,1.0,True,0.7256956464069996,0.296643134737923
Census Tract 6308; Cook County; Illinois,5928,75699,1932,1825,1247,276100,1932,140,679,3094,520,177,1825,436,5928,614,17,031,630800,5928,5928,75699,75699,1932,1932,1825,1825,1247,1247,276100,276100,1932,1932,140,140,679,679,3094,3094,520,520,177,177,1825,1825,436,436,5928,5928,614,614,17031630800,0.6832876712328767,0.22527472527472528,0.10357624831309042,0.2389041095890411,0.42391304347826086,39.18167701863354,0.053819057654674096,0.13425848719475877,1.0,True,0.8480036853991764,0.34483661355052886
Census Tract 6309; Cook County; Illinois,3998,52873,1544,1469,645,257000,1544,0,766,1363,145,0,1469,450,3967,340,17,031,630900,3998,3998,52873,52873,1544,1544,1469,1469,645,645,257000,257000,1544,1544,0,0,766,766,1363,1363,145,145,0,0,1469,1469,450,450,3967,3967,340,340,17031630900,0.43907420013614706,0.10638297872340426,0.08570708343836653,0.3063308373042886,0.4961139896373057,34.244170984455955,0.03258838694726475,0.27828313646095293,1.0,True,0.7745821757665988,0.32003898210228987
Census Tract 6401; Cook County; Illinois,1464,57411,491,451,272,264400,491,89,150,554,132,20,451,33,1464,197,17,031,640100,1464,1464,57411,57411,491,491,451,451,272,272,264400,264400,491,491,89,89,150,150,554,554,132,132,20,20,451,451,33,33,1464,1464,197,197,17031640100,0.6031042128603105,0.2743682310469314,0.13456284153005466,0.07317073170731707,0.48676171079429736,116.92668024439918,0.0200757242229462,0.19319367235516458,1.0,True,0.8074038002809224,0.34434298272525554
Census Tract 6403; Cook County; Illinois,6158,92568,2399,2231,1589,297600,2399,55,137,2462,604,92,2231,87,6158,144,17,031,640300,6158,6158,92568,92568,2399,2399,2231,2231,1589,1589,297600,297600,2399,2399,55,55,137,137,2462,2462,604,604,92,92,2231,2231,87,87,6158,6158,144,144,17031640300,0.7122366651725683,0.2826969943135662,0.023384215654433257,0.038995965934558494,0.08003334722801167,38.586077532305126,0.011024042360053905,0.02303066289573442,1.0,True,0.8935384630718882,0.1869566039307922
Census Tract 6404; Cook County; Illinois,3306,100192,1258,1222,1120,330800,1258,57,60,1610,164,25,1222,73,3276,268,17,031,640400,3306,3306,100192,100192,1258,1258,1222,1222,1120,1120,330800,330800,1258,1258,57,57,60,60,1610,1610,164,164,25,25,1222,1222,73,73,3276,3276,268,268,17031640400,0.9165302782324058,0.11739130434782609,0.08180708180708181,0.05973813420621931,0.09300476947535771,79.64387917329094,0.007012737493773571,0.0077630822311673415,1.0,True,0.9355026531594982,0.13252027756222784
Census Tract 6405; Cook County; Illinois,4091,72549,1718,1708,1337,311900,1718,129,31,1582,118,11,1708,142,3979,382,17,031,640500,4091,4091,72549,72549,1718,1718,1708,1708,1337,1337,311900,311900,1718,1718,129,129,31,31,1582,1582,118,118,11,11,1708,1708,142,142,3979,3979,382,382,17031640500,0.7827868852459017,0.08154235145385588,0.09600402111083187,0.08313817330210772,0.09313154831199069,42.22875436554133,0.006779282146632046,0.020229393690719286,1.0,True,0.8845562136150763,0.12657474539688343
Census Tract 6406; Cook County; Illinois,4042,75461,1841,1768,1142,320800,1841,75,198,1751,247,28,1768,152,3988,313,17,031,640600,4042,4042,75461,75461,1841,1841,1768,1768,1142,1142,320800,320800,1841,1841,75,75,198,198,1751,1751,247,247,28,28,1768,1768,152,152,3988,3988,313,313,17031640600,0.6459276018099548,0.15705311250713877,0.07848545636910732,0.08597285067873303,0.1482889733840304,40.989136338946224,0.013502303790206501,0.05250503243122343,1.0,True,0.8467754442730316,0.17550416396807092
Census Tract 6407; Cook County; Illinois,3080,77691,1125,1063,759,271600,1125,48,143,1238,179,8,1063,33,3080,291,17,031,640700,3080,3080,77691,77691,1125,1125,1063,1063,759,759,271600,271600,1125,1125,48,48,143,143,1238,1238,179,179,8,8,1063,1063,33,33,3080,3080,291,291,17031640700,0.7140169332079022,0.15105008077544427,0.09448051948051948,0.031044214487300093,0.16977777777777778,69.05866666666667,0.004689231105916896,0.048553569562036165,1.0,True,0.8623170574962269,0.16608054793613153
Census Tract 6408; Cook County; Illinois,1488,51833,580,580,399,272200,580,45,173,639,48,0,580,116,1488,292,17,031,640800,1488,1488,51833,51833,580,580,580,580,399,399,272200,272200,580,580,45,45,173,173,639,639,48,48,0,0,580,580,116,116,1488,1488,292,292,17031640800,0.6879310344827586,0.07511737089201878,0.19623655913978494,0.2,0.3758620689655172,89.36724137931034,0.015023474178403757,0.117294887039239,1.0,True,0.808084747101721,0.2733814428136555
Census Tract 6501; Cook County; Illinois,4283,68476,1475,1426,999,253800,1475,102,508,1621,298,0,1426,429,4097,569,17,031,650100,4283,4283,68476,68476,1475,1475,1426,1426,999,999,253800,253800,1475,1475,102,102,508,508,1621,1621,298,298,0,0,1426,1426,429,429,4097,4097,569,569,17031650100,0.7005610098176718,0.1838371375694016,0.13888210886014157,0.3008415147265077,0.4135593220338983,46.42440677966102,0.055305842929364156,0.12383578577031878,1.0,True,0.8379625559395828,0.3526308799445525
Census Tract 6502; Cook County; Illinois,6782,80335,2185,2065,1437,285700,2185,61,693,2724,27,65,2065,121,6782,556,17,031,650200,6782,6782,80335,80335,2185,2185,2065,2065,1437,1437,285700,285700,2185,2185,61,61,693,693,2724,2724,27,27,65,65,2065,2065,121,121,6782,6782,556,556,17031650200,0.6958837772397094,0.033773861967694566,0.08198171630787378,0.0585956416464891,0.34508009153318076,36.76659038901602,0.0019790011128770183,0.10494445398684626,1.0,True,0.8618657659280933,0.15977243304780633
Census Tract 6503.01; Cook County; Illinois,4696,54770,1641,1641,1307,280500,1641,67,288,2060,330,118,1641,240,4696,878,17,031,650301,4696,4696,54770,54770,1641,1641,1641,1641,1307,1307,280500,280500,1641,1641,67,67,288,288,2060,2060,330,330,118,118,1641,1641,240,240,4696,4696,878,878,17031650301,0.7964655697745278,0.2174757281553398,0.18696763202725725,0.14625228519195613,0.21633150517976843,33.37599024984765,0.03180632221650308,0.04403090964658296,1.0,True,0.848411168873095,0.2811287202837998
Census Tract 6503.02; Cook County; Illinois,5242,65722,1251,1251,987,241400,1251,0,319,1724,174,92,1251,34,5242,1104,17,031,650302,5242,5242,65722,65722,1251,1251,1251,1251,987,987,241400,241400,1251,1251,0,0,319,319,1724,1724,174,174,92,92,1251,1251,34,34,5242,5242,1104,1104,17031650302,0.7889688249400479,0.154292343387471,0.21060663868752386,0.02717825739408473,0.25499600319744203,52.53557154276579,0.004193397022521194,0.053812106190347486,1.0,True,0.8353419999727577,0.22919368668568202
Census Tract 6504; Cook County; Illinois,6907,76500,1662,1602,1251,261300,1662,63,169,2235,480,198,1602,58,6907,1933,17,031,650400,6907,6907,76500,76500,1662,1662,1602,1602,1251,1251,261300,261300,1662,1662,63,63,169,169,2235,2235,480,480,198,198,1602,1602,58,58,6907,6907,1933,1933,17031650400,0.7808988764044944,0.30335570469798656,0.279861010568988,0.03620474406991261,0.13959085439229843,46.02888086642599,0.010982915650738589,0.030584513041009204,1.0,True,0.8016740635795611,0.2992468343353646
Census Tract 6505; Cook County; Illinois,4032,65833,1544,1502,1244,206900,1544,31,55,1803,185,10,1502,156,4007,694,17,031,650500,4032,4032,65833,65833,1544,1544,1502,1502,1244,1244,206900,206900,1544,1544,31,31,55,55,1803,1803,185,185,10,10,1502,1502,156,156,4007,4007,694,694,17031650500,0.8282290279627164,0.10815307820299501,0.17319690541552282,0.10386151797603196,0.05569948186528497,42.637953367875646,0.011232942875943557,0.009567554141973052,1.0,True,0.8651653289243777,0.16230830533458251
Census Tract 6603.01; Cook County; Illinois,1818,26538,714,656,156,172400,714,0,367,592,178,24,656,313,1818,712,17,031,660301,1818,1818,26538,26538,714,714,656,656,156,156,172400,172400,714,714,0,0,367,367,592,592,178,178,24,24,656,656,313,313,1818,1818,712,712,17031660301,0.23780487804878048,0.34121621621621623,0.39163916391639164,0.4771341463414634,0.5140056022408963,37.168067226890756,0.16280590804218853,0.39177256268361,1.0,True,0.5706099330149682,0.6025754763831626
Census Tract 6603.02; Cook County; Illinois,4661,55430,1592,1431,715,239800,1592,24,785,1769,238,49,1431,398,4661,333,17,031,660302,4661,4661,55430,55430,1592,1592,1431,1431,715,715,239800,239800,1592,1592,24,24,785,785,1769,1769,238,238,49,49,1431,1431,398,398,4661,4661,333,333,17031660302,0.4996505939902166,0.1622385528547202,0.0714438961596224,0.2781271837875611,0.5081658291457286,34.8178391959799,0.04512295180725271,0.2542604707675344,1.0,True,0.80115671562689,0.3380137614088877
Census Tract 6604; Cook County; Illinois,4981,47804,1650,1465,705,273100,1650,284,546,2070,531,123,1465,260,4925,1161,17,031,660400,4981,4981,47804,47804,1650,1650,1465,1465,705,705,273100,273100,1650,1650,284,284,546,546,2070,2070,531,531,123,123,1465,1465,260,260,4925,4925,1161,1161,17031660400,0.4812286689419795,0.3159420289855073,0.23573604060913705,0.17747440273037543,0.503030303030303,28.972121212121213,0.056071622891625865,0.2609576998655497,1.0,True,0.7215104845182253,0.43767202077517653
Census Tract 6605; Cook County; Illinois,5650,72238,1583,1517,868,233300,1583,155,771,2288,210,113,1517,141,5650,709,17,031,660500,5650,5650,72238,72238,1583,1583,1517,1517,868,868,233300,233300,1583,1583,155,155,771,771,2288,2288,210,210,113,113,1517,1517,141,141,5650,5650,709,709,17031660500,0.5721819380355966,0.14117132867132867,0.12548672566371682,0.09294660514172709,0.5849652558433355,45.63360707517372,0.013121395743346963,0.2502587020714072,1.0,True,0.8011643006663748,0.30707381169469405
Census Tract 6606; Cook County; Illinois,6533,45738,2337,2155,976,203000,2337,0,1210,1676,224,95,2155,666,6533,1600,17,031,660600,6533,6533,45738,45738,2337,2337,2155,2155,976,976,203000,203000,2337,2337,0,0,1210,1210,1676,1676,224,224,95,95,2155,2155,666,666,6533,6533,1600,1600,17031660600,0.4529002320185615,0.19033412887828163,0.2449104546150314,0.3090487238979118,0.517757809157039,19.57124518613607,0.05882251964405363,0.2832651772603939,1.0,True,0.7079621479162433,0.42319768905654487
Census Tract 6607; Cook County; Illinois,1561,29577,719,633,322,200500,719,68,236,419,87,85,633,186,1561,505,17,031,660700,1561,1561,29577,29577,719,719,633,633,322,322,200500,200500,719,719,68,68,236,236,419,419,87,87,85,85,633,633,186,186,1561,1561,505,505,17031660700,0.5086887835703001,0.4105011933174224,0.32351057014734147,0.2938388625592417,0.4228094575799722,41.136300417246176,0.12062120372360279,0.20773102892159773,1.0,True,0.6913857718392696,0.530548198216289
Census Tract 6608; Cook County; Illinois,5876,47248,2395,2212,1007,202900,2395,0,1127,1984,169,189,2212,561,5876,1785,17,031,660800,5876,5876,47248,47248,2395,2395,2212,2212,1007,1007,202900,202900,2395,2395,0,0,1127,1127,1984,1984,169,169,189,189,2212,2212,561,561,5876,5876,1785,1785,17031660800,0.45524412296564193,0.18044354838709678,0.3037780803267529,0.25361663652802896,0.47056367432150314,19.72776617954071,0.04576348582511813,0.2563423271055205,1.0,True,0.6824077295279403,0.40687929965751374
Census Tract 6609; Cook County; Illinois,5855,43137,1948,1641,714,265900,1948,0,927,2123,96,0,1641,266,5612,2407,17,031,660900,5855,5855,43137,43137,1948,1948,1641,1641,714,714,265900,265900,1948,1948,0,0,927,927,2123,2123,96,96,0,0,1641,1641,266,266,5612,5612,2407,2407,17031660900,0.4351005484460695,0.045219029674988226,0.4289023521026372,0.16209628275441804,0.4758726899383984,22.14425051334702,0.007329836620077312,0.26882022155569485,1.0,True,0.6197124757548732,0.35183306778896933
Census Tract 6610; Cook County; Illinois,4954,54665,2203,1997,1348,219600,2203,47,622,2195,229,202,1997,456,4954,1094,17,031,661000,4954,4954,54665,54665,2203,2203,1997,1997,1348,1348,219600,219600,2203,2203,47,47,622,622,2195,2195,229,229,202,202,1997,1997,456,456,4954,4954,1094,1094,17031661000,0.6750125187781673,0.19635535307517085,0.2208316511909568,0.22834251377065598,0.30367680435769406,24.813890149795732,0.044836274913509215,0.09869115975370227,1.0,True,0.792776524871726,0.33252250797161526
Census Tract 6611; Cook County; Illinois,7052,78587,1962,1936,1724,229000,1962,72,128,2930,285,266,1936,29,7052,716,17,031,661100,7052,7052,78587,78587,1962,1962,1936,1936,1724,1724,229000,229000,1962,1962,72,72,128,128,2930,2930,285,285,266,266,1936,1936,29,29,7052,7052,716,716,17031661100,0.890495867768595,0.18805460750853242,0.10153148043108338,0.014979338842975207,0.1019367991845056,40.05453618756371,0.002816933686853017,0.011162500737146277,1.0,True,0.9179893253955607,0.16324630544054328
Census Tract 6701; Cook County; Illinois,1031,22697,621,439,205,259400,621,0,340,305,25,32,439,75,1031,457,17,031,670100,1031,1031,22697,22697,621,621,439,439,205,205,259400,259400,621,621,0,0,340,340,305,305,25,25,32,32,439,439,75,75,1031,1031,457,457,17031670100,0.46697038724373574,0.18688524590163935,0.44325897187196894,0.17084282460136674,0.5475040257648953,36.549114331723025,0.03192800328615707,0.29183585883595786,1.0,True,0.6239026083714382,0.45170772139154375
Census Tract 6702; Cook County; Illinois,1355,56563,517,395,149,93000,517,0,269,441,54,38,395,121,1355,411,17,031,670200,1355,1355,56563,56563,517,517,395,395,149,149,93000,93000,517,517,0,0,269,269,441,441,54,54,38,38,395,395,121,121,1355,1355,411,411,17031670200,0.37721518987341773,0.20861678004535147,0.3033210332103321,0.30632911392405066,0.5203094777562862,109.40618955512572,0.06390539338098108,0.3240408393115099,1.0,True,0.656607216766348,0.45195867711196036
Census Tract 6703; Cook County; Illinois,1204,30000,503,420,63,-666666666,503,0,282,328,11,0,420,157,1196,653,17,031,670300,1204,1204,30000,30000,503,503,420,420,63,63,-666666666,-666666666,503,503,0,0,282,282,328,328,11,11,0,0,420,420,157,157,1196,1196,653,653,17031670300,0.15,0.03353658536585366,0.5459866220735786,0.3738095238095238,0.5606361829025845,59.642147117296226,0.012536295005807201,0.4765407554671969,1.0,True,0.4722906924799128,0.4770494683809759
Census Tract 6704; Cook County; Illinois,1746,44543,709,626,291,207200,709,0,336,636,0,24,626,245,1746,307,17,031,670400,1746,1746,44543,44543,709,709,626,626,291,291,207200,207200,709,709,0,0,336,336,636,636,0,0,24,24,626,626,245,245,1746,1746,307,307,17031670400,0.46485623003194887,0.03773584905660377,0.17583046964490265,0.3913738019169329,0.47390691114245415,62.82510578279267,0.014768822713846523,0.25360833104268715,1.0,True,0.7428522058179873,0.33649299211206785
Census Tract 6705; Cook County; Illinois,1294,35188,429,399,202,210900,429,50,114,283,54,32,399,58,1294,532,17,031,670500,1294,1294,35188,35188,429,429,399,399,202,202,210900,210900,429,429,50,50,114,114,283,283,54,54,32,32,399,399,58,58,1294,1294,532,532,17031670500,0.506265664160401,0.303886925795053,0.41112828438948995,0.14536340852130325,0.3822843822843823,82.02331002331002,0.044174039338629255,0.18874692558903086,1.0,True,0.651382052430531,0.44637798375077803
Census Tract 6706; Cook County; Illinois,1232,53472,485,375,305,143000,485,0,213,429,138,47,375,105,1232,379,17,031,670600,1232,1232,53472,53472,485,485,375,375,305,305,143000,143000,485,485,0,0,213,213,429,429,138,138,47,47,375,375,105,105,1232,1232,379,379,17031670600,0.8133333333333334,0.43123543123543123,0.30762987012987014,0.28,0.43917525773195876,110.25154639175258,0.12074592074592076,0.08197938144329896,1.0,True,0.8000506789843299,0.5358950077520588
Census Tract 6707; Cook County; Illinois,720,43160,439,239,141,189500,439,48,243,194,31,0,239,0,707,292,17,031,670700,720,720,43160,43160,439,439,239,239,141,141,189500,189500,439,439,48,48,243,243,194,194,31,31,0,0,239,239,0,0,707,707,292,292,17031670700,0.5899581589958159,0.15979381443298968,0.413012729844413,0.0,0.662870159453303,98.31435079726651,0.0,0.2718045005289694,1.0,True,0.678440463309747,0.40477998622454503
Census Tract 6708; Cook County; Illinois,1270,55850,584,435,227,162700,584,19,270,546,135,60,435,110,1251,172,17,031,670800,1270,1270,55850,55850,584,584,435,435,227,227,162700,162700,584,584,19,19,270,270,546,546,135,135,60,60,435,435,110,110,1251,1251,172,172,17031670800,0.5218390804597701,0.35714285714285715,0.1374900079936051,0.25287356321839083,0.4948630136986301,95.63356164383562,0.09031198686371102,0.23662415367658635,1.0,True,0.7790050733641914,0.44776879892894494
Census Tract 6709; Cook County; Illinois,1414,30962,674,542,366,162100,674,25,269,543,58,10,542,231,1414,495,17,031,670900,1414,1414,30962,30962,674,674,542,542,366,366,162100,162100,674,674,25,25,269,269,543,543,58,58,10,10,542,542,231,231,1414,1414,495,495,17031670900,0.6752767527675276,0.1252302025782689,0.35007072135785006,0.4261992619926199,0.4362017804154303,45.93768545994065,0.05337301991804449,0.14164485858508438,1.0,True,0.735033184111551,0.44032556485811497
Census Tract 6711; Cook County; Illinois,1037,17139,506,476,170,105400,506,0,367,187,63,16,476,348,1000,591,17,031,671100,1037,1037,17139,17139,506,506,476,476,170,170,105400,105400,506,506,0,0,367,367,187,187,63,63,16,16,476,476,348,348,1000,1000,591,591,17031671100,0.35714285714285715,0.42245989304812837,0.591,0.7310924369747899,0.7252964426877471,33.87154150197628,0.30885723273266524,0.46626199887069447,1.0,True,0.5211935906672943,0.8516846121065937
Census Tract 6712; Cook County; Illinois,664,39815,363,242,98,226900,363,0,252,182,19,0,242,82,664,128,17,031,671200,664,664,39815,39815,363,363,242,242,98,98,226900,226900,363,363,0,0,252,252,182,182,19,19,0,0,242,242,82,82,664,664,128,128,17031671200,0.4049586776859504,0.1043956043956044,0.1927710843373494,0.33884297520661155,0.6942148760330579,109.6831955922865,0.03537371719189901,0.41308653780479476,1.0,True,0.7153050215335974,0.4206227839811708
Census Tract 6713; Cook County; Illinois,1714,38980,758,660,510,97700,758,101,402,549,71,36,660,151,1714,589,17,031,671300,1714,1714,38980,38980,758,758,660,660,510,510,97700,97700,758,758,101,101,402,402,549,549,71,71,36,36,660,660,151,151,1714,1714,589,589,17031671300,0.7727272727272727,0.19489981785063754,0.3436406067677946,0.2287878787878788,0.6635883905013192,51.42480211081794,0.04459071590219132,0.1508155432957544,1.0,True,0.7703974326047369,0.4733979596413709
Census Tract 6714; Cook County; Illinois,1516,-666666666,630,529,395,179400,630,22,362,406,125,39,529,45,1513,453,17,031,671400,1516,1516,-666666666,-666666666,630,630,529,529,395,395,179400,179400,630,630,22,22,362,362,406,406,125,125,39,39,529,529,45,45,1513,1513,453,453,17031671400,0.7466918714555766,0.4039408866995074,0.29940515532055517,0.08506616257088846,0.6095238095238096,-1058201.0571428572,0.034361701137009135,0.15439733549374382,1.0,True,0.4482813635612679,0.5038009499630093
Census Tract 6715; Cook County; Illinois,2451,63125,1036,806,374,152900,1036,67,530,945,191,20,806,173,2451,478,17,031,671500,2451,2451,63125,63125,1036,1036,806,806,374,374,152900,152900,1036,1036,67,67,530,530,945,945,191,191,20,20,806,806,173,173,2451,2451,478,478,17031671500,0.4640198511166253,0.22328042328042327,0.19502243982048142,0.21464019851116625,0.5762548262548263,60.931467181467184,0.047924954376567276,0.30886114757082495,1.0,True,0.7339965081679148,0.4091185045908926
Census Tract 6716; Cook County; Illinois,1829,45286,1010,706,273,90600,1010,16,608,500,34,24,706,230,1829,538,17,031,671600,1829,1829,45286,45286,1010,1010,706,706,273,273,90600,90600,1010,1010,16,16,608,608,500,500,34,34,24,24,706,706,230,230,1829,1829,538,538,17031671600,0.386685552407932,0.116,0.29414980863860035,0.32577903682719545,0.6178217821782178,44.83762376237624,0.03779036827195467,0.3789190250469806,1.0,True,0.6638614326691306,0.4350647251415962
Census Tract 6718; Cook County; Illinois,1329,52535,495,403,232,96100,495,0,268,290,51,10,403,109,1329,563,17,031,671800,1329,1329,52535,52535,495,495,403,403,232,232,96100,96100,495,495,0,0,268,268,290,290,51,51,10,10,403,403,109,109,1329,1329,563,563,17031671800,0.575682382133995,0.2103448275862069,0.4236267870579383,0.2704714640198511,0.5414141414141415,106.13131313131314,0.05689227346624454,0.22973155876381685,1.0,True,0.6689379908611741,0.48752315895653864
Census Tract 6719; Cook County; Illinois,1541,37143,439,382,240,141000,439,0,341,488,45,47,382,123,1541,438,17,031,671900,1541,1541,37143,37143,439,439,382,382,240,240,141000,141000,439,439,0,0,341,341,488,488,45,45,47,47,382,382,123,123,1541,1541,438,438,17031671900,0.6282722513089005,0.1885245901639344,0.28423101881894874,0.3219895287958115,0.7767653758542141,84.60820045558087,0.06070294395330872,0.28874524442748273,1.0,True,0.7488237762975746,0.5117979483782987
Census Tract 6720; Cook County; Illinois,3787,43846,1350,1170,683,144000,1350,28,675,866,29,98,1170,167,3787,1173,17,031,672000,3787,3787,43846,43846,1350,1350,1170,1170,683,683,144000,144000,1350,1350,28,28,675,675,866,866,29,29,98,98,1170,1170,167,167,3787,3787,1173,1173,17031672000,0.5837606837606838,0.14665127020785218,0.30974386057565356,0.14273504273504273,0.5207407407407407,32.47851851851852,0.020932275320266078,0.21675276986388095,1.0,True,0.7225758844618007,0.3698594685298542
Census Tract 6805; Cook County; Illinois,1636,46250,614,495,293,137500,614,0,357,660,52,42,495,161,1603,521,17,031,680500,1636,1636,46250,46250,614,614,495,495,293,293,137500,137500,614,614,0,0,357,357,660,660,52,52,42,42,495,495,161,161,1603,1603,521,521,17031680500,0.591919191919192,0.14242424242424243,0.32501559575795386,0.32525252525252524,0.5814332247557004,75.3257328990228,0.04632384450566269,0.2372717402033363,1.0,True,0.7184642493599327,0.44859633864631615
Census Tract 6806; Cook County; Illinois,1205,55655,669,454,148,215000,669,0,339,306,124,0,454,86,1205,176,17,031,680600,1205,1205,55655,55655,669,669,454,454,148,148,215000,215000,669,669,0,0,339,339,306,306,124,124,0,0,454,454,86,86,1205,1205,176,176,17031680600,0.32599118942731276,0.40522875816993464,0.14605809128630706,0.1894273127753304,0.5067264573991032,83.19133034379671,0.07676139471941493,0.341538096837281,1.0,True,0.7098891169080991,0.45802203142720443
Census Tract 6809; Cook County; Illinois,3954,22865,2043,1814,194,190500,2043,63,730,927,103,0,1814,976,3934,1373,17,031,680900,3954,3954,22865,22865,2043,2043,1814,1814,194,194,190500,190500,2043,2043,63,63,730,730,927,927,103,103,0,0,1814,1814,976,976,3934,3934,1373,1373,17031680900,0.10694597574421169,0.1111111111111111,0.34900864260294867,0.538037486218302,0.38815467449828683,11.191874694077336,0.05978194291314467,0.34664309409439065,1.0,True,0.5460607024833358,0.45544729286349495
Census Tract 6810; Cook County; Illinois,2410,30556,1483,1134,310,155500,1483,41,497,755,107,69,1134,525,2410,711,17,031,681000,2410,2410,30556,30556,1483,1483,1134,1134,310,310,155500,155500,1483,1483,41,41,497,497,755,755,107,107,69,69,1134,1134,525,525,2410,2410,711,711,17031681000,0.27336860670194,0.23311258278145697,0.2950207468879668,0.46296296296296297,0.36277815239379635,20.604180714767363,0.1079224920284523,0.26360599433200016,1.0,True,0.6256921108209267,0.46829914310401055
Census Tract 6811; Cook County; Illinois,2367,28827,1298,926,481,152700,1298,0,780,529,24,17,926,277,2367,1009,17,031,681100,2367,2367,28827,28827,1298,1298,926,926,481,481,152700,152700,1298,1298,0,0,780,780,529,529,24,24,17,17,926,926,277,277,2367,2367,1009,1009,17031681100,0.519438444924406,0.07750472589792061,0.4262779890156316,0.2991360691144708,0.600924499229584,22.20878274268105,0.023184459042898495,0.28878121183279143,1.0,True,0.6489920552667511,0.44645808923293817
Census Tract 6812; Cook County; Illinois,2139,25703,1191,911,220,121900,1191,44,600,554,155,21,911,419,2132,1020,17,031,681200,2139,2139,25703,25703,1191,1191,911,911,220,220,121900,121900,1191,1191,44,44,600,600,554,554,155,155,21,21,911,911,419,419,2132,2132,1020,1020,17031681200,0.2414928649835346,0.3176895306859206,0.47842401500938087,0.45993413830954993,0.5407220822837951,21.581024349286313,0.14611626054599422,0.4101415574732189,1.0,True,0.5330126374222756,0.6215873135341358
Census Tract 6813; Cook County; Illinois,2014,24113,1166,830,262,192300,1166,0,680,544,71,20,830,386,2014,698,17,031,681300,2014,2014,24113,24113,1166,1166,830,830,262,262,192300,192300,1166,1166,0,0,680,680,544,544,71,71,20,20,830,830,386,386,2014,2014,698,698,17031681300,0.3156626506024096,0.16727941176470587,0.34657398212512414,0.4650602409638554,0.5831903945111492,20.680102915951974,0.0777950035435861,0.3990989687738949,1.0,True,0.6167227808436196,0.514088531920578
Census Tract 6814; Cook County; Illinois,1811,50170,1132,617,442,93500,1132,0,578,666,68,23,617,146,1811,274,17,031,681400,1811,1811,50170,50170,1132,1132,617,617,442,442,93500,93500,1132,1132,0,0,578,578,666,666,68,68,23,23,617,617,146,146,1811,1811,274,274,17031681400,0.7163695299837926,0.13663663663663664,0.15129762562120375,0.2366288492706645,0.5106007067137809,44.31978798586572,0.03233217009554124,0.14482191843583736,1.0,True,0.8376684019017668,0.3390404286572714
Census Tract 6903; Cook County; Illinois,1709,33986,883,738,118,-666666666,883,44,366,326,7,79,738,318,1322,537,17,031,690300,1709,1709,33986,33986,883,883,738,738,118,118,-666666666,-666666666,883,883,44,44,366,366,326,326,7,7,79,79,738,738,318,318,1322,1322,537,537,17031690300,0.15989159891598917,0.26380368098159507,0.4062027231467474,0.43089430894308944,0.464326160815402,38.48924122310306,0.11367150481320763,0.3900843085441047,1.0,True,0.5381270502298223,0.5392123466585754
Census Tract 6904; Cook County; Illinois,3319,44878,1885,1507,427,178100,1885,292,779,1628,49,123,1507,724,3293,674,17,031,690400,3319,3319,44878,44878,1885,1885,1507,1507,427,427,178100,178100,1885,1885,292,292,779,779,1628,1628,49,49,123,123,1507,1507,724,724,3293,3293,674,674,17031690400,0.2833443928334439,0.10565110565110565,0.2046765866990586,0.4804246848042468,0.5681697612732095,23.807957559681697,0.050757399131652614,0.4071820452389292,1.0,True,0.6694431185387503,0.435802841776329
Census Tract 6905; Cook County; Illinois,704,60104,462,322,248,173800,462,0,305,242,32,12,322,110,704,88,17,031,690500,704,704,60104,60104,462,462,322,322,248,248,173800,173800,462,462,0,0,305,305,242,242,32,32,12,12,322,322,110,110,704,704,88,88,17031690500,0.7701863354037267,0.18181818181818182,0.125,0.3416149068322981,0.6601731601731602,130.0952380952381,0.062111801242236024,0.15171681320749644,1.0,True,0.8673774553038864,0.4287958802994306
Census Tract 6909; Cook County; Illinois,3923,34330,2247,1877,834,184100,2247,37,1275,1366,190,21,1877,727,3923,1592,17,031,690900,3923,3923,34330,34330,2247,2247,1877,1877,834,834,184100,184100,2247,2247,37,37,1275,1275,1366,1366,190,190,21,21,1877,1877,727,727,3923,3923,1592,1592,17031690900,0.444326052210975,0.15446559297218154,0.40581187866428753,0.3873201917954182,0.5838896306186026,15.278148642634624,0.05982764309577836,0.32445225611891443,1.0,True,0.6331135644054688,0.5025512231781364
Census Tract 6910; Cook County; Illinois,2572,77612,1415,1243,706,285500,1415,12,969,958,129,73,1243,374,2572,726,17,031,691000,2572,2572,77612,77612,1415,1415,1243,1243,706,706,285500,285500,1415,1415,12,12,969,969,958,958,129,129,73,73,1243,1243,374,374,2572,2572,726,726,17031691000,0.5679806918744972,0.21085594989561587,0.2822706065318818,0.3008849557522124,0.6932862190812721,54.84946996466431,0.0634433831544331,0.29951303270043694,1.0,True,0.7296238750313817,0.49247158734142615
Census Tract 6911; Cook County; Illinois,2627,25614,1540,1119,151,163800,1540,36,1059,850,224,29,1119,436,2608,940,17,031,691100,2627,2627,25614,25614,1540,1540,1119,1119,151,151,163800,163800,1540,1540,36,36,1059,1059,850,850,224,224,29,29,1119,1119,436,436,2608,2608,940,940,17031691100,0.13494191242180517,0.29764705882352943,0.3604294478527607,0.3896336014298481,0.711038961038961,16.632467532467533,0.11597329548441362,0.6150900038299502,1.0,True,0.5502845627965524,0.5965462745342875
Census Tract 6912; Cook County; Illinois,1878,30054,1104,869,287,182500,1104,19,456,582,121,34,869,419,1878,579,17,031,691200,1878,1878,30054,30054,1104,1104,869,869,287,287,182500,182500,1104,1104,19,19,456,456,582,582,121,121,34,34,869,869,419,419,1878,1878,579,579,17031691200,0.3302646720368239,0.2663230240549828,0.3083067092651757,0.48216340621403914,0.4302536231884058,27.222826086956523,0.128411216431574,0.28815605143343176,1.0,True,0.6387132798585025,0.5146917209037629
Census Tract 6913; Cook County; Illinois,2106,64940,1088,1048,574,150600,1088,0,712,849,232,90,1048,243,2106,370,17,031,691300,2106,2106,64940,64940,1088,1088,1048,1048,574,574,150600,150600,1088,1088,0,0,712,712,849,849,232,232,90,90,1048,1048,243,243,2106,2106,370,370,17031691300,0.5477099236641222,0.3792697290930506,0.17568850902184235,0.2318702290076336,0.6544117647058824,59.6875,0.0879413589404688,0.29598394701392006,1.0,True,0.7705438093711171,0.5095504681358698
Census Tract 6914; Cook County; Illinois,3323,31830,1698,1407,556,167300,1698,28,1101,787,158,37,1407,650,3307,886,17,031,691400,3323,3323,31830,31830,1698,1698,1407,1407,556,556,167300,167300,1698,1698,28,28,1101,1101,787,787,158,158,37,37,1407,1407,650,650,3307,3307,886,886,17031691400,0.39516702203269366,0.24777636594663277,0.26791654067130327,0.4619758351101635,0.6648998822143698,18.74558303886926,0.11446669357875715,0.40215337580982846,1.0,True,0.6784182242326061,0.5505357942875092
Census Tract 6915; Cook County; Illinois,1667,22846,1109,893,211,-666666666,1109,228,341,441,27,46,893,414,1667,779,17,031,691500,1667,1667,22846,22846,1109,1109,893,893,211,211,-666666666,-666666666,1109,1109,228,228,341,341,441,441,27,27,46,46,893,893,414,414,1667,1667,779,779,17031691500,0.23628219484882418,0.1655328798185941,0.4673065386922616,0.46360582306830905,0.5130748422001803,20.60054102795311,0.0767420069931668,0.39184439236340757,1.0,True,0.5362481072790415,0.533705379830149
Census Tract 7001; Cook County; Illinois,3380,81091,1091,997,807,238300,1091,0,37,1700,235,216,997,148,3380,214,17,031,700100,3380,3380,81091,81091,1091,1091,997,997,807,807,238300,238300,1091,1091,0,0,37,37,1700,1700,235,235,216,216,997,997,148,148,3380,3380,214,214,17031700100,0.8094282848545636,0.26529411764705885,0.06331360946745562,0.14844533600802406,0.03391384051329056,74.32722273143905,0.039381674435069916,0.006463018753786567,1.0,True,0.9080661367901071,0.21392370476492037
Census Tract 7002; Cook County; Illinois,6981,82451,1850,1850,1598,237000,1850,25,172,2931,327,187,1850,155,6976,1189,17,031,700200,6981,6981,82451,82451,1850,1850,1850,1850,1598,1598,237000,237000,1850,1850,25,25,172,172,2931,2931,327,327,187,187,1850,1850,155,155,6976,6976,1189,1189,17031700200,0.8637837837837837,0.175366769020812,0.17044151376146788,0.08378378378378379,0.10648648648648648,44.568108108108106,0.014692891458500465,0.014505186267348435,1.0,True,0.878257939918739,0.20335129645411298
Census Tract 7003.01; Cook County; Illinois,6153,95654,1863,1817,1612,267900,1863,57,31,2458,183,53,1817,97,6153,501,17,031,700301,6153,6153,95654,95654,1863,1863,1817,1817,1612,1612,267900,267900,1863,1863,57,57,31,31,2458,2458,183,183,53,53,1817,1817,97,97,6153,6153,501,501,17031700301,0.8871766648321409,0.09601301871440195,0.08142369575816674,0.053384700055035775,0.04723564143853999,51.344068706387546,0.005125626205446885,0.005329282605889213,1.0,True,0.9258873682300047,0.10668427005790451
Census Tract 7003.02; Cook County; Illinois,5587,91693,1869,1791,1724,259100,1869,67,45,2349,194,39,1791,88,5587,337,17,031,700302,5587,5587,91693,91693,1869,1869,1791,1791,1724,1724,259100,259100,1869,1869,67,67,45,45,2349,2349,194,194,39,39,1791,1791,88,88,5587,5587,337,337,17031700302,0.9625907314349526,0.09919114516815666,0.0603185967424378,0.04913456169737577,0.0599250936329588,49.059925093632955,0.00487371344209815,0.0022417539215009706,1.0,True,0.9604655072791584,0.1033887321371708
Census Tract 7004.01; Cook County; Illinois,6367,87824,1860,1837,1559,247900,1860,85,141,2647,431,0,1837,161,6367,815,17,031,700401,6367,6367,87824,87824,1860,1860,1837,1837,1559,1559,247900,247900,1860,1860,85,85,141,141,2647,2647,431,431,0,0,1837,1837,161,161,6367,6367,815,815,17031700401,0.8486663037561241,0.162825840574235,0.12800376943615518,0.08764289602612955,0.12150537634408602,47.21720430107527,0.014270528215814824,0.01838785771565374,1.0,True,0.8922074593252285,0.18814180022321736
Census Tract 7004.02; Cook County; Illinois,3297,87232,1183,1163,1085,256700,1183,43,123,1176,142,50,1163,226,3297,385,17,031,700402,3297,3297,87232,87232,1183,1183,1163,1163,1085,1085,256700,256700,1183,1183,43,43,123,123,1176,1176,142,142,50,50,1163,1163,226,226,3297,3297,385,385,17031700402,0.9329320722269991,0.16326530612244897,0.11677282377919321,0.1943250214961307,0.14032121724429417,73.73795435333896,0.03172653412181726,0.009411053263159884,1.0,True,0.9253203052296244,0.22424400986720922
Census Tract 7005.01; Cook County; Illinois,6924,66300,2550,2428,1728,241500,2550,39,244,2496,766,457,2428,67,6639,1001,17,031,700501,6924,6924,66300,66300,2550,2550,2428,2428,1728,1728,241500,241500,2550,2550,39,39,244,244,2496,2496,766,766,457,457,2428,2428,67,67,6639,6639,1001,1001,17031700501,0.7116968698517299,0.48998397435897434,0.15077571923482452,0.02759472817133443,0.11098039215686274,26.0,0.013520974580745996,0.03199599444390606,1.0,True,0.8363524033891044,0.3404081266010389
Census Tract 7005.02; Cook County; Illinois,3318,83125,1155,1131,854,264500,1155,59,62,1210,122,79,1131,82,3078,181,17,031,700502,3318,3318,83125,83125,1155,1155,1131,1131,854,854,264500,264500,1155,1155,59,59,62,62,1210,1210,122,122,79,79,1131,1131,82,82,3078,3078,181,181,17031700502,0.7550839964633068,0.16611570247933885,0.05880441845354126,0.07250221043324491,0.10476190476190476,71.96969696969697,0.01204375561742333,0.02565786703717738,1.0,True,0.8919697332992448,0.157053963958108
Census Tract 7101; Cook County; Illinois,940,30795,652,496,184,207700,652,11,278,340,0,19,496,167,940,325,17,031,710100,940,940,30795,30795,652,652,496,496,184,184,207700,207700,652,652,11,11,278,278,340,340,0,0,19,19,496,496,167,167,940,940,325,325,17031710100,0.3709677419354839,0.05588235294117647,0.34574468085106386,0.33669354838709675,0.4432515337423313,47.23159509202454,0.01881522770398482,0.2788195131604987,1.0,True,0.6355321676671041,0.3765900817347874
Census Tract 7102; Cook County; Illinois,3676,37587,2135,1659,492,220600,2135,341,866,1250,261,0,1659,525,3676,1150,17,031,710200,3676,3676,37587,37587,2135,2135,1659,1659,492,492,220600,220600,2135,2135,341,341,866,866,1250,1250,261,261,0,0,1659,1659,525,525,3676,3676,1150,1150,17031710200,0.2965641952983725,0.2088,0.31284004352557127,0.31645569620253167,0.5653395784543326,17.605152224824355,0.06607594936708862,0.39768010129970227,1.0,True,0.6254554086959451,0.4710568141744535
Census Tract 7103; Cook County; Illinois,1180,55536,652,558,269,177200,652,0,274,499,86,0,558,165,1180,238,17,031,710300,1180,1180,55536,55536,652,652,558,558,269,269,177200,177200,652,652,0,0,274,274,499,499,86,86,0,0,558,558,165,165,1180,1180,238,238,17031710300,0.482078853046595,0.17234468937875752,0.2016949152542373,0.2956989247311828,0.42024539877300615,85.17791411042944,0.050962139332428304,0.21765397893440644,1.0,True,0.7370272195447166,0.368047510086874
Census Tract 7104; Cook County; Illinois,5212,46727,2329,2144,1209,186600,2329,241,847,1230,112,98,2144,443,5212,1909,17,031,710400,5212,5212,46727,46727,2329,2329,2144,2144,1209,1209,186600,186600,2329,2329,241,241,847,847,1230,1230,112,112,98,98,2144,2144,443,443,5212,5212,1909,1909,17031710400,0.5638992537313433,0.17073170731707318,0.3662701458173446,0.20662313432835822,0.46715328467153283,20.063117217689996,0.03527712049508555,0.2037258960671097,1.0,True,0.6906678573633932,0.40678731378332433
Census Tract 7105; Cook County; Illinois,4305,38456,1889,1563,652,197000,1889,0,559,1331,254,53,1563,428,4050,1193,17,031,710500,4305,4305,38456,38456,1889,1889,1563,1563,652,652,197000,197000,1889,1889,0,0,559,559,1331,1331,254,254,53,53,1563,1563,428,428,4050,4050,1193,1193,17031710500,0.4171465131158029,0.23065364387678436,0.2945679012345679,0.27383237364043506,0.29592376919004765,20.357861302276337,0.06316043479159546,0.1724802007243336,1.0,True,0.6738246243233253,0.38727392728174403
Census Tract 7106; Cook County; Illinois,1658,52500,1016,924,385,240400,1016,32,473,596,143,71,924,364,1658,365,17,031,710600,1658,1658,52500,52500,1016,1016,924,924,385,385,240400,240400,1016,1016,32,32,473,473,596,596,143,143,71,71,924,924,364,364,1658,1658,365,365,17031710600,0.4166666666666667,0.35906040268456374,0.22014475271411338,0.3939393939393939,0.4970472440944882,51.673228346456696,0.14144803742119177,0.28994422572178474,1.0,True,0.7069674665512159,0.522582629123725
Census Tract 7107; Cook County; Illinois,2948,35946,1499,1250,413,207700,1499,72,577,942,233,48,1250,366,2948,955,17,031,710700,2948,2948,35946,35946,1499,1499,1250,1250,413,413,207700,207700,1499,1499,72,72,577,577,942,942,233,233,48,48,1250,1250,366,366,2948,2948,955,955,17031710700,0.3304,0.29830148619957536,0.3239484396200814,0.2928,0.43295530353569045,23.979986657771846,0.08734267515923566,0.2899068712474983,1.0,True,0.6317634645564444,0.47593998998081205
Census Tract 7108; Cook County; Illinois,4867,40191,2237,1887,743,186000,2237,0,1169,1387,197,103,1887,854,4866,1383,17,031,710800,4867,4867,40191,40191,2237,2237,1887,1887,743,743,186000,186000,2237,2237,0,0,1169,1169,1387,1387,197,197,103,103,1887,1887,854,854,4866,4866,1383,1383,17031710800,0.3937466878643349,0.21629416005767843,0.2842170160295931,0.45257021727609964,0.5225748770675012,17.966472954850246,0.097888295012855,0.3168127500610606,1.0,True,0.6706563765439632,0.4972589314973711
Census Tract 7109; Cook County; Illinois,2078,54125,862,685,348,145300,862,56,252,530,156,18,685,284,2078,809,17,031,710900,2078,2078,54125,54125,862,862,685,685,348,348,145300,145300,862,862,56,56,252,252,530,530,156,156,18,18,685,685,284,284,2078,2078,809,809,17031710900,0.5080291970802919,0.3283018867924528,0.38931665062560156,0.4145985401459854,0.35730858468677495,62.79002320185615,0.1361134829913235,0.1757853912984572,1.0,True,0.6617375510701674,0.5313855312210616
Census Tract 7110; Cook County; Illinois,3419,51010,1423,1234,524,194600,1423,69,721,1041,296,141,1234,306,3419,1236,17,031,711000,3419,3419,51010,51010,1423,1423,1234,1234,524,524,194600,194600,1423,1423,69,69,721,721,1041,1041,296,296,141,141,1234,1234,306,306,3419,3419,1236,1236,17031711000,0.4246353322528363,0.4197886647454371,0.3615092132202398,0.2479740680713128,0.5551651440618411,35.84680252986648,0.10409670292715052,0.3194224086579475,1.0,True,0.646378658899956,0.5701184834571111
Census Tract 7111; Cook County; Illinois,2575,50139,1066,1033,650,225900,1066,0,394,682,74,98,1033,164,2575,638,17,031,711100,2575,2575,50139,50139,1066,1066,1033,1033,650,650,225900,225900,1066,1066,0,0,394,394,682,682,74,74,98,98,1033,1033,164,164,2575,2575,638,638,17031711100,0.6292352371732817,0.25219941348973607,0.24776699029126215,0.15876089060987417,0.3696060037523452,47.03470919324578,0.04003940349691841,0.13703688232056943,1.0,True,0.7654647125280946,0.3659805189481017
Census Tract 7112; Cook County; Illinois,4626,62872,1877,1667,1197,200100,1877,19,459,1727,352,62,1667,246,4626,859,17,031,711200,4626,4626,62872,62872,1877,1877,1667,1667,1197,1197,200100,200100,1877,1877,19,19,459,459,1727,1727,352,352,62,62,1667,1667,246,246,4626,4626,859,859,17031711200,0.7180563887222555,0.23972206137811233,0.18568958063121488,0.14757048590281943,0.25466169419286094,33.49600426212041,0.03537590107919354,0.07180023771484383,1.0,True,0.8228506052027068,0.30315390171697504
Census Tract 7113; Cook County; Illinois,1506,67478,651,629,367,217300,651,0,196,493,63,6,629,118,1506,183,17,031,711300,1506,1506,67478,67478,651,651,629,629,367,367,217300,217300,651,651,0,0,196,196,493,493,63,63,6,6,629,629,118,118,1506,1506,183,183,17031711300,0.5834658187599364,0.13995943204868155,0.12151394422310757,0.1875993640699523,0.3010752688172043,103.65284178187405,0.026256300447924364,0.12540814058840624,1.0,True,0.8067005764301355,0.25655898174892033
Census Tract 7114; Cook County; Illinois,2672,64615,974,888,583,191300,974,0,552,876,230,8,888,99,2672,526,17,031,711400,2672,2672,64615,64615,974,974,888,888,583,583,191300,191300,974,974,0,0,552,552,876,876,230,230,8,8,888,888,99,99,2672,2672,526,526,17031711400,0.6565315315315315,0.271689497716895,0.1968562874251497,0.11148648648648649,0.5667351129363449,66.33983572895278,0.030289707515734916,0.1946556412675509,1.0,True,0.7973473778216578,0.39851444167300976
Census Tract 7115; Cook County; Illinois,2117,56677,933,823,706,166200,933,7,232,627,101,51,823,122,2117,413,17,031,711500,2117,2117,56677,56677,933,933,823,823,706,706,166200,166200,933,933,7,7,232,232,627,627,101,101,51,51,823,823,122,122,2117,2117,413,413,17031711500,0.8578371810449574,0.24242424242424243,0.19508738781294285,0.14823815309842042,0.25616291532690244,60.747052518756696,0.035936521963253434,0.03641684215461433,1.0,True,0.86523667195328,0.30831947951385036
Census Tract 7201; Cook County; Illinois,3434,149803,1143,1123,1084,462900,1143,7,553,992,58,0,1123,12,3420,462,17,031,720100,3434,3434,149803,149803,1143,1143,1123,1123,1084,1084,462900,462900,1143,1143,7,7,553,553,992,992,58,58,0,0,1123,1123,12,12,3420,3420,462,462,17031720100,0.9652715939447908,0.05846774193548387,0.13508771929824562,0.01068566340160285,0.4899387576552931,131.0612423447069,0.0006247666101743602,0.01701479211803776,1.0,True,0.9279376170869407,0.21509611561579928
Census Tract 7202; Cook County; Illinois,3868,125600,1685,1425,1170,358800,1685,35,1106,1133,206,36,1425,125,3692,152,17,031,720200,3868,3868,125600,125600,1685,1685,1425,1425,1170,1170,358800,358800,1685,1685,35,35,1106,1106,1133,1133,206,206,36,36,1425,1425,125,125,3692,3692,152,152,17031720200,0.8210526315789474,0.21359223300970873,0.041170097508125676,0.08771929824561403,0.6771513353115727,74.54005934718101,0.018736160790325324,0.12117444947680775,1.0,True,0.9218698317704375,0.3397292159422147
Census Tract 7203; Cook County; Illinois,3448,153048,1519,1475,1305,381800,1519,26,697,1363,306,12,1475,69,3448,103,17,031,720300,3448,3448,153048,153048,1519,1519,1475,1475,1305,1305,381800,381800,1519,1519,26,26,697,697,1363,1363,306,306,12,12,1475,1475,69,69,3448,3448,103,103,17031720300,0.8847457627118644,0.23330887747615553,0.029872389791183295,0.04677966101694915,0.4759710335747202,100.7557603686636,0.010914110200579478,0.054857678445899935,1.0,True,0.9481690149585041,0.2767488084281435
Census Tract 7204; Cook County; Illinois,1927,124625,744,723,690,327200,744,15,6,946,69,9,723,47,1926,47,17,031,720400,1927,1927,124625,124625,744,744,723,723,690,690,327200,327200,744,744,15,15,6,6,946,946,69,69,9,9,723,723,47,47,1926,1926,47,47,17031720400,0.9543568464730291,0.0824524312896406,0.024402907580477674,0.06500691562932227,0.028225806451612902,167.50672043010752,0.005359978244278158,0.0012883148172935335,1.0,True,0.9738054655680705,0.07908489537177546
Census Tract 7205; Cook County; Illinois,1965,120789,833,760,710,383700,833,0,223,897,81,25,760,6,1965,0,17,031,720500,1965,1965,120789,120789,833,833,760,760,710,710,383700,383700,833,833,0,0,223,223,897,897,81,81,25,25,760,760,6,6,1965,1965,0,0,17031720500,0.9342105263157895,0.11817168338907469,0.0,0.007894736842105263,0.26770708283313327,145.0048019207683,0.0009329343425453265,0.017612308081127185,1.0,True,0.978005593656797,0.13741986211274868
Census Tract 7206; Cook County; Illinois,1944,160489,635,629,596,492500,635,12,398,706,59,0,629,30,1944,101,17,031,720600,1944,1944,160489,160489,635,635,629,629,596,596,492500,492500,635,635,12,12,398,398,706,706,59,59,0,0,629,629,30,30,1944,1944,101,101,17031720600,0.9475357710651828,0.08356940509915015,0.051954732510288065,0.04769475357710652,0.6456692913385826,252.73858267716537,0.003985822182789356,0.033874541516968566,1.0,True,0.9592234364440994,0.25532924368886334
Census Tract 7207; Cook County; Illinois,2935,87188,1515,1231,665,355700,1515,0,861,1305,198,0,1231,101,2935,276,17,031,720700,2935,2935,87188,87188,1515,1515,1231,1231,665,665,355700,355700,1515,1515,0,0,861,861,1305,1305,198,198,0,0,1231,1231,101,101,2935,2935,276,276,17031720700,0.5402112103980503,0.15172413793103448,0.09403747870528109,0.08204711616571893,0.5683168316831683,57.54983498349835,0.012448527969971148,0.2613057081500189,1.0,True,0.804584772906417,0.29375254026084696
Census Tract 7301; Cook County; Illinois,2236,70000,974,962,825,172100,974,0,67,699,74,19,962,202,2236,448,17,031,730100,2236,2236,70000,70000,974,974,962,962,825,825,172100,172100,974,974,0,0,67,67,699,699,74,74,19,19,962,962,202,202,2236,2236,448,448,17031730100,0.8575883575883576,0.13304721030042918,0.2003577817531306,0.20997920997921,0.06878850102669405,71.86858316221766,0.02793714810882193,0.009796283410246449,1.0,True,0.8628024966380945,0.22199227087520598
Census Tract 7302.01; Cook County; Illinois,5755,39734,2448,2133,906,225700,2448,0,982,2064,404,244,2133,383,5695,1206,17,031,730201,5755,5755,39734,39734,2448,2448,2133,2133,906,906,225700,225700,2448,2448,0,0,982,982,2064,2064,404,404,244,244,2133,2133,383,383,5695,5695,1206,1206,17031730201,0.4247538677918425,0.313953488372093,0.21176470588235294,0.17955930614158463,0.4011437908496732,16.231209150326798,0.05637327053282308,0.2307564141455926,1.0,True,0.713405923681071,0.4009020515116227
Census Tract 7302.02; Cook County; Illinois,2895,79824,1092,1004,761,210200,1092,0,297,982,148,13,1004,119,2621,133,17,031,730202,2895,2895,79824,79824,1092,1092,1004,1004,761,761,210200,210200,1092,1092,0,0,297,297,982,982,148,148,13,13,1004,1004,119,119,2621,2621,133,133,17031730202,0.7579681274900398,0.16395112016293278,0.050743990843189625,0.11852589641434264,0.27197802197802196,73.0989010989011,0.019432453485447213,0.06582734994089576,1.0,True,0.8965355717331547,0.2146719408789058
Census Tract 7303; Cook County; Illinois,1079,63333,438,372,307,177900,438,0,138,448,103,30,372,83,1041,103,17,031,730300,1079,1079,63333,63333,438,438,372,372,307,307,177900,177900,438,438,0,0,138,138,448,448,103,103,30,30,372,372,83,83,1041,1041,103,103,17031730300,0.8252688172043011,0.296875,0.0989433237271854,0.22311827956989247,0.3150684931506849,144.5958904109589,0.06623823924731183,0.055052290469877724,1.0,True,0.8973972525580477,0.34440030203183125
Census Tract 7304; Cook County; Illinois,3547,82642,1422,1342,1036,181600,1422,61,224,1356,152,39,1342,159,3544,812,17,031,730400,3547,3547,82642,82642,1422,1422,1342,1342,1036,1036,181600,181600,1422,1422,61,61,224,224,1356,1356,152,152,39,39,1342,1342,159,159,3544,3544,812,812,17031730400,0.7719821162444114,0.14085545722713863,0.2291196388261851,0.11847988077496274,0.20042194092827004,58.11673699015471,0.01668853777877425,0.04569978682865173,1.0,True,0.8214057891229136,0.2427903813335742
Census Tract 7305; Cook County; Illinois,4067,70082,1967,1840,1738,164900,1967,48,273,1526,316,52,1840,222,4067,535,17,031,730500,4067,4067,70082,70082,1967,1967,1840,1840,1738,1738,164900,164900,1967,1967,48,48,273,273,1526,1526,316,316,52,52,1840,1840,222,222,4067,4067,535,535,17031730500,0.9445652173913044,0.24115334207077327,0.13154659454143103,0.12065217391304348,0.16319267920691408,35.62887646161668,0.0290956749672346,0.009046550695165882,1.0,True,0.9225798907485724,0.2515538354156813
Census Tract 7306; Cook County; Illinois,3267,72583,1219,1043,711,168400,1219,69,332,824,126,62,1043,228,3267,405,17,031,730600,3267,3267,72583,72583,1219,1219,1043,1043,711,711,168400,168400,1219,1219,69,69,332,332,824,824,126,126,62,62,1043,1043,228,228,3267,3267,405,405,17031730600,0.6816874400767018,0.22815533980582525,0.12396694214876033,0.21860019175455417,0.32895816242821985,59.54306808859721,0.04987480103137887,0.1047115147901908,1.0,True,0.83834623487872,0.3201469335519288
Census Tract 7307; Cook County; Illinois,2005,54167,898,804,661,186600,898,9,277,781,135,81,804,161,1983,370,17,031,730700,2005,2005,54167,54167,898,898,804,804,661,661,186600,186600,898,898,9,9,277,277,781,781,135,135,81,81,804,804,161,161,1983,1983,370,370,17031730700,0.822139303482587,0.2765685019206146,0.18658598083711547,0.20024875621890548,0.3184855233853007,60.3195991091314,0.05538249851892905,0.0566460570200224,1.0,True,0.8571395235930477,0.3570236128857115
Census Tract 7401; Cook County; Illinois,3003,107500,1369,1302,1163,312100,1369,18,207,1461,215,19,1302,18,3003,137,17,031,740100,3003,3003,107500,107500,1369,1369,1302,1302,1163,1163,312100,312100,1369,1369,18,18,207,207,1461,1461,215,215,19,19,1302,1302,18,18,3003,3003,137,137,17031740100,0.8932411674347158,0.1601642710472279,0.045621045621045624,0.013824884792626729,0.1643535427319211,78.5244704163623,0.002214252595122967,0.017546192350028442,1.0,True,0.9439323447385805,0.14727227506639556
Census Tract 7402; Cook County; Illinois,6192,129207,2248,2174,1878,329000,2248,191,81,2333,290,62,2174,154,5790,319,17,031,740200,6192,6192,129207,129207,2248,2248,2174,2174,1878,1878,329000,329000,2248,2248,191,191,81,81,2333,2333,290,290,62,62,2174,2174,154,154,5790,5790,319,319,17031740200,0.8638454461821528,0.1508786969567081,0.05509499136442142,0.07083716651333946,0.12099644128113879,57.47642348754449,0.010687819379638017,0.016474216476180806,1.0,True,0.9299061228466089,0.15202086265582818
Census Tract 7403; Cook County; Illinois,5266,118717,2029,2029,1846,319300,2029,13,212,2222,175,53,2029,47,5266,285,17,031,740300,5266,5266,118717,118717,2029,2029,2029,2029,1846,1846,319300,319300,2029,2029,13,13,212,212,2222,2222,175,175,53,53,2029,2029,47,47,5266,5266,285,285,17031740300,0.9098077870872351,0.10261026102610261,0.05412077478161793,0.023164120256283883,0.11089206505667816,58.51010349926072,0.00237687642593732,0.010001600741928095,1.0,True,0.9456575096256422,0.1088771029587973
Census Tract 7404; Cook County; Illinois,4598,89250,1983,1914,1393,301700,1983,149,254,2102,171,16,1914,29,4598,262,17,031,740400,4598,4598,89250,89250,1983,1983,1914,1914,1393,1393,301700,301700,1983,1983,149,149,254,254,2102,2102,171,171,16,16,1914,1914,29,29,4598,4598,262,262,17031740400,0.7277951933124347,0.0889628924833492,0.05698129621574598,0.015151515151515152,0.2032274331820474,45.00756429652042,0.0013479226133840789,0.055319484162929304,1.0,True,0.883692163775434,0.12601331723372414
Census Tract 7501; Cook County; Illinois,3246,54443,1544,1463,1094,211500,1544,59,189,917,216,19,1463,122,3164,629,17,031,750100,3246,3246,54443,54443,1544,1544,1463,1463,1094,1094,211500,211500,1544,1544,59,59,189,189,917,917,216,216,19,19,1463,1463,122,122,3164,3164,629,629,17031750100,0.7477785372522214,0.25627044711014174,0.19879898862199746,0.08339029391660971,0.16062176165803108,35.2610103626943,0.021370467906655703,0.04051225567451365,1.0,True,0.8268888276739998,0.26909963977528484
Census Tract 7502; Cook County; Illinois,3079,87273,1490,1420,909,327700,1490,29,875,1217,64,56,1420,163,3079,226,17,031,750200,3079,3079,87273,87273,1490,1490,1420,1420,909,909,327700,327700,1490,1490,29,29,875,875,1217,1217,64,64,56,56,1420,1420,163,163,3079,3079,226,226,17031750200,0.6401408450704226,0.09860312243221035,0.07340045469308216,0.1147887323943662,0.6067114093959731,58.57248322147651,0.01131852743411992,0.21833065507136776,1.0,True,0.8471273806649902,0.2809799066245761
Census Tract 7503; Cook County; Illinois,2493,102689,1048,1009,700,347000,1048,25,222,927,137,28,1009,156,2483,200,17,031,750300,2493,2493,102689,102689,1048,1048,1009,1009,700,700,347000,347000,1048,1048,25,25,222,222,927,927,137,137,28,28,1009,1009,156,156,2483,2483,200,200,17031750300,0.6937561942517344,0.1779935275080906,0.08054772452678212,0.15460852329038652,0.23568702290076335,97.98568702290076,0.02751931644327268,0.0721776908586084,1.0,True,0.8618092902704072,0.23336319016183088
Census Tract 7504; Cook County; Illinois,3142,113088,1293,1276,1017,307200,1293,51,37,1300,44,5,1276,55,3137,96,17,031,750400,3142,3142,113088,113088,1293,1293,1276,1276,1017,1017,307200,307200,1293,1293,51,51,37,37,1300,1300,44,44,5,5,1276,1276,55,55,3137,3137,96,96,17031750400,0.7970219435736677,0.03769230769230769,0.030602486452024225,0.04310344827586207,0.06805877803557618,87.46171693735499,0.0016246684350132627,0.013814438488412404,1.0,True,0.9185811353883361,0.06236079594330795
Census Tract 7505; Cook County; Illinois,5487,62500,2192,1990,1324,245800,2192,68,726,1881,68,155,1990,317,5119,1147,17,031,750500,5487,5487,62500,62500,2192,2192,1990,1990,1324,1324,245800,245800,2192,2192,68,68,726,726,1881,1881,68,68,155,155,1990,1990,317,317,5119,5119,1147,1147,17031750500,0.6653266331658292,0.11855396065922381,0.2240672006251221,0.1592964824120603,0.36222627737226276,28.51277372262774,0.018885228909032135,0.1212274878039834,1.0,True,0.7881042773266044,0.287956459150397
Census Tract 7506; Cook County; Illinois,3418,45682,1412,1310,998,187200,1412,22,486,1038,143,82,1310,96,3404,1306,17,031,750600,3418,3418,45682,45682,1412,1412,1310,1310,998,998,187200,187200,1412,1412,22,22,486,486,1038,1038,143,143,82,82,1310,1310,96,96,3404,3404,1306,1306,17031750600,0.7618320610687023,0.21676300578034682,0.3836662749706228,0.0732824427480916,0.3597733711048159,32.35269121813031,0.015884922561002515,0.08568648227839891,1.0,True,0.7488621769546233,0.3631938793978818
Census Tract 7608.01; Cook County; Illinois,4804,78618,2442,2287,467,170600,2442,198,135,2456,249,0,2287,210,4758,695,17,031,760801,4804,4804,78618,78618,2442,2442,2287,2287,467,467,170600,170600,2442,2442,198,198,135,135,2456,2456,249,249,0,0,2287,2287,210,210,4758,4758,695,695,17031760801,0.20419763882815917,0.10138436482084691,0.1460697772173182,0.09182334936598163,0.13636363636363635,32.19410319410319,0.009309451951192763,0.1085185037961601,1.0,True,0.6692975157986761,0.16834244647650431
Census Tract 7608.02; Cook County; Illinois,2280,92069,1209,1180,1037,391400,1209,115,0,894,89,0,1180,127,2280,120,17,031,760802,2280,2280,92069,92069,1209,1209,1180,1180,1037,1037,391400,391400,1209,1209,115,115,0,0,894,894,89,89,0,0,1180,1180,127,127,2280,2280,120,120,17031760802,0.8788135593220339,0.09955257270693513,0.05263157894736842,0.10762711864406779,0.09511993382961124,76.15301902398677,0.010714556554051492,0.011527246218334248,1.0,True,0.9359790246707469,0.12966233103775762
Census Tract 7608.03; Cook County; Illinois,7061,80625,3175,3052,1202,192800,3175,765,58,3744,152,0,3052,175,7061,408,17,031,760803,7061,7061,80625,80625,3175,3175,3052,3052,1202,1202,192800,192800,3175,3175,765,765,58,58,3744,3744,152,152,0,0,3052,3052,175,175,7061,7061,408,408,17031760803,0.39384010484927917,0.0405982905982906,0.05778218382665345,0.05733944954128441,0.25921259842519684,25.393700787401574,0.002327883635223085,0.1571242814831632,1.0,True,0.7720111852751934,0.13080768540313126
Census Tract 7702.01; Cook County; Illinois,5871,90726,2989,2818,1485,339600,2989,319,65,2821,264,9,2818,237,5832,246,17,031,770201,5871,5871,90726,90726,2989,2989,2818,2818,1485,1485,339600,339600,2989,2989,319,319,65,65,2821,2821,264,264,9,9,2818,2818,237,237,5832,5832,246,246,17031770201,0.5269694819020582,0.0967741935483871,0.04218106995884774,0.08410220014194464,0.1284710605553697,30.353295416527267,0.00813892259438174,0.06077073233509858,1.0,True,0.8233723912268762,0.1264427643564262
Census Tract 7702.02; Cook County; Illinois,4439,90096,2222,2003,1778,297900,2222,366,16,1712,24,54,2003,34,4279,763,17,031,770202,4439,4439,90096,90096,2222,2222,2003,2003,1778,1778,297900,297900,2222,2222,366,366,16,16,1712,1712,24,24,54,54,2003,2003,34,34,4279,4279,763,763,17031770202,0.8876684972541188,0.0455607476635514,0.17831268988081328,0.016974538192710935,0.1719171917191719,40.54725472547255,0.0007733726513034187,0.019311716493666347,1.0,True,0.8827018890418374,0.13644522479188198
Census Tract 7703; Cook County; Illinois,6900,76782,3068,2938,2010,337500,3068,116,154,2960,392,61,2938,107,6880,600,17,031,770300,6900,6900,76782,76782,3068,3068,2938,2938,2010,2010,337500,337500,3068,3068,116,116,154,154,2960,2960,392,392,61,61,2938,2938,107,107,6880,6880,600,600,17031770300,0.684138869979578,0.15304054054054053,0.0872093023255814,0.03641933287950987,0.0880052151238592,25.026727509778357,0.005573634390006072,0.027797426696712504,1.0,True,0.8556102794473994,0.14360888015529238
Census Tract 7704; Cook County; Illinois,4625,85745,1738,1738,1148,318200,1738,94,6,2402,33,10,1738,59,4578,431,17,031,770400,4625,4625,85745,85745,1738,1738,1738,1738,1148,1148,318200,318200,1738,1738,94,94,6,6,2402,2402,33,33,10,10,1738,1738,59,59,4578,4578,431,431,17031770400,0.6605293440736478,0.017901748542880933,0.09414591524683268,0.03394706559263521,0.05753739930955121,49.335443037974684,0.0006077118320080408,0.01953225868390979,1.0,True,0.8446415833949752,0.0677004744409815
Census Tract 7705; Cook County; Illinois,4292,75096,1194,1171,953,31700,1194,196,18,1930,243,19,1171,17,4292,600,17,031,770500,4292,4292,75096,75096,1194,1194,1171,1171,953,953,31700,31700,1194,1194,196,196,18,18,1930,1930,243,243,19,19,1171,1171,17,17,4292,4292,600,600,17031770500,0.8138343296327925,0.13575129533678756,0.13979496738117428,0.014517506404782237,0.17922948073701842,62.89447236180904,0.0019707702995092986,0.033366376430973545,1.0,True,0.8753152391121705,0.17078287792029867
Census Tract 7706.01; Cook County; Illinois,3443,85491,1165,1130,993,333200,1165,125,18,1401,51,5,1130,31,3203,156,17,031,770601,3443,3443,85491,85491,1165,1165,1130,1130,993,993,333200,333200,1165,1165,125,125,18,18,1401,1401,51,51,5,5,1130,1130,31,31,3203,3203,156,156,17031770601,0.8787610619469026,0.03997144896502498,0.048704339681548546,0.02743362831858407,0.12274678111587983,73.38283261802574,0.0010965618742617472,0.014881689391925258,1.0,True,0.9377152242070795,0.07977954662903268
Census Tract 7706.02; Cook County; Illinois,4220,85089,1544,1496,831,353500,1544,246,18,2092,114,52,1496,223,4062,121,17,031,770602,4220,4220,85089,85089,1544,1544,1496,1496,831,831,353500,353500,1544,1544,246,246,18,18,2092,2092,114,114,52,52,1496,1496,223,223,4062,4062,121,121,17031770602,0.55548128342246,0.07934990439770555,0.02978828163466273,0.14906417112299467,0.17098445595854922,55.109455958549226,0.011828227727732846,0.07600579091740323,1.0,True,0.8384178504615113,0.146187979385182
Census Tract 7707; Cook County; Illinois,2359,77821,1213,1143,347,344900,1213,58,14,1110,33,6,1143,60,2350,222,17,031,770700,2359,2359,77821,77821,1213,1213,1143,1143,347,347,344900,344900,1213,1213,58,58,14,14,1110,1110,33,33,6,6,1143,1143,60,60,2350,2350,222,222,17031770700,0.30358705161854765,0.03513513513513514,0.09446808510638298,0.05249343832020997,0.05935696619950536,64.1558120362737,0.0018443640490884586,0.04133695983797574,1.0,True,0.7255127248897667,0.08308944126122364
Census Tract 7708; Cook County; Illinois,5836,88079,2177,2084,1637,266300,2177,186,176,2749,322,0,2084,67,5836,139,17,031,770800,5836,5836,88079,88079,2177,2177,2084,2084,1637,1637,266300,266300,2177,2177,186,186,176,176,2749,2749,322,322,0,0,2084,2084,67,67,5836,5836,139,139,17031770800,0.7855086372360844,0.11713350309203346,0.023817683344756684,0.032149712092130515,0.16628387689480936,40.45888837850253,0.0037658084007515555,0.035666455360834834,1.0,True,0.9177662833251828,0.12444866271607527
Census Tract 7709.01; Cook County; Illinois,4918,87996,2102,2020,1641,318600,2102,73,36,2124,197,34,2020,198,4899,373,17,031,770901,4918,4918,87996,87996,2102,2102,2020,2020,1641,1641,318600,318600,2102,2102,73,73,36,36,2124,2124,197,197,34,34,2020,2020,198,198,4899,4899,373,373,17031770901,0.8123762376237624,0.10875706214689265,0.07613798734435599,0.09801980198019802,0.051855375832540435,41.86298763082778,0.010660345695586508,0.00972930071313506,1.0,True,0.9033148095549653,0.1270946177797434
Census Tract 7709.02; Cook County; Illinois,3911,77656,1605,1596,1045,366900,1605,135,7,1740,181,6,1596,81,3911,370,17,031,770902,3911,3911,77656,77656,1605,1605,1596,1596,1045,1045,366900,366900,1605,1605,135,135,7,7,1740,1740,181,181,6,6,1596,1596,81,81,3911,3911,370,370,17031770902,0.6547619047619048,0.1074712643678161,0.09460496036819228,0.05075187969924812,0.08847352024922119,48.38380062305296,0.005454368680321493,0.030544429609850172,1.0,True,0.8425096909154514,0.12759266470689412
Census Tract 8001; Cook County; Illinois,2354,249167,882,830,814,1673200,882,20,354,596,110,34,830,7,2354,74,17,031,800100,2354,2354,249167,249167,882,882,830,830,814,814,1673200,1673200,882,882,20,20,354,354,596,596,110,110,34,34,830,830,7,7,2354,2354,74,74,17031800100,0.980722891566265,0.24161073825503357,0.03143585386576041,0.008433734939759036,0.42403628117913833,282.50226757369614,0.002037680925042452,0.008174193372127984,1.0,True,0.9795099629540513,0.254674359112852
Census Tract 8002; Cook County; Illinois,6347,248893,2438,2147,1924,1186500,2438,164,817,1661,523,0,2147,9,6347,111,17,031,800200,6347,6347,248893,248893,2438,2438,2147,2147,1924,1924,1186500,1186500,2438,2438,164,164,817,817,1661,1661,523,523,0,0,2147,2147,9,9,6347,6347,111,111,17031800200,0.896134140661388,0.31487055990367246,0.01748857728060501,0.004191895668374476,0.40237899917965547,102.0890073831009,0.0013199045361588504,0.04179344052960558,1.0,True,0.9575533726744941,0.2799717429941318
Census Tract 8003; Cook County; Illinois,3391,250001,1281,1110,1062,1209100,1281,47,622,941,78,25,1110,17,3351,47,17,031,800300,3391,3391,250001,250001,1281,1281,1110,1110,1062,1062,1209100,1209100,1281,1281,47,47,622,622,941,941,78,78,25,25,1110,1110,17,17,3351,3351,47,47,17031800300,0.9567567567567568,0.10945802337938364,0.014025663980901224,0.015315315315315315,0.522248243559719,195.1608118657299,0.001676384141846416,0.022583707829609473,1.0,True,0.9793107192999763,0.21098554397274613
Census Tract 8004; Cook County; Illinois,3799,250001,1386,1265,1157,1458100,1386,31,796,1083,145,23,1265,38,3799,48,17,031,800400,3799,3799,250001,250001,1386,1386,1265,1265,1157,1157,1458100,1458100,1386,1386,31,31,796,796,1083,1083,145,145,23,23,1265,1265,38,38,3799,3799,48,48,17031800400,0.9146245059288538,0.15512465373961218,0.012634903922084759,0.030039525691699605,0.5966810966810967,180.3759018759019,0.004659871021427085,0.05094194343206198,1.0,True,0.9658888403446811,0.2593036066882952
Census Tract 8005; Cook County; Illinois,5264,250001,1853,1787,1605,1227200,1853,9,779,1410,174,16,1787,58,5263,109,17,031,800500,5264,5264,250001,250001,1853,1853,1787,1787,1605,1605,1227200,1227200,1853,1853,9,9,779,779,1410,1410,174,174,16,16,1787,1787,58,58,5263,5263,109,109,17031800500,0.898153329602686,0.1347517730496454,0.020710621318639558,0.032456631225517625,0.4252563410685375,134.9168915272531,0.004373588604856985,0.043310942403175075,1.0,True,0.956785496514546,0.20464114125868163
Census Tract 8006; Cook County; Illinois,2421,250001,773,732,716,1600000,773,14,480,502,87,0,732,10,2421,47,17,031,800600,2421,2421,250001,250001,773,773,732,732,716,716,1600000,1600000,773,773,14,14,480,480,502,502,87,87,0,0,732,732,10,10,2421,2421,47,47,17031800600,0.9781420765027322,0.17330677290836655,0.019413465510119784,0.01366120218579235,0.6390685640362225,323.41655886157827,0.002367578864868395,0.013968711782212529,1.0,True,0.9840287397003834,0.2773817062579518
Census Tract 8007; Cook County; Illinois,4984,250001,1747,1709,1588,1007700,1747,23,416,1391,141,25,1709,140,4953,96,17,031,800700,4984,4984,250001,250001,1747,1747,1709,1709,1588,1588,1007700,1007700,1747,1747,23,23,416,416,1391,1391,141,141,25,25,1709,1709,140,140,4953,4953,96,96,17031800700,0.9291983616149795,0.11933860531991373,0.019382192610539067,0.08191925102399064,0.25128792215226103,143.10303377218088,0.009776129166054958,0.01779159659474757,1.0,True,0.9677281590852833,0.16381710719219347
Census Tract 8008; Cook County; Illinois,2322,121111,1162,1036,894,590200,1162,204,46,914,60,37,1036,0,2315,106,17,031,800800,2322,2322,121111,121111,1162,1162,1036,1036,894,894,590200,590200,1162,1162,204,204,46,46,914,914,60,60,37,37,1036,1036,0,0,2315,2315,106,106,17031800800,0.862934362934363,0.1061269146608315,0.045788336933045355,0.0,0.21514629948364888,104.2263339070568,0.0,0.029489164601040667,1.0,True,0.9337620359614106,0.1294492551712011
Census Tract 8009; Cook County; Illinois,4371,145208,1752,1714,1597,533000,1752,56,90,1496,411,26,1714,34,4371,298,17,031,800900,4371,4371,145208,145208,1752,1752,1714,1714,1597,1597,533000,533000,1752,1752,56,56,90,90,1496,1496,411,411,26,26,1714,1714,34,34,4371,4371,298,298,17031800900,0.9317386231038507,0.29211229946524064,0.0681766186227408,0.019836639439906652,0.08333333333333333,82.88127853881278,0.005794526360454015,0.005688448074679109,1.0,True,0.9466926605418733,0.20153060272258072
Census Tract 8010; Cook County; Illinois,5091,163542,2180,2069,1684,705200,2180,97,163,1451,159,117,2069,212,5091,62,17,031,801000,5091,5091,163542,163542,2180,2180,2069,2069,1684,1684,705200,705200,2180,2180,97,97,163,163,1451,1451,159,159,117,117,2069,2069,212,212,5091,5091,62,62,17031801000,0.8139197680038666,0.19021364576154376,0.012178353957965037,0.10246495891735138,0.11926605504587157,75.01926605504588,0.01949023339847621,0.022193055192199402,1.0,True,0.9324816345047943,0.16740794582799806
Census Tract 8011; Cook County; Illinois,4961,235511,1655,1557,1413,891100,1655,12,961,1127,123,14,1557,31,4953,68,17,031,801100,4961,4961,235511,235511,1655,1655,1557,1557,1413,1413,891100,891100,1655,1655,12,12,961,961,1127,1127,123,123,14,14,1557,1557,31,31,4953,4953,68,68,17031801100,0.9075144508670521,0.12156166814551908,0.01372905309913184,0.01991008349389852,0.5879154078549849,142.30271903323262,0.0024203029624348693,0.054373679339189324,1.0,True,0.9630220741978608,0.2368374801106443
Census Tract 8012; Cook County; Illinois,3509,203750,1552,1467,1408,993700,1552,64,592,797,153,10,1467,85,3508,0,17,031,801200,3509,3509,203750,203750,1552,1552,1467,1467,1408,1408,993700,993700,1552,1552,64,64,592,592,797,797,153,153,10,10,1467,1467,85,85,3508,3508,0,0,17031801200,0.9597818677573279,0.20451693851944794,0.0,0.05794137695978187,0.422680412371134,131.28221649484536,0.011849993029415865,0.016999416721129455,1.0,True,0.9865708390879325,0.24078866121446107
Census Tract 8013; Cook County; Illinois,4461,190313,1769,1736,1320,1039100,1769,123,855,1212,95,22,1736,144,4394,379,17,031,801300,4461,4461,190313,190313,1769,1769,1736,1736,1320,1320,1039100,1039100,1769,1769,123,123,855,855,1212,1212,95,95,22,22,1736,1736,144,144,4394,4394,379,379,17031801300,0.7603686635944701,0.09653465346534654,0.08625398270368685,0.08294930875576037,0.5528547201808932,107.58224985867722,0.008007482775927362,0.13248131543505273,1.0,True,0.8815043501748628,0.25896543874133865
Census Tract 8014; Cook County; Illinois,2886,169318,1182,1134,1084,541200,1182,0,77,813,36,25,1134,12,2886,159,17,031,801400,2886,2886,169318,169318,1182,1182,1134,1134,1084,1084,541200,541200,1182,1182,0,0,77,77,813,813,36,36,25,25,1134,1134,12,12,2886,2886,159,159,17031801400,0.9559082892416225,0.07503075030750307,0.0550935550935551,0.010582010582010581,0.06514382402707276,143.24703891708967,0.0007939761937301912,0.0028723026466963334,1.0,True,0.9606144277472514,0.07832924599655879
Census Tract 8015; Cook County; Illinois,6219,154083,2831,2513,2089,596900,2831,400,354,1815,326,0,2513,160,5865,276,17,031,801500,6219,6219,154083,154083,2831,2831,2513,2513,2089,2089,596900,596900,2831,2831,400,400,354,354,1815,1815,326,326,0,0,2513,2513,160,160,5865,5865,276,276,17031801500,0.8312773577397533,0.1796143250688705,0.047058823529411764,0.06366892160764027,0.26633698339809253,54.42705757682798,0.011435850382419134,0.044937079570549626,1.0,True,0.9226577845593334,0.20216445438960085
Census Tract 8016.01; Cook County; Illinois,4570,105313,2068,1975,1353,604700,2068,252,4,1391,37,31,1975,369,4421,250,17,031,801601,4570,4570,105313,105313,2068,2068,1975,1975,1353,1353,604700,604700,2068,2068,252,252,4,4,1391,1391,37,37,31,31,1975,1975,369,369,4421,4421,250,250,17031801601,0.6850632911392405,0.04888569374550683,0.0565482922415743,0.1868354430379747,0.12379110251450677,50.92504835589942,0.009133580249160517,0.038986362412163654,1.0,True,0.8696499441901265,0.13865704836773152
Census Tract 8016.03; Cook County; Illinois,3656,79200,1535,1368,579,456300,1535,96,0,1445,129,28,1368,147,3429,530,17,031,801603,3656,3656,79200,79200,1535,1535,1368,1368,579,579,456300,456300,1535,1535,96,96,0,0,1445,1445,129,129,28,28,1368,1368,147,147,3429,3429,530,530,17031801603,0.4232456140350877,0.10865051903114187,0.15456401283172938,0.1074561403508772,0.06254071661237785,51.59609120521173,0.011675165422206034,0.03607063260757758,1.0,True,0.7385136080918951,0.15937519921894397
Census Tract 8016.05; Cook County; Illinois,5607,142500,2244,2106,2046,689500,2244,522,13,2010,220,0,2106,118,5607,302,17,031,801605,5607,5607,142500,142500,2244,2244,2106,2106,2046,2046,689500,689500,2244,2244,522,522,13,13,2010,2010,220,220,0,0,2106,2106,118,118,5607,5607,302,302,17031801605,0.9715099715099715,0.10945273631840796,0.053861244872480826,0.0560303893637227,0.23841354723707664,63.50267379679144,0.00613267943284527,0.00679240875319306,1.0,True,0.9663529011641542,0.15840647876637381
Census Tract 8016.06; Cook County; Illinois,7212,151776,2847,2703,2357,645100,2847,334,0,2526,142,104,2703,106,7212,130,17,031,801606,7212,7212,151776,151776,2847,2847,2703,2703,2357,2357,645100,645100,2847,2847,334,334,0,0,2526,2526,142,142,104,104,2703,2703,106,106,7212,7212,130,130,17031801606,0.8719940806511284,0.09738717339667459,0.018025513033832503,0.0392156862745098,0.11731647348085704,53.310853530031615,0.003819104839085278,0.015017203042684623,1.0,True,0.9492179289115995,0.10106715437752144
Census Tract 8016.07; Cook County; Illinois,5910,155714,2233,2062,1651,663600,2233,538,0,2296,224,116,2062,120,5903,213,17,031,801607,5910,5910,155714,155714,2233,2233,2062,2062,1651,1651,663600,663600,2233,2233,538,538,0,0,2296,2296,224,224,116,116,2062,2062,120,120,5903,5903,213,213,17031801607,0.8006789524733269,0.1480836236933798,0.03608334745044892,0.058195926285160036,0.24093148231079264,69.73309449171518,0.008617863648499308,0.048022715436341304,1.0,True,0.9173693904757427,0.17355143613699534
Census Tract 8016.08; Cook County; Illinois,6318,145417,3015,2584,2090,581900,3015,452,40,1834,296,35,2584,183,6195,541,17,031,801608,6318,6318,145417,145417,3015,3015,2584,2584,2090,2090,581900,581900,3015,3015,452,452,40,40,1834,1834,296,296,35,35,2584,2584,183,183,6195,6195,541,541,17031801608,0.8088235294117647,0.18047982551799346,0.08732849071832123,0.0708204334365325,0.16318407960199005,48.23117744610282,0.012781659469734056,0.031196956394498095,1.0,True,0.8971528141739618,0.18968715952441403
Census Tract 8017.01; Cook County; Illinois,3469,237695,1219,1169,1138,786300,1219,23,12,1147,101,6,1169,0,3469,20,17,031,801701,3469,3469,237695,237695,1219,1219,1169,1169,1138,1138,786300,786300,1219,1219,23,23,12,12,1147,1147,101,101,6,6,1169,1169,0,0,3469,3469,20,20,17031801701,0.9734816082121471,0.09328683522231909,0.005765350245027385,0.0,0.02871205906480722,194.9917965545529,0.0,0.0007613976313165303,1.0,True,0.9885750563752996,0.05753023582295054
Census Tract 8017.02; Cook County; Illinois,4950,177394,1888,1760,1422,672900,1888,30,91,1592,156,8,1760,94,4946,123,17,031,801702,4950,4950,177394,177394,1888,1888,1760,1760,1422,1422,672900,672900,1888,1888,30,30,91,91,1592,1592,156,156,8,8,1760,1760,94,94,4946,4946,123,123,17031801702,0.8079545454545455,0.10301507537688442,0.024868580671249495,0.053409090909090906,0.06408898305084745,93.95868644067797,0.005501941525810872,0.01230799788135593,1.0,True,0.9248227381948076,0.09598346677188321
Census Tract 8018; Cook County; Illinois,6173,179485,2657,2527,2234,934100,2657,169,149,1847,185,0,2527,151,6173,304,17,031,801800,6173,6173,179485,179485,2657,2657,2527,2527,2234,2234,934100,934100,2657,2657,169,169,149,149,1847,1847,185,185,0,0,2527,2527,151,151,6173,6173,304,304,17031801800,0.8840522358527899,0.10016242555495398,0.04924671958529078,0.059754649782350615,0.11968385397064359,67.55175009409108,0.005985170660387041,0.013877075272417315,1.0,True,0.9392832758004553,0.1202423124784456
Census Tract 8019.01; Cook County; Illinois,4634,99345,2173,2038,1707,455900,2173,352,12,1547,79,0,2038,66,4509,531,17,031,801901,4634,4634,99345,99345,2173,2173,2038,2038,1707,1707,455900,455900,2173,2173,352,352,12,12,1547,1547,79,79,0,0,2038,2038,66,66,4509,4509,531,531,17031801901,0.837585868498528,0.05106658047834518,0.11776447105788423,0.0323846908734053,0.1675103543488265,45.71790151863783,0.0016537754227530824,0.02720604871906848,1.0,True,0.8931006438134205,0.12268016981293899
Census Tract 8019.02; Cook County; Illinois,3747,203646,1326,1258,1224,855400,1326,52,79,1268,107,12,1258,11,3728,19,17,031,801902,3747,3747,203646,203646,1326,1326,1258,1258,1224,1224,855400,855400,1326,1326,52,52,79,79,1268,1268,107,107,12,12,1258,1258,11,11,3728,3728,19,19,17031801902,0.972972972972973,0.09384858044164038,0.00509656652360515,0.008744038155802861,0.09879336349924585,153.579185520362,0.0008206155682496376,0.002670090905385018,1.0,True,0.9886876967253618,0.07993622817679427
Census Tract 8020.02; Cook County; Illinois,4720,133152,1606,1580,1459,573000,1606,242,50,1692,21,0,1580,24,4399,125,17,031,802002,4720,4720,133152,133152,1606,1606,1580,1580,1459,1459,573000,573000,1606,1606,242,242,50,50,1692,1692,21,21,0,0,1580,1580,24,24,4399,4399,125,125,17031802002,0.9234177215189874,0.012411347517730497,0.028415548988406456,0.015189873417721518,0.18181818181818182,82.9090909090909,0.00018852679773767844,0.013924050632911387,1.0,True,0.9617014917855453,0.07141821480562308
Census Tract 8020.03; Cook County; Illinois,2376,175288,854,830,719,600800,854,166,5,931,23,6,830,10,2376,141,17,031,802003,2376,2376,175288,175288,854,854,830,830,719,719,600800,600800,854,854,166,166,5,5,931,931,23,23,6,6,830,830,10,10,2376,2376,141,141,17031802003,0.8662650602409638,0.031149301825993556,0.059343434343434344,0.012048192771084338,0.20023419203747073,205.2552693208431,0.0003752927930842597,0.026778307609830427,1.0,True,0.9288350047011033,0.09547351945161614
Census Tract 8020.04; Cook County; Illinois,5982,47134,2213,2198,1315,220300,2213,538,2,2233,146,0,2198,16,5895,1705,17,031,802004,5982,5982,47134,47134,2213,2213,2198,2198,1315,1315,220300,220300,2213,2213,538,538,2,2,2233,2233,146,146,0,0,2198,2198,16,16,5895,5895,1705,1705,17031802004,0.5982711555959963,0.06538289296909987,0.28922815945716707,0.007279344858962694,0.24401265250790782,21.298689561680977,0.0004759446257987252,0.09802692091195753,1.0,True,0.736592760844875,0.20073363224276589
Census Tract 8021; Cook County; Illinois,3672,180739,1338,1251,1017,700600,1338,40,222,1035,83,8,1251,51,3663,375,17,031,802100,3672,3672,180739,180739,1338,1338,1251,1251,1017,1017,700600,700600,1338,1338,40,40,222,222,1035,1035,83,83,8,8,1251,1251,51,51,3663,3663,375,375,17031802100,0.8129496402877698,0.08792270531400966,0.10237510237510238,0.0407673860911271,0.19581464872944693,135.0814648729447,0.003584378873712624,0.03662720048176704,1.0,True,0.8918142162766517,0.1469098470660173
Census Tract 8022; Cook County; Illinois,4853,177813,2205,2050,1627,655300,2205,86,269,1632,74,0,2050,119,4839,176,17,031,802200,4853,4853,177813,177813,2205,2205,2050,2050,1627,1627,655300,655300,2205,2205,86,86,269,269,1632,1632,74,74,0,0,2050,2050,119,119,4839,4839,176,176,17031802200,0.7936585365853659,0.04534313725490196,0.036371151064269476,0.05804878048780488,0.16099773242630386,80.64081632653061,0.0026321138211382114,0.033220507715281226,1.0,True,0.9149115382953322,0.09891157340632745
Census Tract 8023; Cook County; Illinois,5606,111071,2777,2712,1424,768600,2777,146,0,1530,110,64,2712,335,5525,509,17,031,802300,5606,5606,111071,111071,2777,2777,2712,2712,1424,1424,768600,768600,2777,2777,146,146,0,0,1530,1530,110,110,64,64,2712,2712,335,335,5525,5525,509,509,17031802300,0.5250737463126843,0.11372549019607843,0.09212669683257918,0.12352507374631268,0.05257472092185812,39.996759092545915,0.014047949563306147,0.024969115246074213,1.0,True,0.8004057429814412,0.1434201795149704
Census Tract 8024.02; Cook County; Illinois,5739,78942,2541,2293,1604,394000,2541,351,0,2258,109,17,2293,143,5539,343,17,031,802402,5739,5739,78942,78942,2541,2541,2293,2293,1604,1604,394000,394000,2541,2541,351,351,0,0,2258,2258,109,109,17,17,2293,2293,143,143,5539,5539,343,343,17031802402,0.6995202791103358,0.05580159433126661,0.06192453511464163,0.0623637156563454,0.1381345926800472,31.067296340023614,0.0034799947620458463,0.041506643853708045,1.0,True,0.8720505112732256,0.10784397137487037
Census Tract 8024.03; Cook County; Illinois,1517,87525,851,799,604,244000,851,526,15,616,34,0,799,25,1517,71,17,031,802403,1517,1517,87525,87525,851,851,799,799,604,604,244000,244000,851,851,526,526,15,15,616,616,34,34,0,0,799,799,25,25,1517,1517,71,71,17031802403,0.7559449311639549,0.05519480519480519,0.04680290046143705,0.03128911138923655,0.63572267920094,102.84958871915394,0.0017269964078474717,0.15515134223302043,1.0,True,0.8976282052190313,0.2310615333756303
Census Tract 8024.04; Cook County; Illinois,7892,81371,3321,3108,1972,192600,3321,1061,227,3714,84,12,3108,184,7697,1238,17,031,802404,7892,7892,81371,81371,3321,3321,3108,3108,1972,1972,192600,192600,3321,3321,1061,1061,227,227,3714,3714,84,84,12,12,3108,3108,184,184,7697,7697,1238,1238,17031802404,0.6344916344916345,0.025848142164781908,0.16084188644926595,0.059202059202059204,0.3878349894610057,24.50195724179464,0.0015302632427026612,0.14175693308484635,1.0,True,0.8061214092633522,0.1942957894021367
Census Tract 8025.03; Cook County; Illinois,7232,106076,2648,2587,2082,274800,2648,362,8,3160,138,213,2587,108,7232,835,17,031,802503,7232,7232,106076,106076,2648,2648,2587,2587,2082,2082,274800,274800,2648,2648,362,362,8,8,3160,3160,138,138,213,213,2587,2587,108,108,7232,7232,835,835,17031802503,0.8047931967529958,0.1110759493670886,0.11545907079646017,0.041747197526091996,0.13972809667673716,40.05891238670695,0.0046371095986260415,0.027275875076054217,1.0,True,0.8832045180792502,0.14780418689094396
Census Tract 8025.04; Cook County; Illinois,6373,100313,2041,1982,1802,325600,2041,473,6,2552,213,88,1982,12,6156,775,17,031,802504,6373,6373,100313,100313,2041,2041,1982,1982,1802,1802,325600,325600,2041,2041,473,473,6,6,2552,2552,213,213,88,88,1982,1982,12,12,6156,6156,775,775,17031802504,0.9091826437941474,0.11794670846394985,0.12589343729694608,0.006054490413723511,0.2346888780009799,49.14894659480647,0.000714107215725226,0.021313823430966883,1.0,True,0.9133299449628575,0.1697551917948097
Census Tract 8025.05; Cook County; Illinois,6157,79886,2910,2656,974,210300,2910,293,45,3459,222,22,2656,87,6120,711,17,031,802505,6157,6157,79886,79886,2910,2910,2656,2656,974,974,210300,210300,2910,2910,293,293,45,45,3459,3459,222,222,22,22,2656,2656,87,87,6120,6120,711,711,17031802505,0.3667168674698795,0.07054061867591789,0.1161764705882353,0.03275602409638554,0.1161512027491409,27.452233676975943,0.0023106302051223103,0.07355659752411708,1.0,True,0.7368450312637483,0.11789506183522022
Census Tract 8025.06; Cook County; Illinois,2393,83056,788,776,558,312700,788,11,34,1182,108,2,776,44,2393,240,17,031,802506,2393,2393,83056,83056,788,788,776,776,558,558,312700,312700,788,788,11,11,34,34,1182,1182,108,108,2,2,776,776,44,44,2393,2393,240,240,17031802506,0.7190721649484536,0.09306260575296109,0.10029251984956122,0.05670103092783505,0.05710659898477157,105.4010152284264,0.005276745687023567,0.016042833219948715,1.0,True,0.8614046166877967,0.11532956472580558
Census Tract 8026.05; Cook County; Illinois,7035,119375,3383,3265,2665,392200,3383,1228,17,2917,169,0,3265,302,6940,246,17,031,802605,7035,7035,119375,119375,3383,3383,3265,3265,2665,2665,392200,392200,3383,3383,1228,1228,17,17,2917,2917,169,169,0,0,3265,3265,302,302,6940,6940,246,246,17031802605,0.8162327718223583,0.057936235858759,0.03544668587896253,0.09249617151607964,0.3680165533550103,35.28672775642921,0.005358880008987816,0.06762938193353943,1.0,True,0.922820666828727,0.17380889899685337
Census Tract 8026.07; Cook County; Illinois,1421,120750,514,503,491,452300,514,12,55,524,35,0,503,4,1421,63,17,031,802607,1421,1421,120750,120750,514,514,503,503,491,491,452300,452300,514,514,12,12,55,55,524,524,35,35,0,0,503,503,4,4,1421,1421,63,63,17031802607,0.9761431411530815,0.06679389312977099,0.04433497536945813,0.007952286282306162,0.1303501945525292,234.92217898832683,0.0005311641600777016,0.0031097461921080487,1.0,True,0.9721483265394526,0.08783440359973672
Census Tract 8026.08; Cook County; Illinois,5687,90778,2962,2848,2470,318900,2962,573,17,1900,120,16,2848,180,5687,386,17,031,802608,5687,5687,90778,90778,2962,2962,2848,2848,2470,2470,318900,318900,2962,2962,573,573,17,17,1900,1900,120,120,16,16,2848,2848,180,180,5687,5687,386,386,17031802608,0.8672752808988764,0.07157894736842105,0.06787409882187445,0.06320224719101124,0.19918973666441595,30.647535449020932,0.004523950325251331,0.026437401846611388,1.0,True,0.9253130177134515,0.13516991452863647
Census Tract 8026.09; Cook County; Illinois,6525,68608,3006,2933,1270,160700,3006,461,73,3636,176,76,2933,199,6525,720,17,031,802609,6525,6525,68608,68608,3006,3006,2933,2933,1270,1270,160700,160700,3006,3006,461,461,73,73,3636,3636,176,176,76,76,2933,2933,199,199,6525,6525,720,720,17031802609,0.4330037504261848,0.06930693069306931,0.1103448275862069,0.06784861916126833,0.17764471057884232,22.82368596141051,0.0047023795458304785,0.10072388465482945,1.0,True,0.7615440093912081,0.14375747883913634
Census Tract 8026.10; Cook County; Illinois,1978,143500,777,750,726,395700,777,7,15,876,53,10,750,5,1978,43,17,031,802610,1978,1978,143500,143500,777,777,750,750,726,726,395700,395700,777,777,7,7,15,15,876,876,53,53,10,10,750,750,5,5,1978,1978,43,43,17031802610,0.968,0.07191780821917808,0.021739130434782608,0.006666666666666667,0.028314028314028315,184.6846846846847,0.00047945205479452054,0.0009060489060489069,1.0,True,0.9795543502864507,0.054026215867483664
Census Tract 8027.01; Cook County; Illinois,6972,160658,2101,2086,1923,449500,2101,171,29,2793,282,40,2086,22,6972,418,17,031,802701,6972,6972,160658,160658,2101,2101,2086,2086,1923,1923,449500,449500,2101,2101,171,171,29,29,2793,2793,282,282,40,40,2086,2086,22,22,6972,6972,418,418,17031802701,0.9218600191754555,0.11528822055137844,0.05995410212277682,0.010546500479386385,0.09519276534983341,76.46739647786768,0.001215887273312716,0.007438360859071351,1.0,True,0.9470861420517785,0.10886019076503278
Census Tract 8027.02; Cook County; Illinois,4370,94656,1655,1567,1196,453600,1655,280,32,1560,133,9,1567,162,4273,429,17,031,802702,4370,4370,94656,94656,1655,1655,1567,1567,1196,1196,453600,453600,1655,1655,280,280,32,32,1560,1560,133,133,9,9,1567,1567,162,162,4273,4273,429,429,17031802702,0.763241863433312,0.09102564102564102,0.10039784694593962,0.10338225909380983,0.18851963746223566,57.193957703927495,0.009410436404692945,0.0446335580717865,1.0,True,0.8760865256193924,0.16599029700732232
Census Tract 8028.01; Cook County; Illinois,4712,138750,1881,1832,1583,431400,1881,39,51,1679,230,10,1832,74,4712,58,17,031,802801,4712,4712,138750,138750,1881,1881,1832,1832,1583,1583,431400,431400,1881,1881,39,39,51,51,1679,1679,230,230,10,10,1832,1832,74,74,4712,4712,58,58,17031802801,0.8640829694323144,0.1429422275163788,0.01230899830220713,0.04039301310043668,0.04784688995215311,73.7639553429027,0.0057738672686746895,0.006503207204195481,1.0,True,0.9491318620246729,0.10341841282169034
Census Tract 8028.02; Cook County; Illinois,6375,118068,2417,2274,1816,364600,2417,178,180,2783,262,34,2274,20,6351,78,17,031,802802,6375,6375,118068,118068,2417,2417,2274,2274,1816,1816,364600,364600,2417,2417,178,178,180,180,2783,2783,262,262,34,34,2274,2274,20,20,6351,6351,78,78,17031802802,0.7985927880386984,0.1063600431189364,0.01228153046764289,0.008795074758135445,0.1481175010343401,48.848986346710795,0.0009354445305095551,0.02983193292600165,1.0,True,0.9273037531231626,0.10248827977931191
Census Tract 8029; Cook County; Illinois,5993,179773,2125,2088,1950,524200,2125,429,73,2051,129,23,2088,36,5993,226,17,031,802900,5993,5993,179773,179773,2125,2125,2088,2088,1950,1950,524200,524200,2125,2125,429,429,73,73,2051,2051,129,129,23,23,2088,2088,36,36,5993,5993,226,226,17031802900,0.9339080459770115,0.07411019015114578,0.037710662439512765,0.017241379310344827,0.23623529411764707,84.59905882352942,0.001277761899157686,0.015613252197430698,1.0,True,0.9610630776104349,0.12183871385847887
Census Tract 8030.05; Cook County; Illinois,2860,133083,1233,1159,892,367900,1233,93,0,1201,57,0,1159,39,2860,87,17,031,803005,2860,2860,133083,133083,1233,1233,1159,1159,892,892,367900,367900,1233,1233,93,93,0,0,1201,1201,57,57,0,0,1159,1159,39,39,2860,2860,87,87,17031803005,0.7696289905090595,0.04746044962531224,0.03041958041958042,0.03364969801553063,0.07542579075425791,107.93430656934306,0.0015970297975730608,0.017375915557710838,1.0,True,0.909541974130781,0.06628690718741714
Census Tract 8030.07; Cook County; Illinois,5092,91553,2215,2139,1845,384300,2215,386,0,1933,153,16,2139,125,5092,772,17,031,803007,5092,5092,91553,91553,2215,2215,2139,2139,1845,1845,384300,384300,2215,2215,386,386,0,0,1933,1933,153,153,16,16,2139,2139,125,125,5092,5092,772,772,17031803007,0.8625525946704067,0.08742886704604243,0.1516103692065986,0.0584385226741468,0.17426636568848758,41.333182844243794,0.005109213829245117,0.023952459800100686,1.0,True,0.886276857205558,0.16287395963605847
Census Tract 8030.08; Cook County; Illinois,4720,173309,1701,1701,1519,473900,1701,286,28,1571,178,6,1701,96,4720,174,17,031,803008,4720,4720,173309,173309,1701,1701,1701,1701,1519,1519,473900,473900,1701,1701,286,286,28,28,1571,1571,178,178,6,6,1701,1701,96,96,4720,4720,174,174,17031803008,0.8930041152263375,0.11712285168682368,0.03686440677966102,0.0564373897707231,0.18459729570840683,101.88653733098178,0.006610108031707862,0.019751150981146402,1.0,True,0.9478038050013239,0.14175548851038158
Census Tract 8030.10; Cook County; Illinois,4351,119125,1743,1743,1527,380600,1743,772,68,1720,256,25,1743,22,4351,133,17,031,803010,4351,4351,119125,119125,1743,1743,1743,1743,1527,1527,380600,380600,1743,1743,772,772,68,68,1720,1720,256,256,25,25,1743,1743,22,22,4351,4351,133,133,17031803010,0.8760757314974182,0.1633720930232558,0.03056768558951965,0.012621916236374068,0.4819277108433735,68.34480780263912,0.002062068873500647,0.0597225390373888,1.0,True,0.9449509847685582,0.2319426479984033
Census Tract 8030.12; Cook County; Illinois,2135,85865,1063,1017,652,295200,1063,610,0,1027,18,23,1017,73,2135,194,17,031,803012,2135,2135,85865,85865,1063,1063,1017,1017,652,652,295200,295200,1063,1063,610,610,0,0,1027,1027,18,18,23,23,1017,1017,73,73,2135,2135,194,194,17031803012,0.6411012782694199,0.03992210321324245,0.09086651053864168,0.07177974434611603,0.5738476011288806,80.7761053621825,0.0028655983624058007,0.20595317051331505,1.0,True,0.8396327766518055,0.23387446656134162
Census Tract 8030.13; Cook County; Illinois,5690,104564,2522,2467,2221,288200,2522,430,0,2128,91,0,2467,136,5690,285,17,031,803013,5690,5690,104564,104564,2522,2522,2467,2467,2221,2221,288200,288200,2522,2522,430,430,0,0,2128,2128,91,91,0,0,2467,2467,136,136,5690,5690,285,285,17031803013,0.9002837454398054,0.04276315789473684,0.05008787346221441,0.055127685447912446,0.17049960348929422,41.460745440126885,0.0023574339171804665,0.017001581863950708,1.0,True,0.9442800132348607,0.10390277690010895
Census Tract 8030.14; Cook County; Illinois,3543,83030,1549,1456,891,308500,1549,693,10,1954,169,0,1456,67,3543,158,17,031,803014,3543,3543,83030,83030,1549,1549,1456,1456,891,891,308500,308500,1549,1549,693,693,10,10,1954,1954,169,169,0,0,1456,1456,67,67,3543,3543,158,158,17031803014,0.6119505494505495,0.086489252814739,0.044594976009031895,0.04601648351648352,0.4538411878631375,53.602324080051645,0.003979931276502413,0.17611282358700045,1.0,True,0.8506156227556647,0.20036713189294897
Census Tract 8030.15; Cook County; Illinois,4520,108030,2108,2084,1610,386500,2108,820,87,1778,77,33,2084,158,4520,288,17,031,803015,4520,4520,108030,108030,2108,2108,2084,2084,1610,1610,386500,386500,2108,2108,820,820,87,87,1778,1778,77,77,33,33,2084,2084,158,158,4520,4520,288,288,17031803015,0.772552783109405,0.06186726659167604,0.06371681415929203,0.07581573896353166,0.43026565464895633,51.24762808349146,0.004690512534301734,0.09786272567351502,1.0,True,0.8956073797498999,0.19726284457487095
Census Tract 8030.16; Cook County; Illinois,2537,133150,984,937,393,440500,984,107,29,1052,91,5,937,57,2525,118,17,031,803016,2537,2537,133150,133150,984,984,937,937,393,393,440500,440500,984,984,107,107,29,29,1052,1052,91,91,5,5,937,937,57,57,2525,2525,118,118,17031803016,0.4194236926360726,0.09125475285171103,0.04673267326732673,0.060832443970117396,0.13821138211382114,135.3150406504065,0.005551249639858622,0.08024225386330704,1.0,True,0.785508681557805,0.12036301949828437
Census Tract 8030.17; Cook County; Illinois,6520,108724,2529,2516,1442,426800,2529,746,80,3090,83,46,2516,141,6491,462,17,031,803017,6520,6520,108724,108724,2529,2529,2516,2516,1442,1442,426800,426800,2529,2529,746,746,80,80,3090,3090,83,83,46,46,2516,2516,141,141,6491,6491,462,462,17031803017,0.5731319554848967,0.04174757281553398,0.07117547373286089,0.05604133545310016,0.3266113088177145,42.99090549624358,0.0023395897325080646,0.1394199307115363,1.0,True,0.8257972278670481,0.15424592723402836
Census Tract 8031; Cook County; Illinois,3545,170089,1166,1155,1073,454900,1166,47,102,1063,32,42,1155,11,3544,84,17,031,803100,3545,3545,170089,170089,1166,1166,1155,1155,1073,1073,454900,454900,1166,1166,47,47,102,102,1063,1063,32,32,42,42,1155,1155,11,11,3544,3544,84,84,17031803100,0.929004329004329,0.06961429915333961,0.023702031602708805,0.009523809523809525,0.12778730703259006,145.87392795883363,0.0006629933252699011,0.009072345607508551,1.0,True,0.9656909110202677,0.08214310468230265
Census Tract 8032; Cook County; Illinois,4961,100422,2355,2088,1736,388000,2355,241,114,1502,138,41,2088,323,4627,348,17,031,803200,4961,4961,100422,100422,2355,2355,2088,2088,1736,1736,388000,388000,2355,2355,241,241,114,114,1502,1502,138,138,41,41,2088,2088,323,323,4627,4627,348,348,17031803200,0.8314176245210728,0.11917443408788282,0.07521071968878323,0.15469348659003831,0.15074309978768577,42.64203821656051,0.018435508721449306,0.025412629849265032,1.0,True,0.9100829944751778,0.17792467073805426
Census Tract 8033; Cook County; Illinois,5529,96587,3525,3023,1701,355900,3525,557,528,1924,228,12,3023,245,5524,516,17,031,803300,5529,5529,96587,96587,3525,3525,3023,3023,1701,1701,355900,355900,3525,3525,557,557,528,528,1924,1924,228,228,12,12,3023,3023,245,245,5524,5524,516,516,17031803300,0.5626860734369832,0.12474012474012475,0.09341057204923968,0.08104531921931855,0.3078014184397163,27.400567375886524,0.010109603229021026,0.1346058468995385,1.0,True,0.8123615600509355,0.20687463151673646
Census Tract 8034; Cook County; Illinois,6398,134260,2247,2183,1824,490500,2247,92,122,2177,281,65,2183,19,6398,273,17,031,803400,6398,6398,134260,134260,2247,2247,2183,2183,1824,1824,490500,490500,2247,2247,92,92,122,122,2177,2177,281,281,65,65,2183,2183,19,19,6398,6398,273,273,17031803400,0.8355474118185983,0.15893431327514929,0.04266958424507659,0.008703618873110398,0.09523809523809523,59.75077881619938,0.0013833036886064297,0.015662151255371595,1.0,True,0.9260349062634258,0.12474802038242624
Census Tract 8035; Cook County; Illinois,5238,131763,2229,2164,1937,443500,2229,118,268,2122,225,27,2164,125,5207,127,17,031,803500,5238,5238,131763,131763,2229,2229,2164,2164,1937,1937,443500,443500,2229,2229,118,118,268,268,2122,2122,225,225,27,27,2164,2164,125,125,5207,5207,127,127,17031803500,0.8951016635859519,0.11875589066918002,0.024390243902439025,0.057763401109057304,0.1731718259309107,59.11305518169583,0.006859744146787201,0.018165436453935653,1.0,True,0.9540629711358983,0.13564776232115897
Census Tract 8036.03; Cook County; Illinois,6489,174383,2492,2317,2099,587200,2492,752,36,1930,68,16,2317,41,6454,111,17,031,803603,6489,6489,174383,174383,2492,2492,2317,2317,2099,2099,587200,587200,2492,2492,752,752,36,36,1930,1930,68,68,16,16,2317,2317,41,41,6454,6454,111,111,17031803603,0.9059128182995253,0.043523316062176166,0.017198636504493336,0.017695295640914977,0.3162118780096308,69.9771268057785,0.0007701579449931907,0.029751484422140474,1.0,True,0.9609054058952182,0.12177704900590962
Census Tract 8036.04; Cook County; Illinois,4446,87422,1855,1855,1323,364700,1855,180,32,1648,103,14,1855,92,4356,555,17,031,803604,4446,4446,87422,87422,1855,1855,1855,1855,1323,1323,364700,364700,1855,1855,180,180,32,32,1648,1648,103,103,14,14,1855,1855,92,92,4356,4356,555,555,17031803604,0.7132075471698113,0.07099514563106796,0.12741046831955924,0.04959568733153639,0.11428571428571428,47.1277628032345,0.003521053044775338,0.03277628032345014,1.0,True,0.8473197733303267,0.12680742244171836
Census Tract 8036.05; Cook County; Illinois,6237,111063,2685,2582,2235,424900,2685,367,14,2204,224,47,2582,0,6237,290,17,031,803605,6237,6237,111063,111063,2685,2685,2582,2582,2235,2235,424900,424900,2685,2685,367,367,14,14,2204,2204,224,224,47,47,2582,2582,0,0,6237,6237,290,290,17031803605,0.8656080557707204,0.12295825771324864,0.04649671316337983,0.0,0.1418994413407821,41.36424581005586,0.0,0.01907014180683632,1.0,True,0.9343313281628037,0.11786888854643944
Census Tract 8036.07; Cook County; Illinois,4434,125818,1749,1719,1601,363900,1749,8,12,1981,100,26,1719,22,4432,252,17,031,803607,4434,4434,125818,125818,1749,1749,1719,1719,1601,1601,363900,363900,1749,1749,8,8,12,12,1981,1981,100,100,26,26,1719,1719,22,22,4432,4432,252,252,17031803607,0.9313554392088423,0.0636042402826855,0.05685920577617329,0.012798138452588714,0.011435105774728416,71.937106918239,0.0008140158733095294,0.0007849578135066627,1.0,True,0.951618477604648,0.05884369069861147
Census Tract 8036.08; Cook County; Illinois,7939,108394,3458,3305,1675,466300,3458,784,20,3584,186,45,3305,198,7939,885,17,031,803608,7939,7939,108394,108394,3458,3458,3305,3305,1675,1675,466300,466300,3458,3458,784,784,20,20,3584,3584,186,186,45,45,3305,3305,198,198,7939,7939,885,885,17031803608,0.5068078668683812,0.064453125,0.11147499685098879,0.05990922844175492,0.23250433776749566,31.345864661654137,0.003861336989409985,0.11466931030590559,1.0,True,0.7856596467396745,0.15438304113426735
Census Tract 8036.11; Cook County; Illinois,6341,63639,2280,2173,1310,189400,2280,981,55,3266,156,28,2173,237,6341,783,17,031,803611,6341,6341,63639,63639,2280,2280,2173,2173,1310,1310,189400,189400,2280,2280,981,981,55,55,3266,3266,156,156,28,28,2173,2173,237,237,6341,6341,783,783,17031803611,0.6028531983433042,0.056338028169014086,0.12348210061504494,0.10906580763920846,0.4543859649122807,27.91184210526316,0.006144552543053998,0.1804579326826039,1.0,True,0.812280594620378,0.23193791410550493
Census Tract 8036.12; Cook County; Illinois,3379,72603,1419,1356,310,300000,1419,687,42,1724,231,18,1356,152,3379,407,17,031,803612,3379,3379,72603,72603,1419,1419,1356,1356,310,310,300000,300000,1419,1419,687,687,42,42,1724,1724,231,231,18,18,1356,1356,152,152,3379,3379,407,407,17031803612,0.22861356932153393,0.14443155452436196,0.12044983722994969,0.11209439528023599,0.5137420718816068,51.164904862579284,0.016189967763792786,0.39629366311811265,1.0,True,0.6888951199212848,0.29338027312316256
Census Tract 8036.13; Cook County; Illinois,3167,64055,1121,1093,553,184700,1121,230,40,1326,58,0,1093,113,3167,267,17,031,803613,3167,3167,64055,64055,1121,1121,1093,1093,553,553,184700,184700,1121,1121,230,230,40,40,1326,1326,58,58,0,0,1093,1093,113,113,3167,3167,267,267,17031803613,0.505946935041171,0.043740573152337855,0.08430691506157247,0.10338517840805124,0.2408563782337199,57.14094558429973,0.004522126959024865,0.11899583188125229,1.0,True,0.7975050900964907,0.15104671848535986
Census Tract 8036.14; Cook County; Illinois,3965,63448,1616,1579,356,148700,1616,368,17,2080,32,0,1579,54,3965,462,17,031,803614,3965,3965,63448,63448,1616,1616,1579,1579,356,356,148700,148700,1616,1616,368,368,17,17,2080,2080,32,32,0,0,1579,1579,54,54,3965,3965,462,462,17031803614,0.22545915136162129,0.015384615384615385,0.11651954602774275,0.034198860037998734,0.23824257425742573,39.26237623762376,0.0005261363082769036,0.18452860564713847,1.0,True,0.6895974233017507,0.12434703632935025
Census Tract 8036.15; Cook County; Illinois,2460,107941,1147,1138,563,340300,1147,268,30,1327,30,0,1138,30,2460,21,17,031,803615,2460,2460,107941,107941,1147,1147,1138,1138,563,563,340300,340300,1147,1147,268,268,30,30,1327,1327,30,30,0,0,1138,1138,30,30,2460,2460,21,21,17031803615,0.4947275922671353,0.02260738507912585,0.00853658536585366,0.026362038664323375,0.2598081952920663,94.10723626852659,0.000595976759555163,0.13127391238395267,1.0,True,0.8276857237547454,0.0952804071340825
Census Tract 8036.16; Cook County; Illinois,4842,90347,2402,2197,1511,331800,2402,591,98,2278,0,26,2197,89,4770,764,17,031,803616,4842,4842,90347,90347,2402,2402,2197,2197,1511,1511,331800,331800,2402,2402,591,591,98,98,2278,2278,0,0,26,26,2197,2197,89,89,4770,4770,764,764,17031803616,0.6877560309512972,0.01141352063213345,0.16016771488469603,0.04050978607191625,0.2868442964196503,37.61323896752706,0.0004623592791351284,0.08956540161305422,1.0,True,0.8241823083869866,0.1525416824910889
Census Tract 8037.01; Cook County; Illinois,2795,85433,1505,1409,895,330400,1505,170,137,1307,28,8,1409,33,2795,207,17,031,803701,2795,2795,85433,85433,1505,1505,1409,1409,895,895,330400,330400,1505,1505,170,170,137,137,1307,1307,28,28,8,8,1409,1409,33,33,2795,2795,207,207,17031803701,0.6352022711142654,0.02754399387911247,0.0740608228980322,0.0234208658623137,0.20398671096345514,56.76611295681063,0.0006451041859550827,0.07441388888233921,1.0,True,0.8451848311157585,0.1032853132512833
Census Tract 8037.02; Cook County; Illinois,6098,116569,2728,2527,1668,389400,2728,122,173,2382,175,173,2527,67,6038,244,17,031,803702,6098,6098,116569,116569,2728,2728,2527,2527,1668,1668,389400,389400,2728,2728,122,122,173,173,2382,2382,175,175,173,173,2527,2527,67,67,6038,6038,244,244,17031803702,0.6600712307083498,0.14609571788413098,0.04041073203047367,0.026513652552433715,0.10813782991202346,42.730571847507335,0.003873531103378225,0.03675915943586393,1.0,True,0.8685445794384073,0.1267769498910024
Census Tract 8038; Cook County; Illinois,4145,133380,1855,1735,1432,344700,1855,95,104,2043,256,78,1735,51,4145,81,17,031,803800,4145,4145,133380,133380,1855,1855,1735,1735,1432,1432,344700,344700,1855,1855,95,95,104,104,2043,2043,256,256,78,78,1735,1735,51,51,4145,4145,81,81,17031803800,0.8253602305475505,0.16348507097405776,0.0195416164053076,0.029394812680115272,0.10727762803234502,71.90296495956873,0.004805613037277778,0.01873494022697437,1.0,True,0.9329858363346376,0.12933648690568314
Census Tract 8039.01; Cook County; Illinois,3626,66466,2066,1984,1199,222000,2066,605,51,1546,70,0,1984,228,3626,580,17,031,803901,3626,3626,66466,66466,2066,2066,1984,1984,1199,1199,222000,222000,2066,2066,605,605,51,51,1546,1546,70,70,0,0,1984,1984,228,228,3626,3626,580,580,17031803901,0.6043346774193549,0.045278137128072445,0.15995587424158852,0.11491935483870967,0.31752178121974833,32.17134559535334,0.005203334307056712,0.12563235799269276,1.0,True,0.7964580287636602,0.2022921953768709
Census Tract 8039.02; Cook County; Illinois,3409,113023,1293,1206,1080,311200,1293,22,43,1513,76,0,1206,11,3318,115,17,031,803902,3409,3409,113023,113023,1293,1293,1206,1206,1080,1080,311200,311200,1293,1293,22,22,43,43,1513,1513,76,76,0,0,1206,1206,11,11,3318,3318,115,115,17031803902,0.8955223880597015,0.05023132848645076,0.034659433393610606,0.00912106135986733,0.050270688321732405,87.41144624903326,0.0004581630293125691,0.005252161466449652,1.0,True,0.9495995687487663,0.0542049933266558
Census Tract 8040; Cook County; Illinois,4705,87196,1987,1933,1663,285800,1987,107,33,1909,186,46,1933,60,4705,452,17,031,804000,4705,4705,87196,87196,1987,1987,1933,1933,1663,1663,285800,285800,1987,1987,107,107,33,33,1909,1909,186,186,46,46,1933,1933,60,60,4705,4705,452,452,17031804000,0.860320744956027,0.12152959664745941,0.09606801275239107,0.031039834454216243,0.07045797684952189,43.88324106693508,0.0037722585612248133,0.009841517718246717,1.0,True,0.910379525397218,0.1238804514134407
Census Tract 8041.02; Cook County; Illinois,7027,165680,2559,2443,2293,582700,2559,618,19,2219,266,69,2443,0,6900,333,17,031,804102,7027,7027,165680,165680,2559,2559,2443,2443,2293,2293,582700,582700,2559,2559,618,618,19,19,2219,2219,266,266,69,69,2443,2443,0,0,6900,6900,333,333,17031804102,0.9386000818665575,0.1509689049121226,0.04826086956521739,0.0,0.24892536146932395,64.74404064087534,0.0,0.015283996815554066,1.0,True,0.957900045357906,0.16256866830506667
Census Tract 8041.04; Cook County; Illinois,4940,152013,1984,1815,1600,379300,1984,669,43,2149,228,42,1815,39,4940,228,17,031,804104,4940,4940,152013,152013,1984,1984,1815,1815,1600,1600,379300,379300,1984,1984,669,669,43,43,2149,2149,228,228,42,42,1815,1815,39,39,4940,4940,228,228,17031804104,0.8815426997245179,0.12563983248022337,0.046153846153846156,0.021487603305785124,0.3588709677419355,76.6194556451613,0.002699698879740337,0.04251088598595929,1.0,True,0.9398167368973341,0.18649753513640976
Census Tract 8041.05; Cook County; Illinois,4570,153981,1755,1699,1670,432700,1755,458,10,1640,25,77,1699,19,4570,35,17,031,804105,4570,4570,153981,153981,1755,1755,1699,1699,1670,1670,432700,432700,1755,1755,458,458,10,10,1640,1640,25,25,77,77,1699,1699,19,19,4570,4570,35,35,17031804105,0.9829311359623308,0.06219512195121951,0.007658643326039387,0.011183048852266038,0.26666666666666666,87.73846153846154,0.0006955310871531316,0.004551697076711776,1.0,True,0.9908360274523473,0.11219984518742315
Census Tract 8041.06; Cook County; Illinois,7231,150132,2743,2624,2240,436900,2743,676,99,2622,349,54,2624,16,7231,225,17,031,804106,7231,7231,150132,150132,2743,2743,2624,2624,2240,2240,436900,436900,2743,2743,676,676,99,99,2622,2622,349,349,54,54,2624,2624,16,16,7231,7231,225,225,17031804106,0.8536585365853658,0.15369946605644547,0.031116028211865578,0.006097560975609756,0.2825373678454247,54.73277433467007,0.0009371918661978383,0.041346931879818256,1.0,True,0.9372487640997026,0.16953946902736663
Census Tract 8041.08; Cook County; Illinois,4270,88773,2319,2175,254,-666666666,2319,652,155,1818,72,0,2175,195,4270,247,17,031,804108,4270,4270,88773,88773,2319,2319,2175,2175,254,254,-666666666,-666666666,2319,2319,652,652,155,155,1818,1818,72,72,0,0,2175,2175,195,195,4270,4270,247,247,17031804108,0.1167816091954023,0.039603960396039604,0.05784543325526932,0.0896551724137931,0.34799482535575677,38.28072445019405,0.0035506998975759646,0.3073554296590385,1.0,True,0.6796341290420939,0.16547699349388797
Census Tract 8041.09; Cook County; Illinois,3203,146382,1170,1145,974,523400,1170,201,0,1150,82,12,1145,68,3076,123,17,031,804109,3203,3203,146382,146382,1170,1170,1145,1145,974,974,523400,523400,1170,1170,201,201,0,0,1150,1150,82,82,12,12,1145,1145,68,68,3076,3076,123,123,17031804109,0.8506550218340612,0.0817391304347826,0.03998699609882965,0.059388646288209605,0.1717948717948718,125.11282051282052,0.004854376305297133,0.02565670137722539,1.0,True,0.932276983662598,0.12213488311853538
Census Tract 8042.02; Cook County; Illinois,7444,183859,2931,2774,2265,558900,2931,681,188,2727,241,23,2774,154,7416,343,17,031,804202,7444,7444,183859,183859,2931,2931,2774,2774,2265,2265,558900,558900,2931,2931,681,681,188,188,2727,2727,241,241,23,23,2774,2774,154,154,7416,7416,343,343,17031804202,0.8165104542177362,0.0968096809680968,0.04625134843581446,0.0555155010814708,0.2964858410098942,62.72910269532583,0.005374437948481221,0.05440205229777798,1.0,True,0.9181116177385947,0.1654145582840226
Census Tract 8042.03; Cook County; Illinois,3598,246477,1128,1111,1101,934000,1128,358,48,1352,86,55,1111,0,3598,44,17,031,804203,3598,3598,246477,246477,1128,1128,1111,1111,1101,1101,934000,934000,1128,1128,358,358,48,48,1352,1352,86,86,55,55,1111,1111,0,0,3598,3598,44,44,17031804203,0.990999099909991,0.10428994082840237,0.012229016120066704,0.0,0.3599290780141844,218.50797872340425,0.0,0.003239685670694721,1.0,True,0.991526864957092,0.15758641175340535
Census Tract 8042.04; Cook County; Illinois,5191,157750,1913,1857,1568,701400,1913,66,295,1363,158,21,1857,30,5044,457,17,031,804204,5191,5191,157750,157750,1913,1913,1857,1857,1568,1568,701400,701400,1913,1913,66,66,295,295,1363,1363,158,158,21,21,1857,1857,30,30,5044,5044,457,457,17031804204,0.8443726440495423,0.13132795304475423,0.09060269627279936,0.01615508885298869,0.18870883429168844,82.46210141139571,0.0021216147503191314,0.02936825692530854,1.0,True,0.9075438540489668,0.1551890527989026
Census Tract 8043.05; Cook County; Illinois,8126,79464,2765,2707,2498,241900,2765,914,85,3889,378,78,2707,393,8126,1526,17,031,804305,8126,8126,79464,79464,2765,2765,2707,2707,2498,2498,241900,241900,2765,2765,914,914,85,85,3889,3889,378,378,78,78,2707,2707,393,393,8126,8126,1526,1526,17031804305,0.9227927595123753,0.1172537927487786,0.18779227172040364,0.14517916512744736,0.36130198915009043,28.739240506329114,0.017022807739294418,0.027895129564968212,1.0,True,0.8901636433786995,0.2703111834914361
Census Tract 8043.06; Cook County; Illinois,5889,105236,1867,1832,1588,260100,1867,107,29,2876,228,105,1832,2,5889,285,17,031,804306,5889,5889,105236,105236,1867,1867,1832,1832,1588,1588,260100,260100,1867,1867,107,107,29,29,2876,2876,228,228,105,105,1832,1832,2,2,5889,5889,285,285,17031804306,0.8668122270742358,0.11578581363004173,0.048395313295975545,0.001091703056768559,0.07284413497589716,56.3663631494376,0.00012640372667035123,0.00970194810814351,1.0,True,0.9338804016993727,0.09596044594885901
Census Tract 8043.08; Cook County; Illinois,4918,84244,1980,1906,1366,272900,1980,407,0,1850,49,57,1906,101,4918,484,17,031,804308,4918,4918,84244,84244,1980,1980,1906,1906,1366,1366,272900,272900,1980,1980,407,407,0,0,1850,1850,49,49,57,57,1906,1906,101,101,4918,4918,484,484,17031804308,0.7166841552990556,0.057297297297297295,0.09841398942659618,0.05299055613850997,0.20555555555555555,42.547474747474745,0.003036215649017328,0.05823714585519412,1.0,True,0.8614496328594304,0.13661064835937126
Census Tract 8043.09; Cook County; Illinois,2978,91595,973,967,760,263100,973,157,26,1410,89,11,967,51,2896,185,17,031,804309,2978,2978,91595,91595,973,973,967,967,760,760,263100,263100,973,973,157,157,26,26,1410,1410,89,89,11,11,967,967,51,51,2896,2896,185,185,17031804309,0.7859358841778697,0.07092198581560284,0.06388121546961326,0.052740434332988625,0.1880781089414183,94.13669064748201,0.0037404563356729526,0.040260774096043,1.0,True,0.8999866484028128,0.12702548936225852
Census Tract 8043.12; Cook County; Illinois,1661,183000,552,552,514,544300,552,19,0,578,71,19,552,9,1661,48,17,031,804312,1661,1661,183000,183000,552,552,552,552,514,514,544300,544300,552,552,19,19,0,0,578,578,71,71,19,19,552,552,9,9,1661,1661,48,48,17031804312,0.9311594202898551,0.15570934256055363,0.028898254063816978,0.016304347826086956,0.034420289855072464,331.5217391304348,0.0025387392808785916,0.0023695127074144077,1.0,True,0.9640910178749857,0.10398980420175497
Census Tract 8043.13; Cook County; Illinois,6563,130869,2200,2129,1668,332800,2200,79,31,2570,347,139,2129,20,6503,723,17,031,804313,6563,6563,130869,130869,2200,2200,2129,2129,1668,1668,332800,332800,2200,2200,79,79,31,31,2570,2570,347,347,139,139,2129,2129,20,20,6503,6503,723,723,17031804313,0.7834664161578205,0.18910505836575875,0.11117945563586037,0.009394081728511038,0.05,59.48590909090909,0.0017764683735627877,0.010826679192108973,1.0,True,0.8780226170498596,0.15074930219682062
Census Tract 8043.14; Cook County; Illinois,1322,101635,636,611,562,315200,636,360,10,665,107,4,611,36,1322,64,17,031,804314,1322,1322,101635,101635,636,636,611,611,562,562,315200,315200,636,636,360,360,10,10,665,665,107,107,4,4,611,611,36,36,1322,1322,64,64,17031804314,0.9198036006546645,0.16691729323308271,0.048411497730711045,0.058919803600654665,0.5817610062893082,159.80345911949686,0.009834734134846118,0.0466551379839216,1.0,True,0.9515351524006747,0.28248207206096204
Census Tract 8043.15; Cook County; Illinois,2683,101806,891,891,804,304000,891,269,0,1163,92,46,891,33,2683,162,17,031,804315,2683,2683,101806,101806,891,891,891,891,804,804,304000,304000,891,891,269,269,0,0,1163,1163,92,92,46,46,891,891,33,33,2683,2683,162,162,17031804315,0.9023569023569024,0.11865864144453998,0.06038017144986955,0.037037037037037035,0.30190796857463525,114.26038159371492,0.004394764497945925,0.029479229254762363,1.0,True,0.9403650712808606,0.17685443581687393
Census Tract 8043.16; Cook County; Illinois,4486,116835,1678,1561,1511,350100,1678,138,7,1948,167,40,1561,29,4486,162,17,031,804316,4486,4486,116835,116835,1678,1678,1561,1561,1511,1511,350100,350100,1678,1678,138,138,7,7,1948,1948,167,167,40,40,1561,1561,29,29,4486,4486,162,162,17031804316,0.9679692504804612,0.10626283367556469,0.03611234953187695,0.018577834721332478,0.0864123957091776,69.62753277711562,0.001974133361045084,0.002767853802343934,1.0,True,0.973100415846832,0.09639938324745594
Census Tract 8044.03; Cook County; Illinois,7194,87445,2853,2792,1849,275100,2853,628,0,3009,193,79,2792,100,7149,551,17,031,804403,7194,7194,87445,87445,2853,2853,2792,2792,1849,1849,275100,275100,2853,2853,628,628,0,0,3009,3009,193,193,79,79,2792,2792,100,100,7149,7149,551,551,17031804403,0.6622492836676218,0.0903954802259887,0.0770737166037208,0.03581661891117478,0.22011917280056081,30.650192779530318,0.003237660466546873,0.07434540829187995,1.0,True,0.852853585298054,0.1448562878469591
Census Tract 8044.04; Cook County; Illinois,5399,86546,1684,1684,1482,275600,1684,158,83,2013,176,110,1684,43,5334,394,17,031,804404,5399,5399,86546,86546,1684,1684,1684,1684,1482,1482,275600,275600,1684,1684,158,158,83,83,2013,2013,176,176,110,110,1684,1684,43,43,5334,5334,394,394,17031804404,0.8800475059382423,0.14207650273224043,0.0738657667791526,0.02553444180522565,0.14311163895486936,51.39311163895487,0.0036278441909063765,0.017166598021902377,1.0,True,0.9268877307885313,0.1453792343386514
Census Tract 8044.05; Cook County; Illinois,3643,76906,1098,1078,343,281300,1098,76,57,1638,78,40,1078,101,3589,475,17,031,804405,3643,3643,76906,76906,1098,1098,1078,1078,343,343,281300,281300,1098,1098,76,76,57,57,1638,1638,78,78,40,40,1078,1078,101,101,3589,3589,475,475,17031804405,0.3181818181818182,0.07203907203907203,0.13234884368904987,0.09369202226345083,0.12112932604735883,70.04189435336977,0.006749486341323075,0.08258817685047194,1.0,True,0.7134299211400381,0.1451244981622396
Census Tract 8044.06; Cook County; Illinois,5465,75305,2016,1857,1656,223200,2016,413,80,2455,112,22,1857,54,5402,836,17,031,804406,5465,5465,75305,75305,2016,2016,1857,1857,1656,1656,223200,223200,2016,2016,413,413,80,80,2455,2455,112,112,22,22,1857,1857,54,54,5402,5402,836,836,17031804406,0.8917609046849758,0.054582484725050916,0.15475749722325063,0.029079159935379646,0.24454365079365079,37.35367063492063,0.0015872128029901721,0.026469183526937955,1.0,True,0.894596862931814,0.15728123527949223
Census Tract 8045.05; Cook County; Illinois,3677,94669,1591,1471,1004,232700,1591,313,137,1824,0,29,1471,54,3677,417,17,031,804505,3677,3677,94669,94669,1591,1591,1471,1471,1004,1004,232700,232700,1591,1591,313,313,137,137,1824,1824,0,0,29,29,1471,1471,54,54,3677,3677,417,417,17031804505,0.6825288919102651,0.015899122807017545,0.11340766929562143,0.036709721278042146,0.28284098051539913,59.502828409805154,0.0005836523668109771,0.08979383949741088,1.0,True,0.8433618139078055,0.13679975291723628
Census Tract 8045.06; Cook County; Illinois,5352,128170,2034,1949,1617,360400,2034,550,115,2213,282,94,1949,89,5216,354,17,031,804506,5352,5352,128170,128170,2034,2034,1949,1949,1617,1617,360400,360400,2034,2034,550,550,115,115,2213,2213,282,282,94,94,1949,1949,89,89,5216,5216,354,354,17031804506,0.8296562339661365,0.16990510619069138,0.0678680981595092,0.045664443304258596,0.32694198623402165,63.01376597836775,0.007758622088748863,0.0556925292096948,1.0,True,0.9127947089981814,0.2152704316050409
Census Tract 8045.08; Cook County; Illinois,2285,53929,928,876,491,223500,928,145,36,1020,44,17,876,81,2285,569,17,031,804508,2285,2285,53929,53929,928,928,876,876,491,491,223500,223500,928,928,145,145,36,36,1020,1020,44,44,17,17,876,876,81,81,2285,2285,569,569,17031804508,0.5605022831050228,0.059803921568627454,0.24901531728665208,0.09246575342465753,0.19504310344827586,58.113146551724135,0.0055298146655922645,0.08572099866162809,1.0,True,0.7419971398356086,0.19822404416169428
Census Tract 8045.09; Cook County; Illinois,6609,86881,1597,1597,1090,257800,1597,66,46,2799,513,0,1597,181,6451,895,17,031,804509,6609,6609,86881,86881,1597,1597,1597,1597,1090,1090,257800,257800,1597,1597,66,66,46,46,2799,2799,513,513,0,0,1597,1597,181,181,6451,6451,895,895,17031804509,0.6825297432686287,0.1832797427652733,0.1387381801271121,0.11333750782717596,0.07013149655604257,54.40262993112085,0.02077246928022196,0.022264664216602118,1.0,True,0.8320257243077891,0.19615382505942658
Census Tract 8045.10; Cook County; Illinois,4587,75515,1403,1311,848,267300,1403,281,10,2142,114,0,1311,189,4578,504,17,031,804510,4587,4587,75515,75515,1403,1403,1311,1311,848,848,267300,267300,1403,1403,281,281,10,10,2142,2142,114,114,0,0,1311,1311,189,189,4578,4578,504,504,17031804510,0.6468344774980931,0.05322128851540616,0.11009174311926606,0.14416475972540047,0.2074126870990734,53.823948681397006,0.0076726342710997444,0.07325101001286878,1.0,True,0.832937596717501,0.16836997566384632
Census Tract 8045.11; Cook County; Illinois,2189,86964,717,670,276,284200,717,88,20,1058,100,41,670,32,2189,284,17,031,804511,2189,2189,86964,86964,717,717,670,670,276,276,284200,284200,717,717,88,88,20,20,1058,1058,100,100,41,41,670,670,32,32,2189,2189,284,284,17031804511,0.41194029850746267,0.1332703213610586,0.1297396071265418,0.04776119402985075,0.1506276150627615,121.2887029288703,0.006365149676946082,0.08857803035034034,1.0,True,0.7458551073260477,0.16889585690001166
Census Tract 8045.12; Cook County; Illinois,3739,156106,1393,1359,1291,331400,1393,117,27,1829,116,80,1359,37,3739,157,17,031,804512,3739,3739,156106,156106,1393,1393,1359,1359,1291,1291,331400,331400,1393,1393,117,117,27,27,1829,1829,116,116,80,80,1359,1359,37,37,3739,3739,157,157,17031804512,0.9499632082413539,0.10716238381629306,0.041989836854774004,0.027225901398086828,0.10337401292175162,112.06460875807609,0.0029175924953663305,0.005172503957821273,1.0,True,0.9644885325011853,0.10634475568953777
Census Tract 8045.13; Cook County; Illinois,3747,123385,1493,1448,1342,362100,1493,127,0,1570,133,25,1448,22,3747,329,17,031,804513,3747,3747,123385,123385,1493,1493,1448,1448,1342,1342,362100,362100,1493,1493,127,127,0,0,1570,1570,133,133,25,25,1448,1448,22,22,3747,3747,329,329,17031804513,0.9267955801104972,0.10063694267515924,0.08780357619428876,0.015193370165745856,0.08506363027461487,82.642330877428,0.0015290143224126404,0.0062270337079483274,1.0,True,0.9362532732700557,0.10940610558315726
Census Tract 8045.14; Cook County; Illinois,5353,115995,1709,1683,1441,384400,1709,166,52,1993,162,212,1683,155,5353,236,17,031,804514,5353,5353,115995,115995,1709,1709,1683,1683,1441,1441,384400,384400,1709,1709,166,166,52,52,1993,1993,162,162,212,212,1683,1683,155,155,5353,5353,236,236,17031804514,0.8562091503267973,0.18765679879578526,0.0440874276106856,0.09209744503862151,0.12755997659449972,67.87302516091282,0.017282711713218487,0.01834195741881696,1.0,True,0.9322787020474351,0.17577722692816147
Census Tract 8046.03; Cook County; Illinois,6258,102414,2924,2836,782,232600,2924,586,34,2904,101,0,2836,103,6204,346,17,031,804603,6258,6258,102414,102414,2924,2924,2836,2836,782,782,232600,232600,2924,2924,586,586,34,34,2904,2904,101,101,0,0,2836,2836,103,103,6204,6204,346,346,17031804603,0.2757404795486601,0.03477961432506887,0.05577047066408768,0.03631875881523272,0.21203830369357046,35.02530779753762,0.0012631524243589892,0.15357076015042093,1.0,True,0.7335555434439076,0.10724255785460705
Census Tract 8046.06; Cook County; Illinois,7047,128958,2524,2443,2193,418800,2524,1340,56,2623,123,0,2443,208,6862,348,17,031,804606,7047,7047,128958,128958,2524,2524,2443,2443,2193,2193,418800,418800,2524,2524,1340,1340,56,56,2623,2623,123,123,0,0,2443,2443,208,208,6862,6862,348,348,17031804606,0.8976668031109292,0.04689287075867327,0.05071407752841737,0.08514121981170691,0.5530903328050714,51.09270998415214,0.0039925162168661646,0.05659950192438308,1.0,True,0.9431397374877583,0.22248468583331477
Census Tract 8046.07; Cook County; Illinois,6774,118025,2576,2444,1832,412700,2576,624,109,2410,86,99,2444,284,6765,216,17,031,804607,6774,6774,118025,118025,2576,2576,2444,2444,1832,1832,412700,412700,2576,2576,624,624,109,109,2410,2410,86,86,99,99,2444,2444,284,284,6765,6765,216,216,17031804607,0.7495908346972177,0.07676348547717843,0.031929046563192905,0.11620294599018004,0.2845496894409938,45.817158385093165,0.008920143156922534,0.0712538502200852,1.0,True,0.9021797507523912,0.1666270459842077
Census Tract 8046.08; Cook County; Illinois,3756,118281,1591,1561,1115,308700,1591,420,5,1378,119,12,1561,30,3756,184,17,031,804608,3756,3756,118281,118281,1591,1591,1561,1561,1115,1115,308700,308700,1591,1591,420,420,5,5,1378,1378,119,119,12,12,1561,1561,30,30,3756,3756,184,184,17031804608,0.7142857142857143,0.09506531204644413,0.04898828541001065,0.019218449711723255,0.26712759270898806,74.34380892520427,0.0018270079188938654,0.07632216934542516,1.0,True,0.8827794642236703,0.14555837367154492
Census Tract 8046.09; Cook County; Illinois,5697,110392,2599,2465,1708,420300,2599,742,50,2110,206,50,2465,27,5697,269,17,031,804609,5697,5697,110392,110392,2599,2599,2465,2465,1708,1708,420300,420300,2599,2599,742,742,50,50,2110,2110,206,206,50,50,2465,2465,27,27,5697,5697,269,269,17031804609,0.6929006085192698,0.12132701421800948,0.047217833947691766,0.010953346855983773,0.30473258945748366,42.474797999230475,0.0013289368697307327,0.0935831927867404,1.0,True,0.876439225360017,0.1661744568325573
Census Tract 8046.10; Cook County; Illinois,2771,71750,1308,1274,938,233800,1308,518,12,1272,156,19,1274,46,2771,249,17,031,804610,2771,2771,71750,71750,1308,1308,1274,1274,938,938,233800,233800,1308,1308,518,518,12,12,1272,1272,156,156,19,19,1274,1274,46,46,2771,2771,249,249,17031804610,0.7362637362637363,0.13757861635220126,0.08985925658607001,0.03610675039246468,0.40519877675840976,54.85474006116208,0.00496751675996959,0.10686561145276739,1.0,True,0.8717971710509843,0.22487481658200906
Census Tract 8046.11; Cook County; Illinois,4201,79202,2017,1871,1468,283900,2017,710,22,2004,75,0,1871,45,4193,334,17,031,804611,4201,4201,79202,79202,2017,2017,1871,1871,1468,1468,283900,283900,2017,2017,710,710,22,22,2004,2004,75,75,0,0,1871,1871,45,45,4193,4193,334,334,17031804611,0.7846071619454837,0.0374251497005988,0.07965657047460052,0.024051309460181722,0.3629152206246901,39.26722855726326,0.0009001238570427291,0.07816933934353291,1.0,True,0.8924798956833749,0.1546834920222563
Census Tract 8047.01; Cook County; Illinois,6360,72232,2564,2395,1211,208700,2564,294,17,2836,116,0,2395,307,6163,558,17,031,804701,6360,6360,72232,72232,2564,2564,2395,2395,1211,1211,208700,208700,2564,2564,294,294,17,17,2836,2836,116,116,0,0,2395,2395,307,307,6163,6163,558,558,17031804701,0.5056367432150313,0.04090267983074753,0.09054032127210775,0.12818371607515658,0.12129485179407176,28.171606864274573,0.005243057498137575,0.059963717964167426,1.0,True,0.7946170497484596,0.12637923023672626
Census Tract 8047.05; Cook County; Illinois,4316,80702,1766,1718,1236,177400,1766,346,13,1787,102,92,1718,13,4242,108,17,031,804705,4316,4316,80702,80702,1766,1766,1718,1718,1236,1236,177400,177400,1766,1766,346,346,13,13,1787,1787,102,102,92,92,1718,1718,13,13,4242,4242,108,108,17031804705,0.719441210710128,0.1085618354784555,0.02545968882602546,0.007566938300349243,0.20328425821064552,45.69762174405436,0.0008214807108381383,0.05703318536526843,1.0,True,0.8950055127085047,0.12300623145032381
Census Tract 8047.06; Cook County; Illinois,2206,125956,721,713,676,379500,721,23,17,775,26,53,713,38,2206,86,17,031,804706,2206,2206,125956,125956,721,721,713,713,676,676,379500,379500,721,721,23,23,17,17,775,775,26,26,53,53,713,713,38,38,2206,2206,86,86,17031804706,0.9481065918653576,0.10193548387096774,0.038984587488667274,0.05329593267882188,0.05547850208044383,174.69625520110958,0.00543274668597023,0.0028789685511590784,1.0,True,0.9651990933586571,0.0977338233144519
Census Tract 8047.09; Cook County; Illinois,7952,100710,3274,3066,1500,334300,3274,293,16,3390,282,67,3066,546,7782,943,17,031,804709,7952,7952,100710,100710,3274,3274,3066,3066,1500,1500,334300,334300,3274,3274,293,293,16,16,3390,3390,282,282,67,67,3066,3066,546,546,7782,7782,943,943,17031804709,0.4892367906066536,0.10294985250737464,0.12117707530197892,0.1780821917808219,0.09437996334758705,30.760537568723276,0.01833353537802562,0.048205812981839964,1.0,True,0.7754582201230829,0.17691064817656846
Census Tract 8047.10; Cook County; Illinois,3742,109375,1568,1430,1254,322800,1568,64,12,1667,132,75,1430,93,3742,109,17,031,804710,3742,3742,109375,109375,1568,1568,1430,1430,1254,1254,322800,322800,1568,1568,64,64,12,12,1667,1667,132,132,75,75,1430,1430,93,93,3742,3742,109,109,17031804710,0.8769230769230769,0.1241751649670066,0.029128808123997863,0.06503496503496503,0.04846938775510204,69.75446428571429,0.008075727511840288,0.005965463108320251,1.0,True,0.945872291712718,0.10760710300530146
Census Tract 8047.11; Cook County; Illinois,7595,85376,2853,2605,1734,282200,2853,662,0,2926,216,218,2605,78,7595,464,17,031,804711,7595,7595,85376,85376,2853,2853,2605,2605,1734,1734,282200,282200,2853,2853,662,662,0,0,2926,2926,216,216,218,218,2605,2605,78,78,7595,7595,464,464,17031804711,0.6656429942418426,0.14832535885167464,0.06109282422646478,0.029942418426103647,0.23203645285664212,29.924991237294076,0.004441219957938818,0.07758301360389071,1.0,True,0.8611333934336217,0.17047672799784477
Census Tract 8047.12; Cook County; Illinois,5441,103750,1991,1877,1333,406600,1991,563,13,1950,92,202,1877,29,5408,225,17,031,804712,5441,5441,103750,103750,1991,1991,1877,1877,1333,1333,406600,406600,1991,1991,563,563,13,13,1950,1950,92,92,202,202,1877,1877,29,29,5408,5408,225,225,17031804712,0.7101758124667021,0.15076923076923077,0.041605029585798814,0.015450186467767715,0.28930185836263184,52.109492717227525,0.002329412728986517,0.08384667605182299,1.0,True,0.8847053892414122,0.17646455748833373
Census Tract 8047.13; Cook County; Illinois,4508,75625,2396,2151,745,309100,2396,198,32,2199,282,47,2151,36,4508,278,17,031,804713,4508,4508,75625,75625,2396,2396,2151,2151,745,745,309100,309100,2396,2396,198,198,32,32,2199,2199,282,282,47,47,2151,2151,36,36,4508,4508,278,278,17031804713,0.34635053463505344,0.14961346066393816,0.0616681455190772,0.016736401673640166,0.09599332220367279,31.563021702838064,0.0025039909734550316,0.06274598373703577,1.0,True,0.7544403099971037,0.12916801076012943
Census Tract 8047.14; Cook County; Illinois,3427,102210,1394,1361,1092,335600,1394,331,10,1637,26,60,1361,99,3427,104,17,031,804714,3427,3427,102210,102210,1394,1394,1361,1361,1092,1092,335600,335600,1394,1394,331,331,10,10,1637,1637,26,26,60,60,1361,1361,99,99,3427,3427,104,104,17031804714,0.8023512123438648,0.05253512522907758,0.03034724248613948,0.07274063188831742,0.24461979913916787,73.32137733142038,0.0038214382054949894,0.04834880673654385,1.0,True,0.9204663135741048,0.12859405141713376
Census Tract 8047.15; Cook County; Illinois,4027,73864,1229,1196,725,212500,1229,66,88,1847,27,0,1196,114,3968,807,17,031,804715,4027,4027,73864,73864,1229,1229,1196,1196,725,725,212500,212500,1229,1229,66,66,88,88,1847,1847,27,27,0,0,1196,1196,114,114,3968,3968,807,807,17031804715,0.6061872909698997,0.014618299945858148,0.20337701612903225,0.09531772575250837,0.12530512611879577,60.100895036615135,0.001393383105207215,0.049346751172201345,1.0,True,0.7776533133643602,0.14134752479339674
Census Tract 8047.16; Cook County; Illinois,4511,106713,1615,1541,1250,367800,1615,626,0,1962,143,59,1541,92,4511,183,17,031,804716,4511,4511,106713,106713,1615,1615,1541,1541,1250,1250,367800,367800,1615,1615,626,626,0,0,1962,1962,143,143,59,59,1541,1541,92,92,4511,4511,183,183,17031804716,0.8111615833874107,0.10295616717635066,0.04056750166260253,0.05970149253731343,0.3876160990712074,66.07616099071207,0.006146636846349293,0.07319681040215534,1.0,True,0.9188329678571634,0.19338130779864707
Census Tract 8048.03; Cook County; Illinois,5142,104844,1944,1846,1310,376400,1944,545,30,2141,78,107,1846,100,5142,542,17,031,804803,5142,5142,104844,104844,1944,1944,1846,1846,1310,1310,376400,376400,1944,1944,545,545,30,30,2141,2141,78,78,107,107,1846,1846,100,100,5142,5142,542,542,17031804803,0.7096424702058505,0.08640822045773003,0.10540645663166083,0.05417118093174431,0.2957818930041152,53.9320987654321,0.004680835344405744,0.08588249981051234,1.0,True,0.855984378382844,0.1793266817265608
Census Tract 8048.04; Cook County; Illinois,6099,83083,2695,2575,1766,276700,2695,357,0,2735,218,42,2575,218,6092,531,17,031,804804,6099,6099,83083,83083,2695,2695,2575,2575,1766,1766,276700,276700,2695,2695,357,357,0,0,2735,2735,218,218,42,42,2575,2575,218,218,6092,6092,531,531,17031804804,0.6858252427184466,0.09506398537477148,0.0871634931057124,0.08466019417475729,0.13246753246753246,30.82857142857143,0.008048135460854441,0.04161795486067331,1.0,True,0.8561960473529049,0.14195683665588393
Census Tract 8048.05; Cook County; Illinois,7198,112460,2576,2526,2202,337800,2576,593,32,3067,344,116,2526,53,7137,414,17,031,804805,7198,7198,112460,112460,2576,2576,2526,2526,2202,2202,337800,337800,2576,2576,593,593,32,32,3067,3067,344,344,116,116,2526,2526,53,53,7137,7137,414,414,17031804805,0.8717339667458432,0.149983697424193,0.058007566204287514,0.02098178939034046,0.24262422360248448,43.65683229813665,0.0031469263513389666,0.031120446732860237,1.0,True,0.9312242181655496,0.1703474949839423
Census Tract 8048.06; Cook County; Illinois,3284,93533,1061,1061,854,281900,1061,201,25,1415,77,66,1061,47,3261,579,17,031,804806,3284,3284,93533,93533,1061,1061,1061,1061,854,854,281900,281900,1061,1061,201,201,25,25,1415,1415,77,77,66,66,1061,1061,47,47,3261,3261,579,579,17031804806,0.8049010367577757,0.1010600706713781,0.17755289788408463,0.04429783223374175,0.21300659754948162,88.1555136663525,0.0044767420561307916,0.041557366345657584,1.0,True,0.8554543726490884,0.18476588345764985
Census Tract 8048.07; Cook County; Illinois,5470,107517,1952,1889,1549,321200,1952,182,7,2063,128,21,1889,97,5184,129,17,031,804807,5470,5470,107517,107517,1952,1952,1889,1889,1549,1549,321200,321200,1952,1952,182,182,7,7,2063,2063,128,128,21,21,1889,1889,97,97,5184,5184,129,129,17031804807,0.8200105876124933,0.07222491517207949,0.02488425925925926,0.0513499205929063,0.09682377049180328,55.080430327868854,0.0037087436589156755,0.017427253555962478,1.0,True,0.9287994791521007,0.08873442036276705
Census Tract 8048.08; Cook County; Illinois,2669,147500,912,912,844,368900,912,21,2,1082,137,6,912,0,2665,187,17,031,804808,2669,2669,147500,147500,912,912,912,912,844,844,368900,368900,912,912,21,21,2,2,1082,1082,137,137,6,6,912,912,0,0,2665,2665,187,187,17031804808,0.9254385964912281,0.1321626617375231,0.0701688555347092,0.0,0.025219298245614034,161.73245614035088,0.0,0.0018803862726992921,1.0,True,0.9437025010967935,0.09800229891765183
Census Tract 8048.09; Cook County; Illinois,4629,118194,1611,1611,1498,376300,1611,323,0,1739,131,0,1611,0,4629,256,17,031,804809,4629,4629,118194,118194,1611,1611,1611,1611,1498,1498,376300,376300,1611,1611,323,323,0,0,1739,1739,131,131,0,0,1611,1611,0,0,4629,4629,256,256,17031804809,0.9298572315332092,0.07533064979873491,0.05530352127889393,0.0,0.20049658597144632,73.36685288640597,0.0,0.014063385608177175,1.0,True,0.9518112537855448,0.11284782533808915
Census Tract 8048.10; Cook County; Illinois,6681,97788,2905,2784,1955,346600,2905,362,0,3068,238,106,2784,128,6514,292,17,031,804810,6681,6681,97788,97788,2905,2905,2784,2784,1955,1955,346600,346600,2905,2905,362,362,0,0,3068,3068,238,238,106,106,2784,2784,128,128,6514,6514,292,292,17031804810,0.7022270114942529,0.1121251629726206,0.04482652747927541,0.04597701149425287,0.12461273666092944,33.66196213425129,0.005155179906787153,0.03710630700140463,1.0,True,0.8806115604386845,0.12179270883824268
Census Tract 8049.01; Cook County; Illinois,6314,115909,2678,2664,2220,408200,2678,85,213,2202,142,11,2664,205,6303,336,17,031,804901,6314,6314,115909,115909,2678,2678,2664,2664,2220,2220,408200,408200,2678,2678,85,85,213,213,2202,2202,142,142,11,11,2664,2664,205,205,6303,6303,336,336,17031804901,0.8333333333333334,0.06948228882833787,0.053307948595906714,0.07695195195195195,0.11127707244212098,43.281926811053026,0.005346797751429904,0.018546178740353494,1.0,True,0.9205282674977805,0.10915538721818543
Census Tract 8049.02; Cook County; Illinois,5949,131714,2310,2129,2021,412000,2310,35,43,2180,36,26,2129,53,5949,63,17,031,804902,5949,5949,131714,131714,2310,2310,2129,2129,2021,2021,412000,412000,2310,2310,35,35,43,43,2180,2180,36,36,26,26,2129,2129,53,53,5949,5949,63,63,17031804902,0.9492719586660404,0.028440366972477066,0.01059001512859304,0.02489431658055425,0.033766233766233764,57.01904761904762,0.0007080034990799833,0.0017128949021856482,1.0,True,0.9782937217139853,0.03549942580802565
Census Tract 8050.01; Cook County; Illinois,4807,142609,1916,1838,1751,453500,1916,54,133,1760,99,38,1838,36,4807,102,17,031,805001,4807,4807,142609,142609,1916,1916,1838,1838,1751,1751,453500,453500,1916,1916,54,54,133,133,1760,1760,99,99,38,38,1838,1838,36,36,4807,4807,102,102,17031805001,0.9526659412404788,0.07784090909090909,0.021219055543998337,0.01958650707290533,0.0975991649269311,74.43058455114823,0.0015246315164704717,0.004619764607531561,1.0,True,0.974675225538595,0.08034245518975326
Census Tract 8050.02; Cook County; Illinois,7452,75246,3030,2931,1345,317300,3030,366,14,3279,211,29,2931,323,7346,602,17,031,805002,7452,7452,75246,75246,3030,3030,2931,2931,1345,1345,317300,317300,3030,3030,366,366,14,14,3279,3279,211,211,29,29,2931,2931,323,323,7346,7346,602,602,17031805002,0.4588877516206073,0.07319304666056725,0.08194936019602504,0.11020129648584101,0.1254125412541254,24.833663366336634,0.008065968635743166,0.06786226217299313,1.0,True,0.7828790228022117,0.13531973904529335
Census Tract 8051.05; Cook County; Illinois,7216,84474,3289,3088,1799,245200,3289,454,7,3756,90,109,3088,251,7216,662,17,031,805105,7216,7216,84474,84474,3289,3289,3088,3088,1799,1799,245200,245200,3289,3289,454,454,7,7,3756,3756,90,90,109,109,3088,3088,251,251,7216,7216,662,662,17031805105,0.5825777202072538,0.05298189563365282,0.09174057649667405,0.08128238341968912,0.1401641836424445,25.68379446640316,0.004306494755196521,0.05850765308131833,1.0,True,0.8197331850626767,0.1230763397503864
Census Tract 8051.06; Cook County; Illinois,3047,89009,1307,1307,1139,248700,1307,131,11,1223,112,13,1307,81,2981,95,17,031,805106,3047,3047,89009,89009,1307,1307,1307,1307,1139,1139,248700,248700,1307,1307,131,131,11,11,1223,1223,112,112,13,13,1307,1307,81,81,2981,2981,95,95,17031805106,0.8714613618974751,0.10220768601798855,0.03186850050318685,0.06197398622800306,0.10864575363427698,68.1017597551645,0.0063342177256748835,0.013965177207772404,1.0,True,0.9428158446333804,0.11309542098855312
Census Tract 8051.07; Cook County; Illinois,6006,76313,3175,3047,659,211900,3175,666,80,3116,43,10,3047,193,6006,857,17,031,805107,6006,6006,76313,76313,3175,3175,3047,3047,659,659,211900,211900,3175,3175,666,666,80,80,3116,3116,43,43,10,10,3047,3047,193,193,6006,6006,857,857,17031805107,0.21627830653101413,0.01700898587933248,0.1426906426906427,0.06334099113882508,0.23496062992125985,24.0355905511811,0.0010773660238631994,0.18414374278042944,1.0,True,0.6748350257655368,0.1424411296818893
Census Tract 8051.08; Cook County; Illinois,6270,79481,2719,2496,960,324000,2719,342,7,2857,172,0,2496,91,6270,767,17,031,805108,6270,6270,79481,79481,2719,2719,2496,2496,960,960,324000,324000,2719,2719,342,342,7,7,2857,2857,172,172,0,0,2496,2496,91,91,6270,6270,767,767,17031805108,0.38461538461538464,0.060203010150507524,0.12232854864433812,0.036458333333333336,0.12835601324016183,29.231702831923503,0.0021949014117372536,0.07898831584009959,1.0,True,0.7400586561465469,0.11927896014021541
Census Tract 8051.09; Cook County; Illinois,4588,101585,1820,1738,1491,423500,1820,188,201,1397,72,30,1738,112,4563,191,17,031,805109,4588,4588,101585,101585,1820,1820,1738,1738,1491,1491,423500,423500,1820,1820,188,188,201,201,1397,1397,72,72,30,30,1738,1738,112,112,4563,4563,191,191,17031805109,0.8578826237054085,0.07301360057265568,0.04185842647381109,0.06444188722669736,0.21373626373626373,55.815934065934066,0.004705134214118203,0.03037563702120665,1.0,True,0.9338265450241504,0.13162492381292715
Census Tract 8051.10; Cook County; Illinois,4280,107253,2103,1969,1257,322000,2103,198,13,1656,81,0,1969,84,4193,309,17,031,805110,4280,4280,107253,107253,2103,2103,1969,1969,1257,1257,322000,322000,2103,2103,198,198,13,13,1656,1656,81,81,0,0,1969,1969,84,84,4193,4193,309,309,17031805110,0.638395124428644,0.04891304347826087,0.07369425232530408,0.04266124936515998,0.10033285782215882,51.0,0.002086691545034999,0.0362808505685003,1.0,True,0.8464240194988543,0.09139338341069732
Census Tract 8051.11; Cook County; Illinois,7966,55449,3265,3092,863,329900,3265,321,121,3544,195,0,3092,386,7657,693,17,031,805111,7966,7966,55449,55449,3265,3265,3092,3092,863,863,329900,329900,3265,3265,321,321,121,121,3544,3544,195,195,0,0,3092,3092,386,386,7657,7657,693,693,17031805111,0.27910737386804657,0.05502257336343115,0.09050541987723651,0.12483829236739974,0.13537519142419602,16.982848392036754,0.006868924100350719,0.09759097725890457,1.0,True,0.7191144859588893,0.13641552299093035
Census Tract 8051.12; Cook County; Illinois,3223,104188,1360,1109,920,354300,1360,37,19,1531,28,35,1109,106,3223,171,17,031,805112,3223,3223,104188,104188,1360,1360,1109,1109,920,920,354300,354300,1360,1360,37,37,19,19,1531,1531,28,28,35,35,1109,1109,106,106,3223,3223,171,171,17031805112,0.8295761947700632,0.041149575440888306,0.05305615885820664,0.09558160504959423,0.041176470588235294,76.60882352941177,0.003933142467749468,0.007017450803585634,1.0,True,0.9193826765285159,0.08109370145168393
Census Tract 8052.01; Cook County; Illinois,3980,125321,1327,1273,1165,427500,1327,17,47,1634,47,12,1273,31,3661,548,17,031,805201,3980,3980,125321,125321,1327,1327,1273,1273,1165,1165,427500,427500,1327,1327,17,17,47,47,1634,1634,47,47,12,12,1273,1273,31,31,3661,3661,548,548,17031805201,0.9151610369206599,0.03610771113831089,0.1496858781753619,0.024351924587588374,0.04822908816880181,94.43933685003768,0.0008792922586705716,0.004091705830503217,1.0,True,0.9046908699729951,0.08993774626508319
Census Tract 8052.02; Cook County; Illinois,3884,101953,1681,1583,991,493600,1681,104,0,1754,179,12,1583,19,3790,127,17,031,805202,3884,3884,101953,101953,1681,1681,1583,1583,991,991,493600,493600,1681,1681,104,104,0,0,1754,1754,179,179,12,12,1583,1583,19,19,3790,3790,127,127,17031805202,0.626026531901453,0.1088939566704675,0.03350923482849604,0.012002526847757423,0.061867935752528254,60.65020820939917,0.0013070026384958196,0.023136966497471084,1.0,True,0.860276664913536,0.08791007200487456
Census Tract 8053.01; Cook County; Illinois,3135,137614,1115,1081,838,419000,1115,0,29,1144,139,0,1081,80,3123,93,17,031,805301,3135,3135,137614,137614,1115,1115,1081,1081,838,838,419000,419000,1115,1115,0,0,29,29,1144,1144,139,139,0,0,1081,1081,80,80,3123,3123,93,93,17031805301,0.7752081406105458,0.1215034965034965,0.029779058597502402,0.07400555041628122,0.02600896860986547,123.42062780269059,0.00899193313624396,0.005846604414613607,1.0,True,0.9116905150910469,0.10309789929150641
Census Tract 8053.02; Cook County; Illinois,3844,112352,1420,1365,1316,383200,1420,58,14,1651,151,24,1365,0,3844,62,17,031,805302,3844,3844,112352,112352,1420,1420,1365,1365,1316,1316,383200,383200,1420,1420,58,58,14,14,1651,1651,151,151,24,24,1365,1365,0,0,3844,3844,62,62,17031805302,0.9641025641025641,0.10599636583888553,0.016129032258064516,0.0,0.05070422535211268,79.12112676056339,0.0,0.001820151679306608,1.0,True,0.980749508440435,0.07361908760784089
Census Tract 8054.01; Cook County; Illinois,4330,133616,1661,1615,1367,397100,1661,94,15,1983,148,179,1615,96,4330,117,17,031,805401,4330,4330,133616,133616,1661,1661,1615,1615,1367,1367,397100,397100,1661,1661,94,94,15,15,1983,1983,148,148,179,179,1615,1615,96,96,4330,4330,117,117,17031805401,0.8464396284829722,0.1649016641452345,0.02702078521939954,0.05944272445820433,0.06562311860325105,80.44310656231185,0.009802204184484527,0.010077110472821213,1.0,True,0.936666355205589,0.13065465036671822
Census Tract 8054.02; Cook County; Illinois,4906,99184,1860,1722,1544,393400,1860,29,32,1874,116,99,1722,188,4906,176,17,031,805402,4906,4906,99184,99184,1860,1860,1722,1722,1544,1544,393400,393400,1860,1860,29,29,32,32,1874,1874,116,116,99,99,1722,1722,188,188,4906,4906,176,176,17031805402,0.8966318234610917,0.11472785485592316,0.03587443946188341,0.1091753774680604,0.032795698924731186,53.3247311827957,0.012525456859996257,0.0033900315961684978,1.0,True,0.9494188886205288,0.1149188827266947
Census Tract 8055.01; Cook County; Illinois,3661,115733,1680,1561,1016,536700,1680,55,177,1427,178,45,1561,107,3472,201,17,031,805501,3661,3661,115733,115733,1680,1680,1561,1561,1016,1016,536700,536700,1680,1680,55,55,177,177,1427,1427,178,178,45,45,1561,1561,107,107,3472,3472,201,201,17031805501,0.6508648302370276,0.15627189908899788,0.05789170506912442,0.06854580397181294,0.1380952380952381,68.88869047619048,0.010711782961257382,0.04821390439583905,1.0,True,0.8576546430385458,0.15973557047369827
Census Tract 8055.02; Cook County; Illinois,4242,162358,1768,1703,1476,690800,1768,101,602,1644,226,0,1703,98,4236,79,17,031,805502,4242,4242,162358,162358,1768,1768,1703,1703,1476,1476,690800,690800,1768,1768,101,101,602,602,1644,1644,226,226,0,0,1703,1703,98,98,4236,4236,79,79,17031805502,0.8667058132706987,0.13746958637469586,0.018649669499527857,0.057545507927187316,0.39762443438914025,91.83144796380091,0.007910757172472221,0.05300102560559886,1.0,True,0.9471812241343942,0.2057294100249168
Census Tract 8056; Cook County; Illinois,4655,190714,1618,1618,1522,680100,1618,0,812,1525,124,72,1618,44,4655,47,17,031,805600,4655,4655,190714,190714,1618,1618,1618,1618,1522,1522,680100,680100,1618,1618,0,0,812,812,1525,1525,124,124,72,72,1618,1618,44,44,4655,4655,47,47,17031805600,0.9406674907292955,0.12852459016393442,0.010096670247046188,0.027194066749072928,0.5018541409147095,117.87021013597034,0.0034951062838152742,0.029776265468363466,1.0,True,0.9756757695867854,0.21754465022360503
Census Tract 8057.01; Cook County; Illinois,5291,215891,2053,2012,1841,550000,2053,40,171,1786,223,91,2012,42,5291,150,17,031,805701,5291,5291,215891,215891,2053,2053,2012,2012,1841,1841,550000,550000,2053,2053,40,40,171,171,1786,1786,223,223,91,91,2012,2012,42,42,5291,5291,150,150,17031805701,0.9150099403578529,0.17581187010078386,0.02835002835002835,0.020874751491053677,0.10277642474427667,105.15879201169021,0.0036700290975312734,0.00873497446882272,1.0,True,0.958969564983,0.13457976966631643
Census Tract 8057.02; Cook County; Illinois,2049,135417,785,760,683,513200,785,0,30,901,87,6,760,10,2049,66,17,031,805702,2049,2049,135417,135417,785,785,760,760,683,683,513200,513200,785,785,0,0,30,30,901,901,87,87,6,6,760,760,10,10,2049,2049,66,66,17031805702,0.8986842105263158,0.10321864594894561,0.032210834553440704,0.013157894736842105,0.03821656050955414,172.50573248407645,0.0013581400782756,0.003871940998994302,1.0,True,0.951760167824005,0.07836234001221662
Census Tract 8058.01; Cook County; Illinois,2301,115341,1070,1015,993,471700,1070,81,80,877,68,0,1015,59,2301,17,17,031,805801,2301,2301,115341,115341,1070,1070,1015,1015,993,993,471700,471700,1070,1070,81,81,80,80,877,877,68,68,0,0,1015,1015,59,59,2301,2301,17,17,17031805801,0.9783251231527094,0.07753705815279362,0.007388092133854845,0.05812807881773399,0.15046728971962617,107.79532710280374,0.004507080227600812,0.0032613599742184977,1.0,True,0.9894024175324914,0.10270455935084559
Census Tract 8058.02; Cook County; Illinois,5093,119592,1972,1875,1563,477100,1972,105,213,2038,198,8,1875,51,5088,175,17,031,805802,5093,5093,119592,119592,1972,1972,1875,1875,1563,1563,477100,477100,1972,1972,105,105,213,213,2038,2038,198,198,8,8,1875,1875,51,51,5088,5088,175,175,17031805802,0.8336,0.10107948969578018,0.034394654088050314,0.0272,0.1612576064908722,60.64503042596349,0.0027493621197252206,0.026833265720081132,1.0,True,0.9290805141854181,0.11681002907109989
Census Tract 8059.01; Cook County; Illinois,4205,93167,2171,1995,1371,348700,2171,245,294,1397,105,0,1995,328,4090,397,17,031,805901,4205,4205,93167,93167,2171,2171,1995,1995,1371,1371,348700,348700,2171,2171,245,245,294,294,1397,1397,105,105,0,0,1995,1995,328,328,4090,4090,397,397,17031805901,0.687218045112782,0.07516105941302792,0.09706601466992665,0.1644110275689223,0.2482726853984339,42.91432519576232,0.01235730701126474,0.07765521588402143,1.0,True,0.8522351191262957,0.19310594018627458
Census Tract 8059.02; Cook County; Illinois,6616,139531,2299,2134,1735,564000,2299,20,59,2940,162,27,2134,53,6283,154,17,031,805902,6616,6616,139531,139531,2299,2299,2134,2134,1735,1735,564000,564000,2299,2299,20,20,59,59,2940,2940,162,162,27,27,2134,2134,53,53,6283,6283,154,154,17031805902,0.8130271790065604,0.06428571428571428,0.024510584115868216,0.02483598875351453,0.03436276642018269,60.69204001739887,0.0015965992770116482,0.006424903374720195,1.0,True,0.9266548537933783,0.05860672961963637
Census Tract 8060.01; Cook County; Illinois,5616,66165,2724,2520,1153,214600,2724,495,109,2290,300,26,2520,315,5616,428,17,031,806001,5616,5616,66165,66165,2724,2724,2520,2520,1153,1153,214600,214600,2724,2724,495,495,109,109,2290,2290,300,300,26,26,2520,2520,315,315,5616,5616,428,428,17031806001,0.4575396825396825,0.1423580786026201,0.07621082621082621,0.125,0.22173274596182085,24.28964757709251,0.01779475982532751,0.12028121576579728,1.0,True,0.7849924594637946,0.20028992379611585
Census Tract 8060.02; Cook County; Illinois,7800,64450,2741,2633,1803,228700,2741,269,103,2724,198,132,2633,218,7489,809,17,031,806002,7800,7800,64450,64450,2741,2741,2633,2633,1803,1803,228700,228700,2741,2741,269,269,103,103,2724,2724,198,198,132,132,2633,2633,218,218,7489,7489,809,809,17031806002,0.6847702240789973,0.1211453744493392,0.10802510348511149,0.08279529054310672,0.1357168916453849,23.513316307916817,0.010030266475486497,0.042782005342069676,1.0,True,0.8465018979295799,0.16256778755962648
Census Tract 8060.04; Cook County; Illinois,8508,64681,3266,3211,1667,364700,3266,259,67,3676,479,141,3211,588,8233,744,17,031,806004,8508,8508,64681,64681,3266,3266,3211,3211,1667,1667,364700,364700,3266,3266,259,259,67,67,3676,3676,479,479,141,141,3211,3211,588,588,8233,8233,744,744,17031806004,0.5191529118654624,0.16866158868335146,0.09036803109437629,0.18312052320149486,0.0998162890385793,19.804347826086957,0.03088539836369064,0.04799637193259622,1.0,True,0.7991957451887859,0.20323986065891958
Census Tract 8060.05; Cook County; Illinois,2436,-666666666,1310,981,603,210800,1310,67,290,1197,18,0,981,43,2436,200,17,031,806005,2436,2436,-666666666,-666666666,1310,1310,981,981,603,603,210800,210800,1310,1310,67,67,290,290,1197,1197,18,18,0,0,981,981,43,43,2436,2436,200,200,17031806005,0.6146788990825688,0.015037593984962405,0.08210180623973727,0.04383282364933741,0.27251908396946567,-508905.85190839693,0.0006591402052531941,0.10500735345612439,1.0,True,0.5014952146872426,0.12527746625790806
Census Tract 8060.06; Cook County; Illinois,4211,61658,1788,1675,1161,304300,1788,164,99,1754,229,74,1675,251,4211,547,17,031,806006,4211,4211,61658,61658,1788,1788,1675,1675,1161,1161,304300,304300,1788,1788,164,164,99,99,1754,1754,229,229,74,74,1675,1675,251,251,4211,4211,547,547,17031806006,0.693134328358209,0.17274800456100342,0.12989788648777012,0.14985074626865671,0.1470917225950783,34.48434004474273,0.025886417399887677,0.04513740024708671,1.0,True,0.8395029906015857,0.22102967156012907
Census Tract 8061.02; Cook County; Illinois,4183,103212,1732,1675,1197,347900,1732,151,41,1625,181,97,1675,72,4032,404,17,031,806102,4183,4183,103212,103212,1732,1732,1675,1675,1197,1197,347900,347900,1732,1732,151,151,41,41,1625,1625,181,181,97,97,1675,1675,72,72,4032,4032,404,404,17031806102,0.7146268656716418,0.17107692307692307,0.1001984126984127,0.04298507462686567,0.11085450346420324,59.59122401847575,0.007353754305396095,0.03163489710799352,1.0,True,0.8599750265759759,0.1656527420903464
Census Tract 8061.03; Cook County; Illinois,5313,111450,1954,1941,1757,372700,1954,201,97,2521,313,16,1941,28,5304,213,17,031,806103,5313,5313,111450,111450,1954,1954,1941,1941,1757,1757,372700,372700,1954,1954,201,201,97,97,2521,2521,313,313,16,16,1941,1941,28,28,5304,5304,213,213,17031806103,0.9052035033487893,0.1305037683458945,0.040158371040723985,0.014425553838227717,0.15250767656090072,57.03684749232344,0.0018825891363652993,0.014457193450389351,1.0,True,0.9503656808690119,0.12719952055072622
Census Tract 8061.04; Cook County; Illinois,5085,49435,2168,1911,453,261500,2168,343,20,1934,337,58,1911,222,4875,1070,17,031,806104,5085,5085,49435,49435,2168,2168,1911,1911,453,453,261500,261500,2168,2168,343,343,20,20,1934,1934,337,337,58,58,1911,1911,222,222,4875,4875,1070,1070,17031806104,0.2370486656200942,0.20423991726990692,0.2194871794871795,0.11616954474097331,0.16743542435424355,22.802121771217713,0.02372645820717914,0.12774508043353588,1.0,True,0.6473874557553837,0.26196364112109594
Census Tract 8062.01; Cook County; Illinois,4425,70343,2407,2265,1546,253000,2407,130,30,2101,129,15,2265,199,4425,538,17,031,806201,4425,4425,70343,70343,2407,2407,2265,2265,1546,1546,253000,253000,2407,2407,130,130,30,30,2101,2101,129,129,15,15,2265,2265,199,199,4425,4425,538,538,17031806201,0.682560706401766,0.06853879105188006,0.1215819209039548,0.08785871964679912,0.06647278770253427,29.224345658496052,0.006021730427957674,0.021101074771797852,1.0,True,0.8397032258858759,0.12261795108038438
Census Tract 8062.02; Cook County; Illinois,5251,77544,2681,2547,1663,277200,2681,447,700,2382,217,147,2547,205,5248,539,17,031,806202,5251,5251,77544,77544,2681,2681,2547,2547,1663,1663,277200,277200,2681,2681,447,447,700,700,2382,2382,217,217,147,147,2547,2547,205,205,5248,5248,539,539,17031806202,0.6529250098154692,0.1528127623845508,0.10270579268292683,0.08048684727129957,0.42782543826930247,28.92353599403208,0.012299417467150731,0.14848750978801076,1.0,True,0.8382731488715424,0.25757402214394454
Census Tract 8063; Cook County; Illinois,4120,96415,1752,1644,1426,338200,1752,8,493,1586,203,8,1644,56,4120,179,17,031,806300,4120,4120,96415,96415,1752,1752,1644,1644,1426,1426,338200,338200,1752,1752,8,8,493,493,1586,1586,203,203,8,8,1644,1644,56,56,4120,4120,179,179,17031806300,0.8673965936739659,0.1330390920554855,0.04344660194174757,0.0340632603406326,0.285958904109589,55.031392694063925,0.00453174522816739,0.03791912475419124,1.0,True,0.9362847590451299,0.1731075157459157
Census Tract 8064; Cook County; Illinois,2408,126250,856,784,716,354800,856,19,303,1142,43,14,784,27,2408,65,17,031,806400,2408,2408,126250,126250,856,856,784,784,716,716,354800,354800,856,856,19,19,303,303,1142,1142,43,43,14,14,784,784,27,27,2408,2408,65,65,17031806400,0.9132653061224489,0.049912434325744305,0.026993355481727575,0.03443877551020408,0.37616822429906543,147.48831775700936,0.0017189231209121124,0.032626835781041405,1.0,True,0.9589501711086621,0.15042628049829782
Census Tract 8065.01; Cook County; Illinois,2581,89881,764,744,468,316000,764,21,58,1045,108,0,744,23,2581,203,17,031,806501,2581,2581,89881,89881,764,764,744,744,468,468,316000,316000,764,764,21,21,58,58,1045,1045,108,108,0,0,744,744,23,23,2581,2581,203,203,17031806501,0.6290322580645161,0.10334928229665072,0.07865168539325842,0.030913978494623656,0.10340314136125654,117.64528795811518,0.00319493749035345,0.03835922985982097,1.0,True,0.8410765020137765,0.11789819587385061
Census Tract 8065.02; Cook County; Illinois,3855,87449,1417,1405,1238,309600,1417,118,157,1763,71,77,1405,16,3855,230,17,031,806502,3855,3855,87449,87449,1417,1417,1405,1405,1238,1238,309600,309600,1417,1417,118,118,157,157,1763,1763,71,71,77,77,1405,1405,16,16,3855,3855,230,230,17031806502,0.8811387900355871,0.08394781622234827,0.05966277561608301,0.011387900355871887,0.19407198306280876,61.71418489767114,0.0009559893662331476,0.023067630727038487,1.0,True,0.9336061432238646,0.12058990547291208
Census Tract 8066; Cook County; Illinois,3089,122801,1263,1157,1057,309400,1263,70,16,1389,108,19,1157,67,3089,141,17,031,806600,3089,3089,122801,122801,1263,1263,1157,1157,1057,1057,309400,309400,1263,1263,70,70,16,16,1389,1389,108,108,19,19,1157,1157,67,67,3089,3089,141,141,17031806600,0.9135695764909249,0.09143268538516919,0.045645840077695045,0.05790838375108038,0.06809184481393507,97.22961203483769,0.005294719032676176,0.005885206984782631,1.0,True,0.9507050360643324,0.09961161516371866
Census Tract 8067; Cook County; Illinois,4362,124803,1685,1625,1553,473800,1685,78,81,1546,104,23,1625,22,4362,162,17,031,806700,4362,4362,124803,124803,1685,1685,1625,1625,1553,1553,473800,473800,1685,1685,78,78,81,81,1546,1546,104,104,23,23,1625,1625,22,22,4362,4362,162,162,17031806700,0.9556923076923077,0.08214747736093143,0.037138927097661624,0.01353846153846154,0.0943620178041543,74.06706231454005,0.0011121504627326102,0.004180963250399449,1.0,True,0.9685528090812413,0.08502918390224129
Census Tract 8068.01; Cook County; Illinois,4163,78280,1705,1652,1207,358700,1705,46,12,1758,131,9,1652,101,3784,475,17,031,806801,4163,4163,78280,78280,1705,1705,1652,1652,1207,1207,358700,358700,1705,1705,46,46,12,12,1758,1758,131,131,9,9,1652,1652,101,101,3784,3784,475,475,17031806801,0.7306295399515739,0.07963594994311718,0.12552854122621565,0.061138014527845036,0.03401759530791789,45.91202346041056,0.004868783864561038,0.009163335297835024,1.0,True,0.853964480199903,0.11194523157587859
Census Tract 8068.02; Cook County; Illinois,3387,121202,1184,1145,897,465800,1184,0,183,1291,93,44,1145,77,3387,74,17,031,806802,3387,3387,121202,121202,1184,1184,1145,1145,897,897,465800,465800,1184,1184,0,0,183,183,1291,1291,93,93,44,44,1145,1145,77,77,3387,3387,74,74,17031806802,0.7834061135371179,0.10611928737412858,0.021848243283141423,0.06724890829694323,0.1545608108108108,102.36655405405405,0.007136406225159739,0.03347692670836776,1.0,True,0.9179630945684402,0.12622157977629442
Census Tract 8069; Cook County; Illinois,5269,79674,2366,2350,1718,357600,2366,213,0,2080,216,0,2350,139,5269,645,17,031,806900,5269,5269,79674,79674,2366,2366,2350,2350,1718,1718,357600,357600,2366,2366,213,213,0,0,2080,2080,216,216,0,0,2350,2350,139,139,5269,5269,645,645,17031806900,0.731063829787234,0.10384615384615385,0.12241412032643766,0.05914893617021277,0.09002535925612849,33.67455621301775,0.00614238952536825,0.024211075340371577,1.0,True,0.855503284213572,0.1382144395761066
Census Tract 8070; Cook County; Illinois,5029,49007,2190,2101,956,292300,2190,140,197,2170,167,11,2101,189,4835,848,17,031,807000,5029,5029,49007,49007,2190,2190,2101,2101,956,956,292300,292300,2190,2190,140,140,197,197,2170,2170,167,167,11,11,2101,2101,189,189,4835,4835,848,848,17031807000,0.4550214183722037,0.08202764976958525,0.17538779731127196,0.08995716325559258,0.15388127853881278,22.377625570776257,0.0073789746817951515,0.08386200091715404,1.0,True,0.7397742112197744,0.17258195403073598
Census Tract 8071; Cook County; Illinois,3865,166853,1277,1263,1175,496800,1277,13,76,1003,133,18,1263,50,3865,89,17,031,807100,3865,3865,166853,166853,1277,1277,1263,1263,1175,1175,496800,496800,1277,1277,13,13,76,76,1003,1003,133,133,18,18,1263,1263,50,50,3865,3865,89,89,17031807100,0.9303246239113222,0.15054835493519442,0.023027166882276844,0.0395882818685669,0.0696945967110415,130.66014095536414,0.005959950710023532,0.004855997237190543,1.0,True,0.9664313160225092,0.1167225790875305
Census Tract 8072; Cook County; Illinois,5697,130783,1996,1887,1644,399500,1996,17,111,2005,267,34,1887,106,5697,318,17,031,807200,5697,5697,130783,130783,1996,1996,1887,1887,1644,1644,399500,399500,1996,1996,17,17,111,111,2005,2005,267,267,34,34,1887,1887,106,106,5697,5697,318,318,17031807200,0.8712241653418124,0.15012468827930175,0.055818852027382834,0.05617382087970323,0.06412825651302605,65.52254509018036,0.00843307734902278,0.008258169757639287,1.0,True,0.9320426394801481,0.1313073305257314
Census Tract 8073; Cook County; Illinois,8388,85777,3246,3166,1946,341700,3246,43,249,3084,169,110,3166,437,8362,917,17,031,807300,8388,8388,85777,85777,3246,3246,3166,3166,1946,1946,341700,341700,3246,3246,43,43,249,249,3084,3084,169,169,110,110,3166,3166,437,437,8362,8362,917,917,17031807300,0.6146557169930512,0.09046692607003891,0.10966276010523798,0.13802905874921037,0.08995686999383858,26.42544670363524,0.012487064653381872,0.034664365569325034,1.0,True,0.8224083926931516,0.15252892052206032
Census Tract 8074; Cook County; Illinois,6582,88558,2400,2313,1533,405700,2400,151,425,2025,400,0,2313,221,6582,528,17,031,807400,6582,6582,88558,88558,2400,2400,2313,2313,1533,1533,405700,405700,2400,2400,151,151,425,425,2025,2025,400,400,0,0,2313,2313,221,221,6582,6582,528,528,17031807400,0.6627756160830091,0.19753086419753085,0.08021877848678213,0.09554690877648075,0.24,36.899166666666666,0.01887346346202089,0.08093385214007782,1.0,True,0.8516225334269926,0.22537560702053552
Census Tract 8075; Cook County; Illinois,3280,151490,1082,1082,1009,384600,1082,54,122,1489,137,7,1082,50,3280,86,17,031,807500,3280,3280,151490,151490,1082,1082,1082,1082,1009,1009,384600,384600,1082,1082,54,54,122,122,1489,1489,137,137,7,7,1082,1082,50,50,3280,3280,86,86,17031807500,0.9325323475046211,0.09670920080591,0.02621951219512195,0.04621072088724584,0.16266173752310537,140.00924214417745,0.004469001885670518,0.010974405581503406,1.0,True,0.9657313390864667,0.11835919153057524
Census Tract 8076; Cook County; Illinois,6531,116004,2316,2202,1816,361100,2316,112,28,2794,104,38,2202,66,6531,524,17,031,807600,6531,6531,116004,116004,2316,2316,2202,2202,1816,1816,361100,361100,2316,2316,112,112,28,28,2794,2794,104,104,38,38,2202,2202,66,66,6531,6531,524,524,17031807600,0.8247048138056312,0.05082319255547602,0.08023273618128923,0.02997275204359673,0.06044905008635579,50.0880829015544,0.001523310948529254,0.010596427490160463,1.0,True,0.9056064060658752,0.07935872687067577
Census Tract 8077; Cook County; Illinois,6320,60671,2446,2337,1664,341800,2446,67,78,2545,193,52,2337,194,6316,1557,17,031,807700,6320,6320,60671,60671,2446,2446,2337,2337,1664,1664,341800,341800,2446,2446,67,67,78,78,2545,2545,193,193,52,52,2337,2337,194,194,6316,6316,1557,1557,17031807700,0.7120239623448866,0.0962671905697446,0.24651678277390754,0.08301240907145914,0.05928045789043336,24.804170073589535,0.007991371403735752,0.0170713513736678,1.0,True,0.7936255418872532,0.17511939128385234
Census Tract 8078; Cook County; Illinois,2729,147679,878,871,822,489800,878,41,20,1055,110,15,871,25,2642,71,17,031,807800,2729,2729,147679,147679,878,878,871,871,822,822,489800,489800,878,878,41,41,20,20,1055,1055,110,110,15,15,871,871,25,25,2642,2642,71,71,17031807800,0.9437428243398392,0.11848341232227488,0.026873580620741862,0.02870264064293915,0.06947608200455581,168.19931662870158,0.0034007868060354444,0.00390852814951003,1.0,True,0.9691736397614704,0.09808155195175974
Census Tract 8079; Cook County; Illinois,3997,109866,1442,1326,1299,617800,1442,90,76,1382,198,0,1326,43,3986,190,17,031,807900,3997,3997,109866,109866,1442,1442,1326,1326,1299,1299,617800,617800,1442,1442,90,90,76,76,1382,1382,198,198,0,0,1326,1326,43,43,3986,3986,190,190,17031807900,0.9796380090497737,0.14327062228654125,0.047666833918715505,0.032428355957767725,0.11511789181692095,76.19001386962552,0.00464603073779885,0.0023440294713852725,1.0,True,0.9718172202894291,0.13162226169347757
Census Tract 8080.01; Cook County; Illinois,3671,109250,1482,1408,1298,464700,1482,31,50,1087,114,9,1408,19,3671,194,17,031,808001,3671,3671,109250,109250,1482,1482,1408,1408,1298,1298,464700,464700,1482,1482,31,31,50,50,1087,1087,114,114,9,9,1408,1408,19,19,3671,3671,194,194,17031808001,0.921875,0.11315547378104876,0.05284663579406156,0.013494318181818182,0.05465587044534413,73.71794871794872,0.0015269559672158569,0.0042699898785425105,1.0,True,0.950245212385191,0.09504472378577201
Census Tract 8080.02; Cook County; Illinois,5444,109519,2031,1887,1277,477800,2031,51,179,1539,257,0,1887,272,5279,428,17,031,808002,5444,5444,109519,109519,2031,2031,1887,1887,1277,1277,477800,477800,2031,2031,51,51,179,179,1539,1539,257,257,0,0,1887,1887,272,272,5279,5279,428,428,17031808002,0.6767355590885002,0.16699155295646523,0.08107596135631748,0.14414414414414414,0.11324470704086657,53.92368291482028,0.024070854480211203,0.03660798690775231,1.0,True,0.8559028339050355,0.19044122292751967
Census Tract 8081; Cook County; Illinois,3786,48253,1882,1851,1592,307300,1882,343,138,992,154,6,1851,208,3159,397,17,031,808100,3786,3786,48253,48253,1882,1882,1851,1851,1592,1592,307300,307300,1882,1882,343,343,138,138,992,992,154,154,6,6,1851,1851,208,208,3159,3159,397,397,17031808100,0.8600756347920043,0.16129032258064516,0.12567268122823677,0.11237169097784981,0.2555791710945802,25.639213602550477,0.01812446628674997,0.03576175327579485,1.0,True,0.8970336845886403,0.23190256365788903
Census Tract 8082; Cook County; Illinois,5582,83885,1994,1841,1580,341200,1994,152,31,2026,92,0,1841,152,5576,234,17,031,808200,5582,5582,83885,83885,1994,1994,1841,1841,1580,1580,341200,341200,1994,1994,152,152,31,31,2026,2026,92,92,0,0,1841,1841,152,152,5576,5576,234,234,17031808200,0.8582292232482347,0.045409674234945706,0.04196556671449068,0.08256382400869093,0.09177532597793381,42.06870611835507,0.003749196351826044,0.01301105925053814,1.0,True,0.9338852986272342,0.08944406971578436
Census Tract 8083.01; Cook County; Illinois,6255,85556,2867,2722,1922,366200,2867,376,160,2250,215,19,2722,267,6047,556,17,031,808301,6255,6255,85556,85556,2867,2867,2722,2722,1922,1922,366200,366200,2867,2867,376,376,160,160,2250,2250,215,215,19,19,2722,2722,267,267,6047,6047,556,556,17031808301,0.7060984570168993,0.104,0.09194641971225401,0.09808963997060985,0.18695500523194977,29.841646320195327,0.010201322556943424,0.0549463645060837,1.0,True,0.8608152137085944,0.1676315700826879
Census Tract 8083.02; Cook County; Illinois,4196,78502,1875,1715,1366,331700,1875,43,15,1645,182,34,1715,104,4152,691,17,031,808302,4196,4196,78502,78502,1875,1875,1715,1715,1366,1366,331700,331700,1875,1875,43,43,15,15,1645,1645,182,182,34,34,1715,1715,104,104,4152,4152,691,691,17031808302,0.7965014577259475,0.13130699088145897,0.16642581888246627,0.060641399416909623,0.030933333333333334,41.867733333333334,0.007962639680275064,0.006294888241010691,1.0,True,0.8576250842485654,0.15101208236607291
Census Tract 8084; Cook County; Illinois,4335,120761,1647,1604,1441,393700,1647,78,33,1933,55,32,1604,84,4335,300,17,031,808400,4335,4335,120761,120761,1647,1647,1604,1604,1441,1441,393700,393700,1647,1647,78,78,33,33,1933,1933,55,55,32,32,1604,1604,84,84,4335,4335,300,300,17031808400,0.8983790523690773,0.04500775995861355,0.06920415224913495,0.05236907730673317,0.06739526411657559,73.3217972070431,0.0023570148606755228,0.00684877060536273,1.0,True,0.9351008819761434,0.08184891227634378
Census Tract 8085; Cook County; Illinois,4326,150406,1459,1453,1379,426500,1459,0,59,1693,168,76,1453,88,4326,213,17,031,808500,4326,4326,150406,150406,1459,1459,1453,1453,1379,1379,426500,426500,1459,1459,0,0,59,59,1693,1693,168,168,76,76,1453,1453,88,88,4326,4326,213,213,17031808500,0.949070887818307,0.14412285883047843,0.049237170596393896,0.060564349621472814,0.04043865661411926,103.08841672378341,0.008728707210655266,0.0020595048791774433,1.0,True,0.9609458978099618,0.12085293406555703
Census Tract 8086; Cook County; Illinois,2453,164063,949,942,704,922100,949,12,38,951,73,4,942,26,2453,136,17,031,808600,2453,2453,164063,164063,949,949,942,942,704,704,922100,922100,949,949,12,12,38,38,951,951,73,73,4,4,942,942,26,26,2453,2453,136,136,17031808600,0.7473460721868365,0.08096740273396424,0.05544231553200163,0.027600849256900213,0.05268703898840885,172.8798735511064,0.0022347690775828774,0.013311587345266784,1.0,True,0.890935032159318,0.08349345170614295
Census Tract 8087.02; Cook County; Illinois,5671,62355,537,455,269,217900,537,46,148,1597,31,15,455,122,814,164,17,031,808702,5671,5671,62355,62355,537,537,455,455,269,269,217900,217900,537,537,46,46,148,148,1597,1597,31,31,15,15,455,455,122,122,814,814,164,164,17031808702,0.5912087912087912,0.028804007514088917,0.20147420147420148,0.2681318681318681,0.3612662942271881,116.11731843575419,0.007723272344437028,0.14768248511265272,1.0,True,0.7735060177702886,0.2694148420457206
Census Tract 8088; Cook County; Illinois,3990,169625,1761,1627,1218,955900,1761,20,1063,1297,105,10,1627,150,3492,172,17,031,808800,3990,3990,169625,169625,1761,1761,1627,1627,1218,1218,955900,955900,1761,1761,20,20,1063,1063,1297,1297,105,105,10,10,1627,1627,150,150,3492,3492,172,172,17031808800,0.7486170866625691,0.08866615265998458,0.049255441008018326,0.09219422249539029,0.6149914821124361,96.32311186825667,0.00817450700614486,0.1545983504511287,1.0,True,0.8941293960880885,0.2628283829410376
Census Tract 8089; Cook County; Illinois,4215,193864,1857,1794,1608,610700,1857,40,915,1295,94,16,1794,113,4194,125,17,031,808900,4215,4215,193864,193864,1857,1857,1794,1794,1608,1608,610700,610700,1857,1857,40,40,915,915,1295,1295,94,94,16,16,1794,1794,113,113,4194,4194,125,125,17031808900,0.8963210702341137,0.08494208494208494,0.029804482594182165,0.06298773690078038,0.5142703284868066,104.39633817986,0.0053503096981357854,0.05331899726786292,1.0,True,0.9520782317843248,0.21692299219816386
Census Tract 8090; Cook County; Illinois,4057,194375,1731,1643,1293,820900,1731,14,884,923,136,10,1643,202,3704,212,17,031,809000,4057,4057,194375,194375,1731,1731,1643,1643,1293,1293,820900,820900,1731,1731,14,14,884,884,923,923,136,136,10,10,1643,1643,202,202,3704,3704,212,212,17031809000,0.7869750456482045,0.1581798483206934,0.05723542116630669,0.12294583079732198,0.5187752744078568,112.29058347775852,0.019447552867182027,0.11051207914957385,1.0,True,0.9033576324238494,0.28408580440557585
Census Tract 8091; Cook County; Illinois,3589,114211,1694,1580,947,659000,1694,39,869,1127,205,0,1580,162,3518,491,17,031,809100,3589,3589,114211,114211,1694,1694,1580,1580,947,947,659000,659000,1694,1694,39,39,869,869,1127,1127,205,205,0,0,1580,1580,162,162,3518,3518,491,491,17031809100,0.5993670886075949,0.18189884649511978,0.13956793632745879,0.10253164556962026,0.5360094451003542,67.42089728453365,0.018650388058360383,0.21474302452438243,1.0,True,0.8039472791397618,0.3220312173800856
Census Tract 8092; Cook County; Illinois,4579,53579,1830,1675,826,401900,1830,123,658,1539,141,31,1675,308,4575,1049,17,031,809200,4579,4579,53579,53579,1830,1830,1675,1675,826,826,401900,401900,1830,1830,123,123,658,658,1539,1539,141,141,31,31,1675,1675,308,308,4575,4575,1049,1049,17031809200,0.493134328358209,0.11176088369070825,0.2292896174863388,0.18388059701492537,0.426775956284153,29.278142076502732,0.020550658015963067,0.21631808172253483,1.0,True,0.72836595460396,0.31215389895336104
Census Tract 8093; Cook County; Illinois,4523,46458,2282,2063,542,659400,2282,80,813,1631,125,14,2063,874,4164,963,17,031,809300,4523,4523,46458,46458,2282,2282,2063,2063,542,542,659400,659400,2282,2282,80,80,813,813,1631,1631,125,125,14,14,2063,2063,874,874,4164,4164,963,963,17031809300,0.26272418807561804,0.08522378908645004,0.23126801152737753,0.42365487154629183,0.3913234005258545,20.35845749342682,0.036105473418108255,0.2885132778477095,1.0,True,0.6506739122873225,0.3667274142456807
Census Tract 8094.01; Cook County; Illinois,3285,97838,1837,1686,788,457100,1837,12,422,767,139,0,1686,550,3097,296,17,031,809401,3285,3285,97838,97838,1837,1837,1686,1686,788,788,457100,457100,1837,1837,12,12,422,422,767,767,139,139,0,0,1686,1686,550,550,3097,3097,296,296,17031809401,0.46737841043890865,0.18122555410691005,0.09557636422344204,0.3262158956109134,0.236254763200871,53.25966249319543,0.05911865644056971,0.12583438751742712,1.0,True,0.7796240222182439,0.2955557135800666
Census Tract 8094.02; Cook County; Illinois,2915,45208,1783,1536,493,394100,1783,130,252,714,93,0,1536,538,2683,986,17,031,809402,2915,2915,45208,45208,1783,1783,1536,1536,493,493,394100,394100,1783,1783,130,130,252,252,714,714,93,93,0,0,1536,1536,538,538,2683,2683,986,986,17031809402,0.3209635416666667,0.13025210084033614,0.3674990682072307,0.3502604166666667,0.2142456533931576,25.355019629837354,0.04562215511204482,0.14548060969340063,1.0,True,0.609138726489137,0.3624112855631616
Census Tract 8095; Cook County; Illinois,4238,70074,2464,2280,667,587200,2464,50,831,1790,51,0,2280,492,4141,587,17,031,809500,4238,4238,70074,70074,2464,2464,2280,2280,667,667,587200,587200,2464,2464,50,50,831,831,1790,1790,51,51,0,0,2280,2280,492,492,4141,4141,587,587,17031809500,0.29254385964912283,0.028491620111731845,0.1417531997102149,0.21578947368421053,0.3575487012987013,28.439123376623378,0.006148191708321082,0.2529500242082479,1.0,True,0.7006731560415256,0.23130089043598567
Census Tract 8096; Cook County; Illinois,2937,80461,1371,1339,1008,521000,1371,9,567,1172,75,25,1339,50,2937,221,17,031,809600,2937,2937,80461,80461,1371,1371,1339,1339,1008,1008,521000,521000,1371,1371,9,9,567,567,1172,1172,75,75,25,25,1339,1339,50,50,2937,2937,221,221,17031809600,0.7528005974607916,0.08532423208191127,0.0752468505277494,0.037341299477221805,0.4201312910284464,58.687819110138584,0.003186117702834625,0.10385620413025821,1.0,True,0.8838511776482124,0.19786868823198808
Census Tract 8097; Cook County; Illinois,3519,140714,1375,1262,963,418900,1375,37,722,1190,45,19,1262,84,3509,141,17,031,809700,3519,3519,140714,140714,1375,1375,1262,1262,963,963,418900,418900,1375,1375,37,37,722,722,1190,1190,45,45,19,19,1262,1262,84,84,3509,3509,141,141,17031809700,0.7630744849445324,0.05378151260504202,0.04018238814477059,0.06656101426307448,0.552,102.33745454545455,0.003579752027593922,0.1307828843106181,1.0,True,0.902993223033119,0.21616983794726266
Census Tract 8098; Cook County; Illinois,2622,80995,1154,1045,483,768200,1154,7,758,854,47,0,1045,328,2346,261,17,031,809800,2622,2622,80995,80995,1154,1154,1045,1045,483,483,768200,768200,1154,1154,7,7,758,758,854,854,47,47,0,0,1045,1045,328,328,2346,2346,261,261,17031809800,0.46220095693779906,0.05503512880562061,0.11125319693094629,0.3138755980861244,0.6629116117850953,70.18630849220104,0.017274183969611064,0.3565132304528455,1.0,True,0.7708762122701279,0.35131304916937883
Census Tract 8099; Cook County; Illinois,2757,115151,1401,1321,832,504400,1401,37,844,822,65,0,1321,256,2754,296,17,031,809900,2757,2757,115151,115151,1401,1401,1321,1321,832,832,504400,504400,1401,1401,37,37,844,844,822,822,65,65,0,0,1321,1321,256,256,2754,2754,296,296,17031809900,0.6298258894776685,0.07907542579075426,0.1074800290486565,0.19379258137774413,0.6288365453247681,82.192005710207,0.015324230887534512,0.2327790088295318,1.0,True,0.8284563186433594,0.3140936876048609
Census Tract 8100; Cook County; Illinois,5104,111237,3158,2820,1716,345900,3158,129,1596,2093,214,44,2820,419,5104,596,17,031,810000,5104,5104,111237,111237,3158,3158,2820,2820,1716,1716,345900,345900,3158,3158,129,129,1596,1596,2093,2093,214,214,44,44,2820,2820,419,419,5104,5104,596,596,17031810000,0.6085106382978723,0.12326803631151458,0.11677115987460815,0.14858156028368794,0.5462317922735909,35.22387587080431,0.018315357168271137,0.21384393569859728,1.0,True,0.8171925696593053,0.30216609172421494
Census Tract 8101; Cook County; Illinois,4381,94337,2104,2036,1044,431500,2104,126,994,1819,60,0,2036,214,4354,180,17,031,810100,4381,4381,94337,94337,2104,2104,2036,2036,1044,1044,431500,431500,2104,2104,126,126,994,994,1819,1819,60,60,0,0,2036,2036,214,214,4354,4354,180,180,17031810100,0.5127701375245579,0.032985156679494226,0.04134129536058796,0.10510805500982318,0.532319391634981,44.836977186311785,0.0034670056627759153,0.2593619039793228,1.0,True,0.8190167834932187,0.2128964172438927
Census Tract 8102; Cook County; Illinois,6470,78897,2892,2793,1149,230600,2892,371,869,2811,207,110,2793,398,6470,1012,17,031,810200,6470,6470,78897,78897,2892,2892,2793,2793,1149,1149,230600,230600,2892,2892,371,371,869,869,2811,2811,207,207,110,110,2793,2793,398,398,6470,6470,1012,1012,17031810200,0.4113856068743287,0.1127712557808609,0.15641421947449768,0.14249910490511994,0.4287690179806362,27.28112033195021,0.016069803007799012,0.2523796153097622,1.0,True,0.7337323669411764,0.27542680813808024
Census Tract 8103.01; Cook County; Illinois,4087,96960,1495,1455,985,416900,1495,51,186,1731,54,35,1455,138,3991,255,17,031,810301,4087,4087,96960,96960,1495,1495,1455,1455,985,985,416900,416900,1495,1495,51,51,186,186,1731,1731,54,54,35,35,1455,1455,138,138,3991,3991,255,255,17031810301,0.6769759450171822,0.05141536683997689,0.06389376096216487,0.09484536082474226,0.15852842809364548,64.8561872909699,0.0048765090198740965,0.05120849567286142,1.0,True,0.8636637375166618,0.12242346017143489
Census Tract 8103.02; Cook County; Illinois,3401,133906,1369,1295,976,435900,1369,4,358,1341,146,29,1295,73,3253,117,17,031,810302,3401,3401,133906,133906,1369,1369,1295,1295,976,976,435900,435900,1369,1369,4,4,358,358,1341,1341,146,146,29,29,1295,1295,73,73,3253,3253,117,117,17031810302,0.7536679536679537,0.13049962714392244,0.03596679987703658,0.05637065637065637,0.26442658875091307,97.81300219138058,0.0073563496382288325,0.06513674271161488,1.0,True,0.9017402992193961,0.17049744187312862
Census Tract 8104; Cook County; Illinois,5496,160500,2114,2032,1887,491600,2114,148,196,2142,210,29,2032,10,5496,107,17,031,810400,5496,5496,160500,160500,2114,2114,2032,2032,1887,1887,491600,491600,2114,2114,148,148,196,196,2142,2142,210,210,29,29,2032,2032,10,10,5496,5496,107,107,17031810400,0.9286417322834646,0.111577964519141,0.019468704512372634,0.004921259842519685,0.16272469252601704,75.92242194891202,0.0005491041560981348,0.011611752173362433,1.0,True,0.9674591781560196,0.11038225674116263
Census Tract 8105.01; Cook County; Illinois,5110,90903,1963,1927,1837,375300,1963,41,182,1919,195,128,1927,173,4887,239,17,031,810501,5110,5110,90903,90903,1963,1963,1927,1927,1837,1837,375300,375300,1963,1963,41,41,182,182,1919,1919,195,195,128,128,1927,1927,173,173,4887,4887,239,239,17031810501,0.9532952776336274,0.16831683168316833,0.04890525885001023,0.08977685521536066,0.11360163015792155,46.30820173204279,0.015110955828328033,0.005305732596893064,1.0,True,0.9624727796100446,0.16288912261070626
Census Tract 8105.02; Cook County; Illinois,5740,78750,2258,2104,1359,378700,2258,211,222,2622,189,88,2104,327,5453,358,17,031,810502,5740,5740,78750,78750,2258,2258,2104,2104,1359,1359,378700,378700,2258,2258,211,211,222,222,2622,2622,189,189,88,88,2104,2104,327,327,5453,5453,358,358,17031810502,0.6459125475285171,0.10564454614797865,0.06565193471483587,0.15541825095057035,0.19176262178919398,34.87599645704163,0.016419090584785655,0.06790073822858816,1.0,True,0.8525135902120883,0.17947541396216593
Census Tract 8106; Cook County; Illinois,4731,83798,1913,1843,1001,347000,1913,75,271,1973,246,0,1843,193,4731,219,17,031,810600,4731,4731,83798,83798,1913,1913,1843,1843,1001,1001,347000,347000,1913,1913,75,75,271,271,1973,1973,246,246,0,0,1843,1843,193,193,4731,4731,219,219,17031810600,0.5431361909929463,0.12468322351748606,0.046290424857324035,0.10472056429734129,0.18086774699424987,43.8044955567172,0.013056897525162675,0.08263192781831709,1.0,True,0.8269193693949534,0.16330783995544268
Census Tract 8107.01; Cook County; Illinois,4627,64410,1985,1845,1042,306400,1985,43,652,2224,264,0,1845,236,4627,888,17,031,810701,4627,4627,64410,64410,1985,1985,1845,1845,1042,1042,306400,306400,1985,1985,43,43,652,652,2224,2224,264,264,0,0,1845,1845,236,236,4627,4627,888,888,17031810701,0.564769647696477,0.11870503597122302,0.19191700886103308,0.12791327913279132,0.3501259445843829,32.448362720403026,0.015183950400655085,0.15238543821206474,1.0,True,0.7689697379890811,0.26375395257429723
Census Tract 8107.02; Cook County; Illinois,4301,93789,1634,1502,730,248100,1634,219,386,2031,227,0,1502,92,4111,214,17,031,810702,4301,4301,93789,93789,1634,1634,1502,1502,730,730,248100,248100,1634,1634,219,219,386,386,2031,2031,227,227,0,0,1502,1502,92,92,4111,4111,214,214,17031810702,0.48601864181091875,0.11176760216642048,0.052055460958404284,0.06125166444740346,0.37025703794369647,57.3984088127295,0.006845951663988471,0.19030521524136731,1.0,True,0.8053059915029045,0.19739562060635485
Census Tract 8108; Cook County; Illinois,5154,98000,1722,1722,1465,344100,1722,64,974,1965,229,27,1722,102,5144,168,17,031,810800,5154,5154,98000,98000,1722,1722,1722,1722,1465,1465,344100,344100,1722,1722,64,64,974,974,1965,1965,229,229,27,27,1722,1722,102,102,5144,5144,168,168,17031810800,0.8507549361207898,0.13027989821882952,0.03265940902021773,0.059233449477351915,0.6027874564459931,56.91056910569106,0.007716927769059588,0.08996305244286888,1.0,True,0.9355643562199395,0.26446236370358345
Census Tract 8109; Cook County; Illinois,5688,59719,2770,2499,1302,323200,2770,63,550,2448,332,25,2499,439,5633,414,17,031,810900,5688,5688,59719,59719,2770,2770,2499,2499,1302,1302,323200,323200,2770,2770,63,63,550,550,2448,2448,332,332,25,25,2499,2499,439,439,5633,5633,414,414,17031810900,0.5210084033613446,0.14583333333333334,0.07349547310491746,0.1756702681072429,0.22129963898916968,21.559205776173286,0.025618580765639592,0.10600066741498043,1.0,True,0.8073602851507761,0.21737224561305377
Census Tract 8110; Cook County; Illinois,4098,109844,1771,1717,1513,411000,1771,28,268,1568,141,14,1717,34,4098,199,17,031,811000,4098,4098,109844,109844,1771,1771,1717,1717,1513,1513,411000,411000,1771,1771,28,28,268,268,1568,1568,141,141,14,14,1717,1717,34,34,4098,4098,199,199,17031811000,0.8811881188118812,0.09885204081632654,0.04856027330405076,0.019801980198019802,0.1671372106154715,62.023715415019765,0.0019574661547787434,0.01985788640975899,1.0,True,0.9386008681784772,0.11967881149194748
Census Tract 8111; Cook County; Illinois,7184,67254,3136,2834,1305,226400,3136,283,552,2843,112,126,2834,508,7181,396,17,031,811100,7184,7184,67254,67254,3136,3136,2834,2834,1305,1305,226400,226400,3136,3136,283,283,552,552,2843,2843,112,112,126,126,2834,2834,508,508,7181,7181,396,396,17031811100,0.46047988708539167,0.08371438621174815,0.05514552290767303,0.17925194071983064,0.26626275510204084,21.445790816326532,0.015005966194625287,0.14365411169760778,1.0,True,0.795397364557828,0.1932020492025374
Census Tract 8112; Cook County; Illinois,5146,73503,2119,1993,1607,261000,2119,88,253,2185,108,48,1993,129,5146,798,17,031,811200,5146,5146,73503,73503,2119,2119,1993,1993,1607,1607,261000,261000,2119,2119,88,88,253,253,2185,2185,108,108,48,48,1993,1993,129,129,5146,5146,798,798,17031811200,0.8063221274460612,0.07139588100686499,0.1550719005052468,0.06472654290015052,0.1609249646059462,34.6875884851345,0.004621208554884889,0.031167604785697557,1.0,True,0.8659757106651996,0.15416616793628538
Census Tract 8113.01; Cook County; Illinois,4012,70866,1514,1457,1188,263400,1514,59,114,1512,84,68,1457,113,4012,276,17,031,811301,4012,4012,70866,70866,1514,1514,1457,1457,1188,1188,263400,263400,1514,1514,59,59,114,114,1512,1512,84,84,68,68,1457,1457,113,113,4012,4012,276,276,17031811301,0.8153740562800275,0.10052910052910052,0.06879361914257229,0.07755662319835278,0.1142668428005284,46.807133421400266,0.007796697570204777,0.021096623687949307,1.0,True,0.9075912779942602,0.1312200737978423
Census Tract 8113.02; Cook County; Illinois,3610,62753,1431,1361,499,233000,1431,142,15,1751,65,114,1361,175,3598,823,17,031,811302,3610,3610,62753,62753,1431,1431,1361,1361,499,499,233000,233000,1431,1431,142,142,15,15,1751,1751,65,65,114,114,1361,1361,175,175,3598,3598,823,823,17031811302,0.3666421748714181,0.10222729868646488,0.22873818788215675,0.12858192505510654,0.10971348707197764,43.85255066387142,0.013144582858289018,0.06948789555918054,1.0,True,0.6864531898435926,0.20094100600970813
Census Tract 8114.01; Cook County; Illinois,4746,84261,1578,1529,1199,316300,1578,39,315,2711,153,17,1529,79,4743,284,17,031,811401,4746,4746,84261,84261,1578,1578,1529,1529,1199,1199,316300,316300,1578,1578,39,39,315,315,2711,2711,153,153,17,17,1529,1529,79,79,4743,4743,284,284,17031811401,0.7841726618705036,0.06270748801180376,0.059877714526670886,0.051667756703727925,0.22433460076045628,53.39733840304182,0.0032399552340958123,0.04841753973247258,1.0,True,0.9011863467378523,0.13124567243988655
Census Tract 8114.02; Cook County; Illinois,4189,87250,1366,1347,976,287500,1366,92,69,1642,94,0,1347,167,4133,194,17,031,811402,4189,4189,87250,87250,1366,1366,1347,1347,976,976,287500,287500,1366,1366,92,92,69,69,1642,1642,94,94,0,0,1347,1347,167,167,4133,4133,194,194,17031811402,0.7245731254639941,0.057247259439707675,0.04693926929591096,0.12397921306607275,0.11786237188872621,63.872620790629576,0.0070974701755242625,0.032462464714712265,1.0,True,0.8871097898853594,0.11777656007393468
Census Tract 8115; Cook County; Illinois,6236,81067,2024,1971,1739,283600,2024,30,45,2694,55,91,1971,64,6236,457,17,031,811500,6236,6236,81067,81067,2024,2024,1971,1971,1739,1739,283600,283600,2024,2024,30,30,45,45,2694,2694,55,55,91,91,1971,1971,64,64,6236,6236,457,457,17031811500,0.8822932521562659,0.054194506310319225,0.0732841565105837,0.032470826991374935,0.03705533596837945,40.05286561264822,0.0017597404382853528,0.004361663087094892,1.0,True,0.9278937778744419,0.07303571670240655
Census Tract 8116; Cook County; Illinois,5557,64617,2337,2269,942,294900,2337,54,96,3047,357,0,2269,178,5550,144,17,031,811600,5557,5557,64617,64617,2337,2337,2269,2269,942,942,294900,294900,2337,2337,54,54,96,96,3047,3047,357,357,0,0,2269,2269,178,178,5550,5550,144,144,17031811600,0.41516086381665934,0.1171644240236298,0.025945945945945945,0.07844865579550463,0.06418485237483953,27.649550706033377,0.009191391571708287,0.037537813618956396,1.0,True,0.7933531469709191,0.11166611358130674
Census Tract 8117.01; Cook County; Illinois,2969,75361,1098,1039,522,267700,1098,32,45,1539,25,32,1039,14,2949,451,17,031,811701,2969,2969,75361,75361,1098,1098,1039,1039,522,522,267700,267700,1098,1098,32,32,45,45,1539,1539,25,25,32,32,1039,1039,14,14,2949,2949,451,451,17031811701,0.5024061597690087,0.037037037037037035,0.1529331976941336,0.013474494706448507,0.07012750455373407,68.63479052823315,0.0004990553594980928,0.03489501429670886,1.0,True,0.7656281394925091,0.0940942386031461
Census Tract 8117.02; Cook County; Illinois,5456,76912,2103,2050,1393,223100,2103,101,137,2589,131,17,2050,88,5435,633,17,031,811702,5456,5456,76912,76912,2103,2103,2050,2050,1393,1393,223100,223100,2103,2103,101,101,137,137,2589,2589,131,131,17,17,2050,2050,88,88,5435,5435,633,633,17031811702,0.6795121951219513,0.05716492854383932,0.11646734130634774,0.042926829268292686,0.11317165953399905,36.57251545411317,0.0024539091277355415,0.03627013673845725,1.0,True,0.840978522954173,0.11361807783740757
Census Tract 8118; Cook County; Illinois,5660,100577,1899,1728,1372,275000,1899,82,115,2286,152,0,1728,199,5353,359,17,031,811800,5660,5660,100577,100577,1899,1899,1728,1728,1372,1372,275000,275000,1899,1899,82,82,115,115,2286,2286,152,152,0,0,1728,1728,199,199,5353,5353,359,359,17031811800,0.7939814814814815,0.06649168853893263,0.0670651970857463,0.11516203703703703,0.10373880989994734,52.96313849394418,0.0076573182981756905,0.02137211592846137,1.0,True,0.901248539096462,0.12246811581614281
Census Tract 8119; Cook County; Illinois,6194,179808,2087,1924,1720,816100,2087,42,784,1994,250,25,1924,76,5254,201,17,031,811900,6194,6194,179808,179808,2087,2087,1924,1924,1720,1720,816100,816100,2087,2087,42,42,784,784,1994,1994,250,250,25,25,1924,1924,76,76,5254,5254,201,201,17031811900,0.893970893970894,0.137913741223671,0.03825656642558051,0.0395010395010395,0.39578342117872545,86.15620507906085,0.005447736139812368,0.04196456232872139,1.0,True,0.9475064820569918,0.20620274762210553
Census Tract 8120; Cook County; Illinois,5798,122227,2593,2536,2191,569900,2593,61,1193,1928,201,33,2536,151,5787,100,17,031,812000,5798,5798,122227,122227,2593,2593,2536,2536,2191,2191,569900,569900,2593,2593,61,61,1193,1193,1928,1928,201,201,33,33,2536,2536,151,151,5787,5787,100,100,17031812000,0.8639589905362776,0.12136929460580913,0.017280110592707794,0.05954258675078864,0.4836097184728114,47.13729271114539,0.0072266417529484135,0.06579075428750789,1.0,True,0.94685827816278,0.2216537540214022
Census Tract 8121; Cook County; Illinois,4614,141111,1690,1644,1462,446200,1690,0,1463,1340,115,14,1644,132,4614,172,17,031,812100,4614,4614,141111,141111,1690,1690,1644,1644,1462,1462,446200,446200,1690,1690,0,0,1463,1463,1340,1340,115,115,14,14,1644,1644,132,132,4614,4614,172,172,17031812100,0.889294403892944,0.0962686567164179,0.03727785002167317,0.08029197080291971,0.8656804733727811,83.49763313609468,0.0077296001743109265,0.09583567284297215,1.0,True,0.9463661734459183,0.328689119275562
Census Tract 8122; Cook County; Illinois,3759,214667,1366,1272,1133,700800,1366,9,807,1175,111,21,1272,56,3696,210,17,031,812200,3759,3759,214667,214667,1366,1366,1272,1272,1133,1133,700800,700800,1366,1366,9,9,807,807,1175,1175,111,111,21,21,1272,1272,56,56,3696,3696,210,210,17031812200,0.8907232704402516,0.1123404255319149,0.056818181818181816,0.0440251572327044,0.5973645680819912,157.15007320644216,0.004945804897631473,0.06527804635487168,1.0,True,0.9381371826831538,0.2570001061855236
Census Tract 8123.01; Cook County; Illinois,5552,89669,3497,3386,998,245300,3497,308,968,2226,232,73,3386,753,5484,509,17,031,812301,5552,5552,89669,89669,3497,3497,3386,3386,998,998,245300,245300,3497,3497,308,308,968,968,2226,2226,232,232,73,73,3386,3386,753,753,5484,5484,509,509,17031812301,0.2947430596574129,0.13701707097933513,0.09281546316557257,0.22238629651506203,0.3648841864455247,25.641692879611096,0.030470718974435724,0.2573371049119649,1.0,True,0.7233100069800839,0.2744233669993983
Census Tract 8123.02; Cook County; Illinois,2707,158864,1135,1074,863,535100,1135,66,602,838,42,9,1074,84,2564,58,17,031,812302,2707,2707,158864,158864,1135,1135,1074,1074,863,863,535100,535100,1135,1135,66,66,602,602,838,838,42,42,9,9,1074,1074,84,84,2564,2564,58,58,17031812302,0.8035381750465549,0.060859188544152745,0.02262090483619345,0.0782122905027933,0.5885462555066079,139.968281938326,0.0047599365341795445,0.11562687142634477,1.0,True,0.9243469287875304,0.22782732525917138
Census Tract 8124; Cook County; Illinois,3317,238472,1228,1135,1019,690400,1228,0,1072,746,57,9,1135,12,3317,89,17,031,812400,3317,3317,238472,238472,1228,1228,1135,1135,1019,1019,690400,690400,1228,1228,0,0,1072,1072,746,746,57,57,9,9,1135,1135,12,12,3317,3317,89,89,17031812400,0.8977973568281938,0.08847184986595175,0.02683147422369611,0.010572687224669603,0.8729641693811075,194.19543973941367,0.0009353851968206352,0.08921924550502949,1.0,True,0.9539227011611743,0.3007508591847619
Census Tract 8125; Cook County; Illinois,3377,66757,1777,1708,668,456700,1777,64,1060,1269,239,0,1708,302,3365,346,17,031,812500,3377,3377,66757,66757,1777,1777,1708,1708,668,668,456700,456700,1777,1777,64,64,1060,1060,1269,1269,239,239,0,0,1708,1708,302,302,3365,3365,346,346,17031812500,0.3911007025761124,0.18833727344365642,0.10282317979197622,0.17681498829039813,0.6325267304445695,37.567248171074844,0.03330085279858562,0.3851450817695271,1.0,True,0.7509404711269306,0.3638316445543341
Census Tract 8126; Cook County; Illinois,3553,77083,1972,1853,842,372600,1972,24,1446,1353,167,0,1853,272,3538,338,17,031,812600,3553,3553,77083,77083,1972,1972,1853,1853,842,842,372600,372600,1972,1972,24,24,1446,1446,1353,1353,167,167,0,0,1853,1853,272,272,3538,3538,338,338,17031812600,0.4543982730706962,0.12342941611234294,0.09553420011305823,0.14678899082568808,0.7454361054766734,39.08874239350913,0.018118079429334744,0.4067112264635277,1.0,True,0.775305799726589,0.35004061059089836
Census Tract 8127; Cook County; Illinois,3259,97902,1769,1661,1160,306400,1769,64,790,1419,67,7,1661,196,3259,299,17,031,812700,3259,3259,97902,97902,1769,1769,1661,1661,1160,1160,306400,306400,1769,1769,64,64,790,790,1419,1419,67,67,7,7,1661,1661,196,196,3259,3259,299,299,17031812700,0.6983744732089103,0.05214940098661029,0.0917459343356858,0.11800120409391933,0.4827586206896552,55.34313171283211,0.006153692109196639,0.14561232327845708,1.0,True,0.8583364171983406,0.22993801556077875
Census Tract 8128.01; Cook County; Illinois,3255,75735,2098,1896,696,281100,2098,45,674,1004,134,0,1896,345,3255,529,17,031,812801,3255,3255,75735,75735,2098,2098,1896,1896,696,696,281100,281100,2098,2098,45,45,674,674,1004,1004,134,134,0,0,1896,1896,345,345,3255,3255,529,529,17031812801,0.3670886075949367,0.13346613545816732,0.16251920122887864,0.1819620253164557,0.3427073403241182,36.09866539561487,0.02428576831912855,0.21690337995197356,1.0,True,0.7162338451932522,0.2767850200098434
Census Tract 8128.02; Cook County; Illinois,2776,101106,1309,1204,548,286100,1309,62,740,1128,36,0,1204,169,2776,90,17,031,812802,2776,2776,101106,101106,1309,1309,1204,1204,548,548,286100,286100,1309,1309,62,62,740,740,1128,1128,36,36,0,0,1204,1204,169,169,2776,2776,90,90,17031812802,0.45514950166112955,0.031914893617021274,0.032420749279538905,0.1403654485049834,0.612681436210848,77.23911382734912,0.004479748356542023,0.3338197858424554,1.0,True,0.8038042031808533,0.24311548117578807
Census Tract 8129; Cook County; Illinois,4706,141750,1870,1677,1163,495500,1870,0,1389,1748,181,7,1677,142,4671,607,17,031,812900,4706,4706,141750,141750,1870,1870,1677,1677,1163,1163,495500,495500,1870,1870,0,0,1389,1389,1748,1748,181,181,7,7,1677,1677,142,142,4671,4671,607,607,17031812900,0.693500298151461,0.10755148741418764,0.12995076000856348,0.08467501490757305,0.7427807486631016,75.80213903743315,0.009106923800127995,0.22766207800407526,1.0,True,0.8396413567212649,0.33271620415147973
Census Tract 8130; Cook County; Illinois,3678,170286,1541,1441,1078,481600,1541,15,1212,1429,66,0,1441,133,3678,177,17,031,813000,3678,3678,170286,170286,1541,1541,1441,1441,1078,1078,481600,481600,1541,1541,15,15,1212,1212,1429,1429,66,66,0,0,1441,1441,133,133,3678,3678,177,177,17031813000,0.7480916030534351,0.04618614415675298,0.04812398042414356,0.0922970159611381,0.7962362102530824,110.50356911096691,0.004262843284419254,0.20057858731566197,1.0,True,0.8944607633192924,0.2913004549799459
Census Tract 8131; Cook County; Illinois,4256,116250,1911,1843,1266,416500,1911,53,1159,1750,95,9,1843,67,4249,200,17,031,813100,4256,4256,116250,116250,1911,1911,1843,1843,1266,1266,416500,416500,1911,1911,53,53,1159,1159,1750,1750,95,95,9,9,1843,1843,67,67,4249,4249,200,200,17031813100,0.6869234943027672,0.05942857142857143,0.04706989879971758,0.0363537710255019,0.6342229199372057,60.832025117739406,0.00216045267808697,0.1985602956070362,1.0,True,0.8745159657658297,0.23452679138414995
Census Tract 8132; Cook County; Illinois,4483,140346,1709,1593,1141,480900,1709,12,1359,1427,94,34,1593,73,4483,314,17,031,813200,4483,4483,140346,140346,1709,1709,1593,1593,1141,1141,480900,480900,1709,1709,12,12,1359,1359,1427,1427,94,94,34,34,1593,1593,73,73,4483,4483,314,314,17031813200,0.7162586315128688,0.08969866853538892,0.07004238233325898,0.045825486503452605,0.802223522527794,82.12170860152136,0.004110485124346134,0.22762400011460318,1.0,True,0.8740288526094684,0.3075370495872438
Census Tract 8133.01; Cook County; Illinois,2758,52422,1099,959,321,172400,1099,0,768,1332,64,13,959,125,2758,313,17,031,813301,2758,2758,52422,52422,1099,1099,959,959,321,321,172400,172400,1099,1099,0,0,768,768,1332,1332,64,64,13,13,959,959,125,125,2758,2758,313,313,17031813301,0.3347236704900938,0.05780780780780781,0.11348803480783176,0.13034410844629823,0.6988171064604186,47.699727024567785,0.007534907169943667,0.4649064795847207,1.0,True,0.727369670225665,0.3042923715670468
Census Tract 8133.02; Cook County; Illinois,3062,61250,1090,952,372,225500,1090,0,951,1339,76,45,952,53,3062,709,17,031,813302,3062,3062,61250,61250,1090,1090,952,952,372,372,225500,225500,1090,1090,0,0,951,951,1339,1339,76,76,45,45,952,952,53,53,3062,3062,709,709,17031813302,0.3907563025210084,0.09036594473487677,0.23154800783801438,0.05567226890756303,0.8724770642201835,56.19266055045872,0.005030877175366039,0.5315511525711202,1.0,True,0.6932334109549118,0.3848162513588903
Census Tract 8134; Cook County; Illinois,8309,83099,2116,2056,1201,256600,2116,0,1275,3578,213,132,2056,231,8156,1457,17,031,813400,8309,8309,83099,83099,2116,2116,2056,2056,1201,1201,256600,256600,2116,2116,0,0,1275,1275,3578,3578,213,213,132,132,2056,2056,231,231,8156,8156,1457,1457,17031813400,0.5841439688715954,0.09642258244829514,0.17864149092692497,0.11235408560311284,0.6025519848771267,39.27173913043478,0.010833471082468958,0.2505748769795444,1.0,True,0.7813764485295577,0.3132358332157152
Census Tract 8135; Cook County; Illinois,6481,78890,2156,2143,1373,284500,2156,157,1521,3234,212,30,2143,131,6433,867,17,031,813500,6481,6481,78890,78890,2156,2156,2143,2143,1373,1373,284500,284500,2156,2156,157,157,1521,1521,3234,3234,212,212,30,30,2143,2143,131,131,6433,6433,867,867,17031813500,0.6406906206252917,0.07482993197278912,0.13477382247784858,0.06112925804946337,0.7782931354359925,36.59090909090909,0.0045742982213884155,0.27964802346510226,1.0,True,0.819848948713259,0.3199392603034803
Census Tract 8136; Cook County; Illinois,5084,56846,1761,1626,713,285700,1761,15,1156,2197,193,13,1626,161,5074,669,17,031,813600,5084,5084,56846,56846,1761,1761,1626,1626,713,713,285700,285700,1761,1761,15,15,1156,1156,2197,2197,193,193,13,13,1626,1626,161,161,5074,5074,669,669,17031813600,0.43849938499384994,0.09376422394173874,0.13184864012613323,0.0990159901599016,0.6649630891538898,32.28052243043725,0.009284157475166014,0.37337718351629856,1.0,True,0.7537495338825032,0.30926424028244426
Census Tract 8137.01; Cook County; Illinois,3112,55250,1074,968,306,223600,1074,13,694,1395,207,16,968,160,3112,363,17,031,813701,3112,3112,55250,55250,1074,1074,968,968,306,306,223600,223600,1074,1074,13,13,694,694,1395,1395,207,207,16,16,968,968,160,160,3112,3112,363,363,17031813701,0.31611570247933884,0.15985663082437276,0.1166452442159383,0.1652892561983471,0.6582867783985102,51.44320297951583,0.026422583607334342,0.4501919910122043,1.0,True,0.7197559407752937,0.3573975265075601
Census Tract 8137.02; Cook County; Illinois,4282,78750,1339,1205,501,291000,1339,10,1170,2287,101,0,1205,87,4270,412,17,031,813702,4282,4282,78750,78750,1339,1339,1205,1205,501,501,291000,291000,1339,1339,10,10,1170,1170,2287,2287,101,101,0,0,1205,1205,87,87,4270,4270,412,412,17031813702,0.4157676348547718,0.04416265850459117,0.09648711943793911,0.07219917012448132,0.8812546676624347,58.81254667662434,0.00318850729452235,0.5148574987836962,1.0,True,0.7620034320631808,0.3236994475456147
Census Tract 8138.01; Cook County; Illinois,3090,52218,1054,997,432,235500,1054,11,886,1379,18,7,997,181,3080,622,17,031,813801,3090,3090,52218,52218,1054,1054,997,997,432,432,235500,235500,1054,1054,11,11,886,886,1379,1379,18,18,7,7,997,997,181,181,3080,3080,622,622,17031813801,0.43329989969909727,0.018129079042784626,0.20194805194805196,0.1815446339017051,0.8510436432637571,49.5426944971537,0.0032912370177974096,0.4822865179980168,1.0,True,0.7206526605883748,0.37264975204072326
Census Tract 8138.02; Cook County; Illinois,4985,76250,1587,1410,744,243800,1587,120,1161,2259,274,0,1410,142,4939,968,17,031,813802,4985,4985,76250,76250,1587,1587,1410,1410,744,744,243800,243800,1587,1587,120,120,1161,1161,2259,2259,274,274,0,0,1410,1410,142,142,4939,4939,968,968,17031813802,0.5276595744680851,0.12129260734838423,0.19599109131403117,0.10070921985815603,0.8071833648393195,48.0466288594833,0.01221528386061742,0.3812653340304871,1.0,True,0.7547829495491664,0.3849990887978145
Census Tract 8139; Cook County; Illinois,6419,79180,1874,1705,979,259700,1874,53,1261,2694,54,55,1705,107,6051,667,17,031,813900,6419,6419,79180,79180,1874,1874,1705,1705,979,979,259700,259700,1874,1874,53,53,1261,1261,2694,2694,54,54,55,55,1705,1705,107,107,6051,6051,667,667,17031813900,0.5741935483870968,0.04046028210838901,0.1102297140968435,0.06275659824046921,0.7011739594450374,42.25186766275347,0.0025391496689722137,0.29856439563466103,1.0,True,0.8086640594008337,0.2732079295319439
Census Tract 8140; Cook County; Illinois,4666,62566,1581,1430,763,253700,1581,48,1185,1901,139,0,1430,54,4547,611,17,031,814000,4666,4666,62566,62566,1581,1581,1430,1430,763,763,253700,253700,1581,1581,48,48,1185,1185,1901,1901,139,139,0,0,1430,1430,54,54,4547,4547,611,611,17031814000,0.5335664335664335,0.07311941083640189,0.13437431273367056,0.03776223776223776,0.7798861480075902,39.57368753953194,0.0027611525770389524,0.36376507742731656,1.0,True,0.7843114619331546,0.3118405001071598
Census Tract 8141; Cook County; Illinois,4662,61867,1411,1333,527,253700,1411,10,1005,1886,159,0,1333,190,4662,526,17,031,814100,4662,4662,61867,61867,1411,1411,1333,1333,527,527,253700,253700,1411,1411,10,10,1005,1005,1886,1886,159,159,0,0,1333,1333,190,190,4662,4662,526,526,17031814100,0.3953488372093023,0.08430540827147402,0.11282711282711283,0.14253563390847712,0.7193479801559178,43.846208362863216,0.01201652480988752,0.43495459265241543,1.0,True,0.7478784661879351,0.3272416179187214
Census Tract 8142; Cook County; Illinois,8078,74178,2432,2266,1574,194900,2432,164,1711,3907,518,223,2266,229,7992,1202,17,031,814200,8078,8078,74178,74178,2432,2432,2266,2266,1574,1574,194900,194900,2432,2432,164,164,1711,1711,3907,3907,518,518,223,223,2266,2266,229,229,7992,7992,1202,1202,17031814200,0.6946160635481023,0.18965958535961094,0.1504004004004004,0.10105913503971757,0.7709703947368421,30.50082236842105,0.019166833648433763,0.23544197403261025,1.0,True,0.8308306506837074,0.39460822851745525
Census Tract 8143; Cook County; Illinois,4631,53991,1661,1596,847,253200,1661,43,834,1815,153,79,1596,179,4631,1272,17,031,814300,4631,4631,53991,53991,1661,1661,1596,1596,847,847,253200,253200,1661,1661,43,43,834,834,1815,1815,153,153,79,79,1596,1596,179,179,4631,4631,1272,1272,17031814300,0.5307017543859649,0.1278236914600551,0.27467069747354783,0.11215538847117794,0.5279951836243227,32.505117399157136,0.01433611577152247,0.24778721336755496,1.0,True,0.7205858388535082,0.3406440540926704
Census Tract 8144; Cook County; Illinois,7581,74173,2409,2279,1489,232200,2409,64,261,2893,206,27,2279,169,7398,1156,17,031,814400,7581,7581,74173,74173,2409,2409,2279,2279,1489,1489,232200,232200,2409,2409,64,64,261,261,2893,2893,206,206,27,27,2279,2279,169,169,7398,7398,1156,1156,17031814400,0.6533567354102676,0.08053923263048739,0.15625844822925114,0.0741553312856516,0.13491075134910752,30.789954337899545,0.005972413477205954,0.04676590327590827,1.0,True,0.8144567383305512,0.15502290239774044
Census Tract 8145; Cook County; Illinois,5597,92344,1559,1507,1187,260500,1559,16,357,2478,133,12,1507,62,5139,97,17,031,814500,5597,5597,92344,92344,1559,1559,1507,1507,1187,1187,260500,260500,1559,1559,16,16,357,357,2478,2478,133,133,12,12,1507,1507,62,62,5139,5139,97,97,17031814500,0.787657597876576,0.05851493139628733,0.018875267561782448,0.0411413404114134,0.23925593329057088,59.232841565105836,0.002407382711725159,0.050804179597201515,1.0,True,0.920695896023428,0.1161108382427024
Census Tract 8146; Cook County; Illinois,5278,102987,2016,1758,1379,280500,2016,40,1458,2319,273,128,1758,166,5278,666,17,031,814600,5278,5278,102987,102987,2016,2016,1758,1758,1379,1379,280500,280500,2016,2016,40,40,1458,1458,2319,2319,273,273,128,128,1758,1758,166,166,5278,5278,666,666,17031814600,0.7844141069397043,0.17291936179387668,0.1261841606669193,0.09442548350398179,0.7430555555555556,51.08482142857143,0.01632799434458676,0.16019229553785866,1.0,True,0.8716117040137966,0.3680254537175337
Census Tract 8147; Cook County; Illinois,5348,79576,2073,1849,1220,276100,2073,9,1539,2210,156,0,1849,148,5348,623,17,031,814700,5348,5348,79576,79576,2073,2073,1849,1849,1220,1220,276100,276100,2073,2073,9,9,1539,1539,2210,2210,156,156,0,0,1849,1849,148,148,5348,5348,623,623,17031814700,0.6598161168199026,0.07058823529411765,0.11649214659685864,0.08004326663061113,0.7467438494934877,38.38687891944043,0.0056501129386313746,0.2540302224615489,1.0,True,0.8344033975154885,0.3089512598726914
Census Tract 8148; Cook County; Illinois,6671,66724,2681,2613,1784,340800,2681,51,1517,2970,392,54,2613,392,6671,821,17,031,814800,6671,6671,66724,66724,2681,2681,2613,2613,1784,1784,340800,340800,2681,2681,51,51,1517,1517,2970,2970,392,392,54,54,2613,2613,392,392,6671,6671,821,821,17031814800,0.6827401454267126,0.15016835016835017,0.1230700044970769,0.15001913509376197,0.5848563968668408,24.887728459530027,0.02252812601071308,0.18555145541623078,1.0,True,0.8390954843665313,0.3292286892748221
Census Tract 8149; Cook County; Illinois,6824,62336,3091,2906,813,343800,3091,29,2161,3667,199,36,2906,278,6824,689,17,031,814900,6824,6824,62336,62336,3091,3091,2906,2906,813,813,343800,343800,3091,3091,29,29,2161,2161,3667,3667,199,199,36,36,2906,2906,278,278,6824,6824,689,689,17031814900,0.2797660013764625,0.06408508317425689,0.10096717467760843,0.0956641431520991,0.7085085732772566,20.166936266580393,0.006130644570696288,0.5102919627905361,1.0,True,0.7146570425232519,0.29480973543525935
Census Tract 8150; Cook County; Illinois,4113,82648,1423,1393,592,329700,1423,0,867,2052,126,20,1393,115,4113,259,17,031,815000,4113,4113,82648,82648,1423,1423,1393,1393,592,592,329700,329700,1423,1423,0,0,867,867,2052,2052,126,126,20,20,1393,1393,115,115,4113,4113,259,259,17031815000,0.42498205312275666,0.07115009746588694,0.06297106734743496,0.08255563531945441,0.6092761770906535,58.08011243851019,0.005873841499337399,0.35034473643188335,1.0,True,0.7800714191622946,0.2537928259304087
Census Tract 8151; Cook County; Illinois,4165,86262,1549,1435,925,289500,1549,11,1096,1901,124,0,1435,53,4156,645,17,031,815100,4165,4165,86262,86262,1549,1549,1435,1435,925,925,289500,289500,1549,1549,11,11,1096,1096,1901,1901,124,124,0,0,1435,1435,53,53,4156,4156,645,645,17031815100,0.6445993031358885,0.06522882693319305,0.1551973051010587,0.036933797909407665,0.7146546158812137,55.68883150419626,0.00240914831181828,0.25398874850133724,1.0,True,0.812018375583525,0.29636153216915023
Census Tract 8152; Cook County; Illinois,6647,69775,2626,2472,1611,256500,2626,35,1649,3117,379,110,2472,312,6647,429,17,031,815200,6647,6647,69775,69775,2626,2626,2472,2472,1611,1611,256500,256500,2626,2626,35,35,1649,1649,3117,3117,379,379,110,110,2472,2472,312,312,6647,6647,429,429,17031815200,0.6516990291262136,0.15688161693936478,0.0645403941627802,0.1262135922330097,0.6412795125666413,26.57083015993907,0.019800592429240215,0.22335827682842968,1.0,True,0.8549352177358703,0.32105666755609613
Census Tract 8153; Cook County; Illinois,3616,102361,1484,1391,1073,282500,1484,0,963,1603,161,8,1391,45,3616,191,17,031,815300,3616,3616,102361,102361,1484,1484,1391,1391,1073,1073,282500,282500,1484,1484,0,0,963,963,1603,1603,161,161,8,8,1391,1391,45,45,3616,3616,191,191,17031815300,0.7713874910136592,0.10542732376793512,0.05282079646017699,0.03235082674335011,0.648921832884097,68.97641509433963,0.0034106610852315464,0.14835164835164835,1.0,True,0.9000908263014008,0.26272997820117727
Census Tract 8154; Cook County; Illinois,5476,62592,2545,2485,1231,315100,2545,161,1184,2576,54,140,2485,178,5387,657,17,031,815400,5476,5476,62592,62592,2545,2545,2485,2485,1231,1231,315100,315100,2545,2545,161,161,1184,1184,2576,2576,54,54,140,140,2485,2485,178,178,5387,5387,657,657,17031815400,0.49537223340040243,0.07531055900621118,0.12196027473547429,0.0716297786720322,0.5284872298624754,24.59410609037328,0.005394478673281928,0.26668933048190907,1.0,True,0.7771339244881307,0.24967829045488085
Census Tract 8155; Cook County; Illinois,7457,88244,2539,2174,1876,298600,2539,146,885,2867,48,27,2174,149,7457,1056,17,031,815500,7457,7457,88244,88244,2539,2539,2174,2174,1876,1876,298600,298600,2539,2539,146,146,885,885,2867,2867,48,48,27,27,2174,2174,149,149,7457,7457,1056,1056,17031815500,0.8629254829806807,0.026159748866410884,0.14161190827410486,0.06853725850965961,0.40606538007089404,34.75541551792044,0.0017929174706049777,0.05566121585148411,1.0,True,0.8908726570279103,0.19609172386699839
Census Tract 8156; Cook County; Illinois,5363,76667,2292,2212,1562,296700,2292,160,284,2115,82,133,2212,209,5301,317,17,031,815600,5363,5363,76667,76667,2292,2292,2212,2212,1562,1562,296700,296700,2292,2292,160,160,284,284,2115,2115,82,82,133,133,2212,2212,209,209,5301,5301,317,317,17031815600,0.7061482820976492,0.1016548463356974,0.05980003772873043,0.09448462929475587,0.193717277486911,33.44982547993019,0.009604820472043741,0.05692415477689518,1.0,True,0.8752091759746149,0.15636996968452768
Census Tract 8157.01; Cook County; Illinois,3891,186667,1606,1384,1288,510700,1606,6,936,1201,156,15,1384,41,3891,249,17,031,815701,3891,3891,186667,186667,1606,1606,1384,1384,1288,1288,510700,510700,1606,1606,6,6,936,936,1201,1201,156,156,15,15,1384,1384,41,41,3891,3891,249,249,17031815701,0.930635838150289,0.14238134887593673,0.06399383191981496,0.029624277456647398,0.5865504358655044,116.23100871731009,0.004217944583752461,0.040685579366393346,1.0,True,0.9482171017070181,0.2670783991228083
Census Tract 8157.02; Cook County; Illinois,5047,147694,2182,2019,1579,489400,2182,23,1452,2020,138,105,2019,143,5047,55,17,031,815702,5047,5047,147694,147694,2182,2182,2019,2019,1579,1579,489400,489400,2182,2182,23,23,1452,1452,2020,2020,138,138,105,105,2019,2019,143,143,5047,5047,55,55,17031815702,0.7820703318474492,0.12029702970297029,0.01089756290865861,0.070827142149579,0.6759853345554537,67.68744271310725,0.008520294822944403,0.14731725963566103,1.0,True,0.9224302409673605,0.2761979850349306
Census Tract 8158; Cook County; Illinois,1941,113958,779,733,590,402000,779,11,280,653,78,0,733,21,1913,113,17,031,815800,1941,1941,113958,113958,779,779,733,733,590,590,402000,402000,779,779,11,11,280,280,653,653,78,78,0,0,733,733,21,21,1913,1913,113,113,17031815800,0.8049113233287858,0.11944869831546708,0.05906952430737062,0.0286493860845839,0.3735558408215661,146.2875481386393,0.003422131875340803,0.07287651464868207,1.0,True,0.9084756486949246,0.194073081445082
Census Tract 8159; Cook County; Illinois,4746,76875,3004,2785,1555,218200,3004,91,878,2189,121,0,2785,237,4707,622,17,031,815900,4746,4746,76875,76875,3004,3004,2785,2785,1555,1555,218200,218200,3004,3004,91,91,878,878,2189,2189,121,121,0,0,2785,2785,237,237,4707,4707,622,622,17031815900,0.5583482944344704,0.05527638190954774,0.13214361589122584,0.0850987432675045,0.3225699067909454,25.590878828229027,0.004703950632877133,0.14246354949833492,1.0,True,0.7935772134894616,0.189850760209892
Census Tract 8160; Cook County; Illinois,3164,90644,1826,1679,789,384400,1826,49,1184,1260,50,7,1679,172,3164,304,17,031,816000,3164,3164,90644,90644,1826,1826,1679,1679,789,789,384400,384400,1826,1826,49,49,1184,1184,1260,1260,50,50,7,7,1679,1679,172,172,3164,3164,304,304,17031816000,0.4699225729600953,0.04523809523809524,0.09608091024020228,0.10244192972007148,0.6752464403066812,49.640744797371305,0.0046342777730508525,0.3579328956956202,1.0,True,0.780242754614692,0.276473429532749
Census Tract 8161; Cook County; Illinois,6033,70225,2819,2621,1399,311300,2819,13,1591,2160,64,95,2621,420,5774,653,17,031,816100,6033,6033,70225,70225,2819,2819,2621,2621,1399,1399,311300,311300,2819,2819,13,13,1591,1591,2160,2160,64,64,95,95,2621,2621,420,420,5774,5774,653,653,17031816100,0.5337657382678367,0.07361111111111111,0.11309317630758572,0.16024418161007248,0.5689960979070593,24.9113160695282,0.011795752257408114,0.2652854756361795,1.0,True,0.7939025779330277,0.2856990171369354
Census Tract 8162; Cook County; Illinois,4212,75735,1852,1852,1405,320400,1852,0,133,1718,113,23,1852,234,4136,226,17,031,816200,4212,4212,75735,75735,1852,1852,1852,1852,1405,1405,320400,320400,1852,1852,0,0,133,133,1718,1718,113,113,23,23,1852,1852,234,234,4136,4136,226,226,17031816200,0.7586393088552916,0.07916181606519208,0.054642166344294,0.1263498920086393,0.07181425485961124,40.89362850971922,0.010002086911044787,0.017333138186958,1.0,True,0.8950132713740432,0.11947848374302378
Census Tract 8163; Cook County; Illinois,4670,66331,1670,1577,1028,277800,1670,64,260,2205,106,30,1577,203,4659,864,17,031,816300,4670,4670,66331,66331,1670,1670,1577,1577,1028,1028,277800,277800,1670,1670,64,64,260,260,2205,2205,106,106,30,30,1577,1577,203,203,4659,4659,864,864,17031816300,0.6518706404565631,0.06167800453514739,0.1854475209272376,0.12872542802790107,0.19401197604790418,39.719161676646706,0.007939527533693671,0.06754126496531351,1.0,True,0.8008987117533866,0.18925712481271129
Census Tract 8164.01; Cook County; Illinois,3838,92537,1438,1134,527,306800,1438,33,879,1740,104,66,1134,115,3838,194,17,031,816401,3838,3838,92537,92537,1438,1438,1134,1134,527,527,306800,306800,1438,1438,33,33,879,879,1740,1740,104,104,66,66,1134,1134,115,115,3838,3838,194,194,17031816401,0.46472663139329806,0.09770114942528736,0.05054715997915581,0.10141093474426807,0.6342141863699583,64.35118219749653,0.0099079648888078,0.3394779639564062,1.0,True,0.7988828195851786,0.27619922679782677
Census Tract 8164.02; Cook County; Illinois,5174,59792,1592,1427,692,243000,1592,0,778,2126,66,0,1427,110,5147,482,17,031,816402,5174,5174,59792,59792,1592,1592,1427,1427,692,692,243000,243000,1592,1592,0,0,778,778,2126,2126,66,66,0,0,1427,1427,110,110,5147,5147,482,482,17031816402,0.4849334267694464,0.031044214487300093,0.0936467845346804,0.07708479327259986,0.4886934673366834,37.55778894472362,0.0023930368560637775,0.251709669581263,1.0,True,0.7863199427262941,0.2082655385702483
Census Tract 8165; Cook County; Illinois,4052,63328,1468,1460,1044,-666666666,1468,212,176,2072,98,70,1460,113,4052,463,17,031,816500,4052,4052,63328,63328,1468,1468,1460,1460,1044,1044,-666666666,-666666666,1468,1468,212,212,176,176,2072,2072,98,98,70,70,1460,1460,113,113,4052,4052,463,463,17031816500,0.7150684931506849,0.08108108108108109,0.11426456071076012,0.0773972602739726,0.26430517711171664,43.13896457765667,0.006275453535727509,0.07530887238251653,1.0,True,0.8538093229926664,0.17830214698079652
Census Tract 8166; Cook County; Illinois,4222,66120,1237,1117,504,243200,1237,156,133,1762,43,15,1117,53,4222,523,17,031,816600,4222,4222,66120,66120,1237,1237,1117,1117,504,504,243200,243200,1237,1237,156,156,133,133,1762,1762,43,43,15,15,1117,1117,53,53,4222,4222,523,523,17031816600,0.4512085944494181,0.032917139614074914,0.12387494078635718,0.047448522829006266,0.23362974939369444,53.45189975747777,0.00156186965044402,0.1282139985481958,1.0,True,0.761557882708452,0.1387483888146491
Census Tract 8167; Cook County; Illinois,2697,68177,1028,974,632,242600,1028,0,121,1230,101,123,974,85,2697,266,17,031,816700,2697,2697,68177,68177,1028,1028,974,974,632,632,242600,242600,1028,1028,0,0,121,121,1230,1230,101,101,123,123,974,974,85,85,2697,2697,266,266,17031816700,0.648870636550308,0.1821138211382114,0.09862810530218762,0.08726899383983573,0.11770428015564202,66.32003891050584,0.015892889935059516,0.0413294289663548,1.0,True,0.8387413039726358,0.18694673867347
Census Tract 8168; Cook County; Illinois,5534,85521,1874,1818,1467,246900,1874,0,319,2124,155,57,1818,137,5416,1019,17,031,816800,5534,5534,85521,85521,1874,1874,1818,1818,1467,1467,246900,246900,1874,1874,0,0,319,319,2124,2124,155,155,57,57,1818,1818,137,137,5416,5416,1019,1019,17031816800,0.806930693069307,0.09981167608286252,0.18814623338257017,0.07535753575357536,0.17022411953041622,45.63553895410886,0.0075215619490385955,0.032865052780624904,1.0,True,0.8513876249269909,0.1857812964804065
Census Tract 8169; Cook County; Illinois,5630,103816,1770,1664,1536,225900,1770,58,187,2756,346,11,1664,38,5630,436,17,031,816900,5630,5630,103816,103816,1770,1770,1664,1664,1536,1536,225900,225900,1770,1770,58,58,187,187,2756,2756,346,346,11,11,1664,1664,38,38,5630,5630,436,436,17031816900,0.9230769230769231,0.1295355587808418,0.07744227353463588,0.02283653846153846,0.1384180790960452,58.653107344632765,0.0029581437702355697,0.010647544545849624,1.0,True,0.9396394274986203,0.13800300463121823
Census Tract 8170; Cook County; Illinois,4975,78549,1709,1618,1222,238900,1709,23,291,2384,116,37,1618,88,4811,331,17,031,817000,4975,4975,78549,78549,1709,1709,1618,1618,1222,1222,238900,238900,1709,1709,23,23,291,291,2384,2384,116,116,37,37,1618,1618,88,88,4811,4811,331,331,17031817000,0.7552533992583437,0.06417785234899329,0.06880066514238205,0.054388133498145856,0.18373317729666472,45.96196606202457,0.0034905136011813406,0.044968070586822756,1.0,True,0.887551746775093,0.12455608339067722
Census Tract 8171.01; Cook County; Illinois,4884,71134,1792,1647,1170,232200,1792,107,200,1830,157,0,1647,173,4884,1045,17,031,817101,4884,4884,71134,71134,1792,1792,1647,1647,1170,1170,232200,232200,1792,1792,107,107,200,200,1830,1830,157,157,0,0,1647,1647,173,173,4884,4884,1045,1045,17031817101,0.7103825136612022,0.08579234972677596,0.21396396396396397,0.1050394656952034,0.17131696428571427,39.6953125,0.009011582576036577,0.04961638856362217,1.0,True,0.807647252187917,0.1971679329223711
Census Tract 8171.02; Cook County; Illinois,2767,71621,1069,1019,737,226900,1069,0,411,984,101,36,1019,115,2767,299,17,031,817102,2767,2767,71621,71621,1069,1069,1019,1019,737,737,226900,226900,1069,1069,0,0,411,411,984,984,101,101,36,36,1019,1019,115,115,2767,2767,299,299,17031817102,0.7232580961727183,0.13922764227642276,0.1080592699674738,0.11285574092247301,0.3844714686623012,66.99812909260991,0.015712638725994717,0.1063993662048763,1.0,True,0.8593194872248557,0.2507998045313313
Census Tract 8172; Cook County; Illinois,4387,63067,1676,1483,726,228200,1676,0,933,1564,111,119,1483,97,4387,597,17,031,817200,4387,4387,63067,63067,1676,1676,1483,1483,726,726,228200,228200,1676,1676,0,0,933,933,1564,1564,111,111,119,119,1483,1483,97,97,4387,4387,597,597,17031817200,0.48954821308159135,0.14705882352941177,0.136083884203328,0.06540795684423466,0.5566825775656324,37.62947494033413,0.009618817182975685,0.2841596164647227,1.0,True,0.7688741362032129,0.29687315741688475
Census Tract 8173; Cook County; Illinois,2687,66875,928,779,444,183300,928,22,716,1120,228,64,779,100,2686,366,17,031,817300,2687,2687,66875,66875,928,928,779,779,444,444,183300,183300,928,928,22,22,716,716,1120,1120,228,228,64,64,779,779,100,100,2686,2686,366,366,17031817300,0.5699614890885751,0.26071428571428573,0.13626209977661952,0.12836970474967907,0.7952586206896551,72.06357758620689,0.03346781588116633,0.34199183303085295,1.0,True,0.7956007339194282,0.44169183535429146
Census Tract 8174; Cook County; Illinois,3143,99018,1104,968,747,265900,1104,77,655,1216,86,80,968,56,3143,417,17,031,817400,3143,3143,99018,99018,1104,1104,968,968,747,747,265900,265900,1104,1104,77,77,655,655,1216,1216,86,86,80,80,968,968,56,56,3143,3143,417,417,17031817400,0.7716942148760331,0.13651315789473684,0.13267578746420616,0.05785123966942149,0.6630434782608695,89.69021739130434,0.007897455415397998,0.15137666187567372,1.0,True,0.8644655022785578,0.3175429406873113
Census Tract 8175; Cook County; Illinois,3872,49985,1458,1277,466,230000,1458,39,837,1308,37,145,1277,272,3872,745,17,031,817500,3872,3872,49985,49985,1458,1458,1277,1277,466,466,230000,230000,1458,1458,39,39,837,837,1308,1308,37,37,145,145,1277,1277,272,272,3872,3872,745,745,17031817500,0.36491777603758807,0.13914373088685014,0.19240702479338842,0.21299921691464369,0.6008230452674898,34.28326474622771,0.029637505717481,0.38157203579634624,1.0,True,0.7021260120503662,0.371627865884974
Census Tract 8176; Cook County; Illinois,4076,52317,1305,1270,770,225500,1305,83,744,1118,45,55,1270,201,4026,988,17,031,817600,4076,4076,52317,52317,1305,1305,1270,1270,770,770,225500,225500,1305,1305,83,83,744,744,1118,1118,45,45,55,55,1270,1270,201,201,4026,4026,988,988,17031817600,0.6062992125984252,0.08944543828264759,0.24540486835568803,0.15826771653543306,0.6337164750957854,40.08965517241379,0.014156325271505642,0.24949467523456118,1.0,True,0.7588772366085582,0.35556665272789045
Census Tract 8177; Cook County; Illinois,5036,87970,1768,1636,1292,230700,1768,10,1182,1764,152,57,1636,35,5036,474,17,031,817700,5036,5036,87970,87970,1768,1768,1636,1636,1292,1292,230700,230700,1768,1768,10,10,1182,1182,1764,1764,152,152,57,57,1636,1636,35,35,5036,5036,474,474,17031817700,0.7897310513447433,0.11848072562358276,0.09412231930103257,0.021393643031784843,0.6742081447963801,49.75678733031674,0.0025347343501377732,0.14176503778114594,1.0,True,0.8877204876981116,0.286759184246299
Census Tract 8179; Cook County; Illinois,5807,61250,2492,2370,1351,259000,2492,38,574,2537,101,37,2370,252,5781,572,17,031,817900,5807,5807,61250,61250,2492,2492,2370,2370,1351,1351,259000,259000,2492,2492,38,38,574,574,2537,2537,101,101,37,37,2370,2370,252,252,5781,5781,572,572,17031817900,0.570042194092827,0.05439495467087111,0.09894481923542639,0.10632911392405063,0.24558587479935795,24.578651685393258,0.005783767332092625,0.10559156389052564,1.0,True,0.8123200013439272,0.16366137613823312
Census Tract 8180; Cook County; Illinois,4180,65641,1831,1749,1038,272900,1831,57,227,1507,115,28,1749,193,4169,477,17,031,818000,4180,4180,65641,65641,1831,1831,1749,1749,1038,1038,272900,272900,1831,1831,57,57,227,227,1507,1507,115,115,28,28,1749,1749,193,193,4169,4169,477,477,17031818000,0.5934819897084048,0.0948905109489051,0.11441592708083473,0.11034877072612921,0.15510649918077554,35.849808847624246,0.010471051236785983,0.0630535854302638,1.0,True,0.8132139255931229,0.16560398198693285
Census Tract 8181; Cook County; Illinois,2167,112292,927,897,858,331800,927,0,25,1021,150,8,897,24,2167,25,17,031,818100,2167,2167,112292,112292,927,927,897,897,858,858,331800,331800,927,927,0,0,25,25,1021,1021,150,150,8,8,897,897,24,24,2167,2167,25,25,17031818100,0.9565217391304348,0.15475024485798236,0.011536686663590217,0.026755852842809364,0.02696871628910464,121.13484358144552,0.004140474778808892,0.0011725528821349836,1.0,True,0.9802770815618014,0.09896961847094103
Census Tract 8182; Cook County; Illinois,4621,110625,1901,1865,1514,299900,1901,46,200,2349,74,23,1865,121,4607,404,17,031,818200,4621,4621,110625,110625,1901,1901,1865,1865,1514,1514,299900,299900,1901,1901,46,46,200,200,2349,2349,74,74,23,23,1865,1865,121,121,4607,4607,404,404,17031818200,0.8117962466487936,0.04129416773094934,0.08769264163229867,0.0648793565683646,0.12940557601262492,58.193056286165174,0.002679139032410118,0.024354615110150857,1.0,True,0.8979634149241096,0.1074676486368182
Census Tract 8183; Cook County; Illinois,6096,73929,2200,2200,1637,240600,2200,224,137,3088,152,182,2200,269,5936,352,17,031,818300,6096,6096,73929,73929,2200,2200,2200,2200,1637,1637,240600,240600,2200,2200,224,224,137,137,3088,3088,152,152,182,182,2200,2200,269,269,5936,5936,352,352,17031818300,0.7440909090909091,0.10816062176165803,0.05929919137466307,0.12227272727272727,0.1640909090909091,33.60409090909091,0.013225094206311822,0.04199235537190082,1.0,True,0.888079420772366,0.16022926306321034
Census Tract 8184.01; Cook County; Illinois,3430,86827,1338,1305,1076,301400,1338,51,149,1444,79,76,1305,125,3361,197,17,031,818401,3430,3430,86827,86827,1338,1338,1305,1305,1076,1076,301400,301400,1338,1338,51,51,149,149,1444,1444,79,79,76,76,1305,1305,125,125,3361,3361,197,197,17031818401,0.8245210727969349,0.10734072022160665,0.058613507884558165,0.09578544061302682,0.14947683109118087,64.89312406576981,0.010281678182146231,0.02623003396159419,1.0,True,0.9152026861680657,0.1469675069477869
Census Tract 8184.02; Cook County; Illinois,3368,72112,1610,1586,1154,315300,1610,149,188,1269,123,17,1586,270,3368,225,17,031,818402,3368,3368,72112,72112,1610,1610,1586,1586,1154,1154,315300,315300,1610,1610,149,149,188,188,1269,1269,123,123,17,17,1586,1586,270,270,3368,3368,225,225,17031818402,0.7276166456494325,0.11032308904649331,0.06680522565320665,0.17023959646910466,0.2093167701863354,44.79006211180124,0.01878135816050012,0.05701440398518089,1.0,True,0.8792290072069974,0.19191968526618602
Census Tract 8185; Cook County; Illinois,5068,86598,2509,2326,2189,347000,2509,505,47,1697,107,63,2326,106,4980,194,17,031,818500,5068,5068,86598,86598,2509,2509,2326,2326,2189,2189,347000,347000,2509,2509,505,505,47,47,1697,1697,107,107,63,63,2326,2326,106,106,4980,4980,194,194,17031818500,0.9411006018916594,0.10017678255745432,0.03895582329317269,0.04557179707652623,0.2200079713033081,34.51494619370267,0.004565236006487601,0.012958337088801907,1.0,True,0.9628569604028311,0.14017191476665572
Census Tract 8186; Cook County; Illinois,4758,102448,2091,1987,1401,387800,2091,24,20,1880,89,70,1987,83,4753,269,17,031,818600,4758,4758,102448,102448,2091,2091,1987,1987,1401,1401,387800,387800,2091,2091,24,24,20,20,1880,1880,89,89,70,70,1987,1987,83,83,4753,4753,269,269,17031818600,0.7050830397584298,0.08457446808510638,0.05659583420997265,0.04177151484650227,0.021042563366810138,48.994739359158295,0.0035328036492520533,0.006205808823830267,1.0,True,0.8763004922215966,0.08147508189950539
Census Tract 8187; Cook County; Illinois,3618,125120,1497,1497,1331,321100,1497,10,496,1679,137,33,1497,27,3618,127,17,031,818700,3618,3618,125120,125120,1497,1497,1497,1497,1331,1331,321100,321100,1497,1497,10,10,496,496,1679,1679,137,137,33,33,1497,1497,27,27,3618,3618,127,127,17031818700,0.8891115564462257,0.10125074449076832,0.03510226644555003,0.018036072144288578,0.3380093520374082,83.58049432197728,0.0018261657322984266,0.037481330954047945,1.0,True,0.9472705544156458,0.1634205695817471
Census Tract 8188; Cook County; Illinois,5524,114614,2181,2165,1996,340100,2181,32,1065,2365,312,42,2165,121,5524,181,17,031,818800,5524,5524,114614,114614,2181,2181,2165,2165,1996,1996,340100,340100,2181,2181,32,32,1065,1065,2365,2365,312,312,42,42,2165,2165,121,121,5524,5524,181,181,17031818800,0.9219399538106235,0.14968287526427063,0.03276611151339609,0.0558891454965358,0.5029802842732691,52.55112333791838,0.00836564799398464,0.039262664222717084,1.0,True,0.9592532622820515,0.2455142839111601
Census Tract 8189; Cook County; Illinois,4595,103389,2033,1965,1255,406900,2033,108,82,1817,74,100,1965,290,4353,275,17,031,818900,4595,4595,103389,103389,2033,2033,1965,1965,1255,1255,406900,406900,2033,2033,108,108,82,82,1817,1817,74,74,100,100,1965,1965,290,290,4353,4353,275,275,17031818900,0.638676844783715,0.0957622454595487,0.06317482196186539,0.1475826972010178,0.09345794392523364,50.85538612887358,0.014132850474946118,0.03376851917909206,1.0,True,0.8512222263153196,0.14368857764390675
Census Tract 8190; Cook County; Illinois,4659,185217,1698,1526,1304,662700,1698,113,699,1582,157,9,1526,100,4587,103,17,031,819000,4659,4659,185217,185217,1698,1698,1526,1526,1304,1304,662700,662700,1698,1698,113,113,699,699,1582,1582,157,157,9,9,1526,1526,100,100,4587,4587,103,103,17031819000,0.854521625163827,0.10493046776232617,0.022454763461957707,0.0655307994757536,0.47820965842167257,109.07950530035336,0.006876177441830025,0.06956916393814633,1.0,True,0.9414289128154246,0.21542939421908516
Census Tract 8191; Cook County; Illinois,4222,47216,2122,1974,1138,237800,2122,63,731,1645,126,37,1974,251,4222,845,17,031,819100,4222,4222,47216,47216,2122,2122,1974,1974,1138,1138,237800,237800,2122,2122,63,63,731,731,1645,1645,126,126,37,37,1974,1974,251,251,4222,4222,845,845,17031819100,0.5764944275582573,0.09908814589665653,0.20014211274277593,0.12715298885511653,0.37417530631479734,22.250706880301603,0.012599353910871728,0.15846532729441268,1.0,True,0.7691896192290465,0.2629595392837535
Census Tract 8192; Cook County; Illinois,6252,95500,2355,2178,1573,265300,2355,260,409,2174,52,4,2178,108,6252,596,17,031,819200,6252,6252,95500,95500,2355,2355,2178,2178,1573,1573,265300,265300,2355,2355,260,260,409,409,2174,2174,52,52,4,4,2178,2178,108,108,6252,6252,596,596,17031819200,0.7222222222222222,0.025758969641214352,0.09532949456174024,0.049586776859504134,0.2840764331210191,40.552016985138,0.0012773042797296374,0.0789101203113942,1.0,True,0.8646812366062103,0.14026150572557047
Census Tract 8193; Cook County; Illinois,2666,106917,1099,1003,907,303200,1099,0,449,976,40,55,1003,11,2665,409,17,031,819300,2666,2666,106917,106917,1099,1099,1003,1003,907,907,303200,303200,1099,1099,0,0,449,449,976,976,40,40,55,55,1003,1003,11,11,2665,2665,409,409,17031819300,0.9042871385842473,0.09733606557377049,0.15347091932457785,0.010967098703888335,0.40855323020928114,97.28571428571429,0.0010674942385956883,0.03910379870397906,1.0,True,0.8993636694648952,0.2185134768180209
Census Tract 8194; Cook County; Illinois,5582,77028,2371,2285,1460,319600,2371,197,253,2434,369,143,2285,159,5582,213,17,031,819400,5582,5582,77028,77028,2371,2371,2285,2285,1460,1460,319600,319600,2371,2371,197,197,253,253,2434,2434,369,369,143,143,2285,2285,159,159,5582,5582,213,213,17031819400,0.6389496717724289,0.21035332785538208,0.03815836617699749,0.06958424507658643,0.18979333614508645,32.48755799240827,0.014637277518164443,0.0685249463105892,1.0,True,0.8624919705353314,0.19544514864730878
Census Tract 8195; Cook County; Illinois,3266,93224,1776,1493,885,329800,1776,33,823,1262,111,12,1493,111,3218,255,17,031,819500,3266,3266,93224,93224,1776,1776,1493,1493,885,885,329800,329800,1776,1776,33,33,823,823,1262,1262,111,111,12,12,1493,1493,111,111,3218,3218,255,255,17031819500,0.5927662424648359,0.09746434231378764,0.07924176507147296,0.07434695244474213,0.481981981981982,52.490990990990994,0.007246176823061238,0.1962793335867683,1.0,True,0.8287255084507538,0.23456834283014708
Census Tract 8196; Cook County; Illinois,4129,213750,1385,1374,1228,601800,1385,10,549,1545,59,9,1374,32,4129,173,17,031,819600,4129,4129,213750,213750,1385,1385,1374,1374,1228,1228,601800,601800,1385,1385,10,10,549,549,1545,1545,59,59,9,9,1374,1374,32,32,4129,4129,173,173,17031819600,0.893740902474527,0.04401294498381877,0.041898764834100266,0.023289665211062592,0.4036101083032491,154.33212996389892,0.0010250467536260558,0.04288724586046168,1.0,True,0.9458173193289715,0.15646703929679573
Census Tract 8197; Cook County; Illinois,5607,227901,1903,1817,1717,762800,1903,19,846,1877,193,37,1817,29,5578,135,17,031,819700,5607,5607,227901,227901,1903,1903,1817,1817,1717,1717,762800,762800,1903,1903,19,19,846,846,1877,1877,193,193,37,37,1817,1817,29,29,5578,5578,135,135,17031819700,0.9449642267473858,0.12253596164091636,0.024202223019003228,0.015960374243258118,0.45454545454545453,119.75880189174987,0.001955719806046546,0.025016260569370098,1.0,True,0.9708159941545214,0.20241959604249232
Census Tract 8198.01; Cook County; Illinois,5082,232716,1637,1637,1508,752200,1637,25,703,1549,261,8,1637,40,5079,54,17,031,819801,5082,5082,232716,232716,1637,1637,1637,1637,1508,1508,752200,752200,1637,1637,25,25,703,703,1549,1549,261,261,8,8,1637,1637,40,40,5079,5079,54,54,17031819801,0.9211973121563837,0.1736604260813428,0.010632014176018901,0.02443494196701283,0.4447159437996335,142.16004886988392,0.004243382433264333,0.035044811698321736,1.0,True,0.9689671985522862,0.22394565176234515
Census Tract 8198.02; Cook County; Illinois,2401,206125,904,899,876,731100,904,8,89,798,98,0,899,28,2401,29,17,031,819802,2401,2401,206125,206125,904,904,899,899,876,876,731100,731100,904,904,8,8,89,89,798,798,98,98,0,0,899,899,28,28,2401,2401,29,29,17031819802,0.9744160177975528,0.12280701754385964,0.012078300708038317,0.03114571746384872,0.10730088495575221,228.01438053097345,0.0038249126709989653,0.0027451839310147965,1.0,True,0.9860464302394293,0.10664860797068039
Census Tract 8199; Cook County; Illinois,3287,240625,1033,1013,1000,776200,1033,62,215,937,123,23,1013,10,3287,51,17,031,819900,3287,3287,240625,240625,1033,1033,1013,1013,1000,1000,776200,776200,1033,1033,62,62,215,215,937,937,123,123,23,23,1013,1013,10,10,3287,3287,51,51,17031819900,0.9871668311944719,0.15581643543223053,0.015515667782172194,0.009871668311944718,0.2681510164569216,232.9380445304937,0.0015381681681365304,0.0034412272595656167,1.0,True,0.9887761197590047,0.16259432638342353
Census Tract 8200; Cook County; Illinois,2121,250001,676,676,609,1089700,676,63,65,665,81,71,676,46,2121,117,17,031,820000,2121,2121,250001,250001,676,676,676,676,609,609,1089700,1089700,676,676,63,63,65,65,665,665,81,81,71,71,676,676,46,46,2121,2121,117,117,17031820000,0.900887573964497,0.22857142857142856,0.055162659123055166,0.06804733727810651,0.1893491124260355,369.8239644970414,0.01555367709213863,0.01876684990021358,1.0,True,0.9422835996194716,0.20982659452316457
Census Tract 8201.01; Cook County; Illinois,7696,124334,3299,3219,2959,518900,3299,333,103,2100,218,0,3219,152,7289,357,17,031,820101,7696,7696,124334,124334,3299,3299,3219,3219,2959,2959,518900,518900,3299,3299,333,333,103,103,2100,2100,218,218,0,0,3219,3219,152,152,7289,7289,357,357,17031820101,0.9192295744019882,0.10380952380952381,0.04897791192207436,0.047219633426529975,0.13216126098817824,37.6883904213398,0.00490184766046835,0.010674721297585075,1.0,True,0.9511017505668251,0.1214465206885795
Census Tract 8201.03; Cook County; Illinois,4227,92539,1739,1689,1262,416300,1739,284,52,1756,161,15,1689,45,4175,245,17,031,820103,4227,4227,92539,92539,1739,1739,1689,1689,1262,1262,416300,416300,1739,1739,284,284,52,52,1756,1756,161,161,15,15,1689,1689,45,45,4175,4175,245,245,17031820103,0.7471876850207223,0.10022779043280182,0.058682634730538925,0.02664298401420959,0.1932144910868315,53.21391604370328,0.0026703674182806877,0.04884700277920489,1.0,True,0.8893968188846597,0.13324822124925031
Census Tract 8201.04; Cook County; Illinois,4664,84615,1897,1818,1331,370300,1897,159,53,1757,94,9,1818,73,4653,392,17,031,820104,4664,4664,84615,84615,1897,1897,1818,1818,1331,1331,370300,370300,1897,1897,159,159,53,53,1757,1757,94,94,9,9,1818,1818,73,73,4653,4653,392,392,17031820104,0.7321232123212321,0.058622652248150255,0.08424672254459488,0.040154015401540157,0.1117554032683184,44.60463890353189,0.002353934881251358,0.02993667843326241,1.0,True,0.8729343878756747,0.10226180846332909
Census Tract 8202.02; Cook County; Illinois,3239,78182,1500,1310,1034,180600,1500,218,140,1226,43,12,1310,82,3224,316,17,031,820202,3239,3239,78182,78182,1500,1500,1310,1310,1034,1034,180600,180600,1500,1500,218,218,140,140,1226,1226,43,43,12,12,1310,1310,82,82,3224,3224,316,316,17031820202,0.7893129770992366,0.044861337683523655,0.09801488833746898,0.06259541984732825,0.23866666666666667,52.12133333333333,0.0028081142672129315,0.05028396946564885,1.0,True,0.8858347619496166,0.14245356103585965
Census Tract 8202.03; Cook County; Illinois,3724,129000,1312,1312,1273,490600,1312,286,50,1469,88,17,1312,60,3724,196,17,031,820203,3724,3724,129000,129000,1312,1312,1312,1312,1273,1273,490600,490600,1312,1312,286,286,50,50,1469,1469,88,88,17,17,1312,1312,60,60,3724,3724,196,196,17031820203,0.9702743902439024,0.07147719537100068,0.05263157894736842,0.04573170731707317,0.25609756097560976,98.32317073170732,0.0032687741785518603,0.00761265615704939,1.0,True,0.9664844268893938,0.14022325745668524
Census Tract 8202.04; Cook County; Illinois,4810,101838,2460,2359,2100,470800,2460,244,0,2079,290,16,2359,85,4810,323,17,031,820204,4810,4810,101838,101838,2460,2460,2359,2359,2100,2100,470800,470800,2460,2460,244,244,0,0,2079,2079,290,290,16,16,2359,2359,85,85,4810,4810,323,323,17031820204,0.8902077151335311,0.1471861471861472,0.06715176715176716,0.03603221704111912,0.0991869918699187,41.39756097560976,0.00530344320085736,0.010889966466430244,1.0,True,0.9332858504617721,0.13688204727943348
Census Tract 8203; Cook County; Illinois,6308,73494,2011,1863,1087,240000,2011,18,290,2882,274,0,1863,100,6308,702,17,031,820300,6308,6308,73494,73494,2011,2011,1863,1863,1087,1087,240000,240000,2011,2011,18,18,290,290,2882,2882,274,274,0,0,1863,1863,100,100,6308,6308,702,702,17031820300,0.583467525496511,0.09507286606523248,0.11128725428027901,0.05367686527106817,0.1531576330183988,36.54599701640975,0.005103213422717793,0.06379512787025092,1.0,True,0.8112794159614785,0.14582786048424737
Census Tract 8204; Cook County; Illinois,4538,53580,2052,1846,1173,224300,2052,28,555,1528,105,13,1846,228,4530,512,17,031,820400,4538,4538,53580,53580,2052,2052,1846,1846,1173,1173,224300,224300,2052,2052,28,28,555,555,1528,1528,105,105,13,13,1846,1846,228,228,4530,4530,512,512,17031820400,0.6354279523293608,0.07722513089005235,0.1130242825607064,0.12351029252437704,0.28411306042884993,26.11111111111111,0.009538098506463671,0.10357968021051787,1.0,True,0.8278124852424241,0.19630810498153853
Census Tract 8205.01; Cook County; Illinois,5169,74614,2149,1965,1508,295300,2149,395,241,2148,71,52,1965,97,5166,430,17,031,820501,5169,5169,74614,74614,2149,2149,1965,1965,1508,1508,295300,295300,2149,2149,395,395,241,241,2148,2148,71,71,52,52,1965,1965,97,97,5166,5166,430,430,17031820501,0.7674300254452926,0.05726256983240224,0.0832365466511808,0.04936386768447837,0.2959516053978595,34.720335039553284,0.0028267019204799067,0.06882945733680498,1.0,True,0.8851502641117278,0.1555140505487695
Census Tract 8205.02; Cook County; Illinois,5873,62301,2234,2163,1410,256600,2234,246,41,2367,136,52,2163,196,5321,823,17,031,820502,5873,5873,62301,62301,2234,2234,2163,2163,1410,1410,256600,256600,2234,2234,246,246,41,41,2367,2367,136,136,52,52,2163,2163,196,196,5321,5321,823,823,17031820502,0.651872399445215,0.07942543303760034,0.15467017477917686,0.09061488673139159,0.12846911369740377,27.887645478961502,0.007197126618293883,0.04472364429687704,1.0,True,0.8146665950072892,0.15743525804321706
Census Tract 8206.03; Cook County; Illinois,5563,64630,2125,2046,1617,213500,2125,362,14,2210,196,23,2046,135,5505,1104,17,031,820603,5563,5563,64630,64630,2125,2125,2046,2046,1617,1617,213500,213500,2125,2125,362,362,14,14,2210,2210,196,196,23,23,2046,2046,135,135,5505,5505,1104,1104,17031820603,0.7903225806451613,0.09909502262443438,0.2005449591280654,0.06598240469208211,0.17694117647058824,30.414117647058823,0.006538527885776462,0.03710056925996206,1.0,True,0.8402941467189673,0.18842375267242906
Census Tract 8206.04; Cook County; Illinois,3648,51224,1488,1370,582,215900,1488,175,18,1475,119,78,1370,139,3648,771,17,031,820604,3648,3648,51224,51224,1488,1488,1370,1370,582,582,215900,215900,1488,1488,175,175,18,18,1475,1475,119,119,78,78,1370,1370,139,139,3648,3648,771,771,17031820604,0.4248175182481752,0.1335593220338983,0.21134868421052633,0.10145985401459855,0.1297043010752688,34.424731182795696,0.013550909315848077,0.07460364178635899,1.0,True,0.7136190050419201,0.20791487602978553
Census Tract 8206.05; Cook County; Illinois,4823,63137,2188,1926,391,239200,2188,238,22,2566,157,60,1926,316,4823,1172,17,031,820605,4823,4823,63137,63137,2188,2188,1926,1926,391,391,239200,239200,2188,2188,238,238,22,22,2566,2566,157,157,60,60,1926,1926,316,316,4823,4823,1172,1172,17031820605,0.20301142263759087,0.08456742010911925,0.2430022807381298,0.1640706126687435,0.11882998171846434,28.856032906764167,0.013875028429118214,0.09470613807779998,1.0,True,0.6255282619974971,0.21070142016515195
Census Tract 8206.06; Cook County; Illinois,3716,100694,1746,1664,1261,305200,1746,65,156,1684,160,8,1664,26,3687,236,17,031,820606,3716,3716,100694,100694,1746,1746,1664,1664,1261,1261,305200,305200,1746,1746,65,65,156,156,1684,1684,160,160,8,8,1664,1664,26,26,3687,3687,236,236,17031820606,0.7578125,0.0997624703087886,0.06400867914293464,0.015625,0.1265750286368843,57.67124856815578,0.0015587885985748218,0.030654889747995417,1.0,True,0.8905597095182998,0.11267963817556545
Census Tract 8207; Cook County; Illinois,6952,66942,2680,2403,2002,244900,2680,184,629,2758,237,0,2403,225,6910,850,17,031,820700,6952,6952,66942,66942,2680,2680,2403,2403,2002,2002,244900,244900,2680,2680,184,184,629,629,2758,2758,237,237,0,0,2403,2403,225,225,6910,6910,850,850,17031820700,0.8331252600915522,0.08593183466279913,0.12301013024602026,0.09363295880149813,0.30335820895522386,24.978358208955225,0.008046051934719021,0.050622822218495546,1.0,True,0.8892507516993985,0.1998272561711794
Census Tract 8208; Cook County; Illinois,3403,87025,1112,1023,896,275500,1112,6,104,1458,104,0,1023,17,3403,134,17,031,820800,3403,3403,87025,87025,1112,1112,1023,1023,896,896,275500,275500,1112,1112,6,6,104,104,1458,1458,104,104,0,0,1023,1023,17,17,3403,3403,134,134,17031820800,0.8758553274682307,0.07133058984910837,0.03937702027622686,0.016617790811339198,0.09892086330935251,78.25989208633094,0.0011853568205619181,0.01228049818209948,1.0,True,0.940920311964724,0.08252426307910526
Census Tract 8209.01; Cook County; Illinois,5278,74233,1861,1783,1229,248500,1861,200,53,2169,369,16,1783,179,5278,570,17,031,820901,5278,5278,74233,74233,1861,1861,1783,1783,1229,1229,248500,248500,1861,1861,200,200,53,53,2169,2169,369,369,16,16,1783,1783,179,179,5278,5278,570,570,17031820901,0.6892877173303421,0.17750115260488705,0.10799545282303903,0.10039259674705553,0.13594841483073616,39.888769478774854,0.017819801635599992,0.04224084229737961,1.0,True,0.8480258839297812,0.1970512807699114
Census Tract 8209.02; Cook County; Illinois,5803,86065,1822,1794,1499,247500,1822,73,36,2326,456,17,1794,113,5791,730,17,031,820902,5803,5803,86065,86065,1822,1822,1794,1794,1499,1499,247500,247500,1822,1822,73,73,36,36,2326,2326,456,456,17,17,1794,1794,113,113,5791,5791,730,730,17031820902,0.8355629877369007,0.20335339638865005,0.12605767570367812,0.06298773690078038,0.05982436882546652,47.23655323819978,0.012808770229608394,0.009837340470185411,1.0,True,0.8887094605445168,0.1830319927645355
Census Tract 8210.01; Cook County; Illinois,5069,51685,1693,1665,1026,266900,1693,107,153,2215,284,57,1665,194,5069,789,17,031,821001,5069,5069,51685,51685,1693,1693,1665,1665,1026,1026,266900,266900,1693,1693,107,107,153,153,2215,2215,284,284,57,57,1665,1665,194,194,5069,5069,789,789,17031821001,0.6162162162162163,0.15395033860045146,0.15565200236733084,0.11651651651651651,0.1535735380980508,30.52864737152983,0.017937757170262813,0.058939033540333,1.0,True,0.8023366400294792,0.2111358270242323
Census Tract 8210.02; Cook County; Illinois,5009,73271,1895,1823,1592,269600,1895,85,64,1953,211,44,1823,79,4936,1075,17,031,821002,5009,5009,73271,73271,1895,1895,1823,1823,1592,1592,269600,269600,1895,1895,85,85,64,64,1953,1953,211,211,44,44,1823,1823,79,79,4936,4936,1075,1075,17031821002,0.8732857926494789,0.130568356374808,0.21778768233387358,0.04333516182117389,0.07862796833773088,38.665435356200526,0.0056582008522270055,0.009963280683497437,1.0,True,0.8602387405112103,0.17557510226159156
Census Tract 8211.01; Cook County; Illinois,4482,103409,1444,1444,1284,310200,1444,40,10,1698,215,11,1444,43,4348,410,17,031,821101,4482,4482,103409,103409,1444,1444,1444,1444,1284,1284,310200,310200,1444,1444,40,40,10,10,1698,1698,215,215,11,11,1444,1444,43,43,4348,4348,410,410,17031821101,0.889196675900277,0.1330977620730271,0.09429622815087396,0.029778393351800554,0.03462603878116344,71.6128808864266,0.003963437513254962,0.0038366801973588314,1.0,True,0.9208056083456603,0.11879908166852504
Census Tract 8211.02; Cook County; Illinois,4511,100000,1548,1502,1330,316800,1548,136,12,1976,128,11,1502,91,4511,322,17,031,821102,4511,4511,100000,100000,1548,1548,1502,1502,1330,1330,316800,316800,1548,1548,136,136,12,12,1976,1976,128,128,11,11,1502,1502,91,91,4511,4511,322,322,17031821102,0.8854860186418109,0.07034412955465587,0.07138106849922411,0.06058588548601864,0.09560723514211886,64.59948320413437,0.00426186137781204,0.010948365142772604,1.0,True,0.9298189086190174,0.10601591728381525
Census Tract 8212; Cook County; Illinois,5296,39594,2665,2590,1277,208000,2665,327,404,2071,376,0,2590,305,5261,831,17,031,821200,5296,5296,39594,39594,2665,2665,2590,2590,1277,1277,208000,208000,2665,2665,327,327,404,404,2071,2071,376,376,0,0,2590,2590,305,305,5261,5261,831,831,17031821200,0.49305019305019304,0.1815548044422984,0.1579547614521954,0.11776061776061776,0.274296435272045,14.857035647279549,0.02138000592853321,0.13905452490818343,1.0,True,0.7602450367528483,0.26002612822474064
Census Tract 8213; Cook County; Illinois,5753,50063,2585,2398,918,175400,2585,267,647,2485,87,0,2398,743,5753,1092,17,031,821300,5753,5753,50063,50063,2585,2585,2398,2398,918,918,175400,175400,2585,2585,267,267,647,647,2485,2485,87,87,0,0,2398,2398,743,743,5753,5753,1092,1092,17031821300,0.38281901584653877,0.03501006036217304,0.18981401008169652,0.30984153461217684,0.35357833655705995,19.366731141199228,0.010847570829480638,0.21822182573163,1.0,True,0.7092532058615403,0.27997826163839845
Census Tract 8214.01; Cook County; Illinois,2243,50946,1164,982,512,186500,1164,26,122,680,119,0,982,70,2226,542,17,031,821401,2243,2243,50946,50946,1164,1164,982,982,512,512,186500,186500,1164,1164,26,26,122,122,680,680,119,119,0,0,982,982,70,70,2226,2226,542,542,17031821401,0.5213849287169042,0.175,0.24348607367475292,0.07128309572301425,0.12714776632302405,43.7680412371134,0.012474541751527493,0.060854837242180555,1.0,True,0.7314302292920166,0.229398006880803
Census Tract 8214.02; Cook County; Illinois,3450,71058,1325,1225,701,182200,1325,103,123,1423,249,101,1225,219,3450,309,17,031,821402,3450,3450,71058,71058,1325,1325,1225,1225,701,701,182200,182200,1325,1325,103,103,123,123,1423,1423,249,249,101,101,1225,1225,219,219,3450,3450,309,309,17031821402,0.5722448979591837,0.24595924104005623,0.08956521739130435,0.17877551020408164,0.17056603773584905,53.62867924528302,0.04397148880634475,0.07296049287639585,1.0,True,0.8172554276912263,0.260718193920266
Census Tract 8215; Cook County; Illinois,1344,35361,822,517,119,91700,822,11,198,383,68,31,517,175,1319,515,17,031,821500,1344,1344,35361,35361,822,822,517,517,119,119,91700,91700,822,822,11,11,198,198,383,383,68,68,31,31,517,517,175,175,1319,1319,515,515,17031821500,0.23017408123791103,0.2584856396866841,0.3904473085670963,0.33849129593810445,0.2542579075425791,43.018248175182485,0.08749513915893561,0.19573432727649223,1.0,True,0.5686039616713559,0.4428901940342592
Census Tract 8216; Cook County; Illinois,4132,82955,1856,1752,1365,247600,1856,92,272,1932,361,137,1752,104,4132,174,17,031,821600,4132,4132,82955,82955,1856,1856,1752,1752,1365,1365,247600,247600,1856,1856,92,92,272,272,1932,1932,361,361,137,137,1752,1752,104,104,4132,4132,174,174,17031821600,0.7791095890410958,0.2577639751552795,0.04211035818005808,0.0593607305936073,0.1961206896551724,44.69558189655172,0.015301057885929831,0.04332117973547474,1.0,True,0.9074468449250306,0.2194267822381251
Census Tract 8217; Cook County; Illinois,4690,113088,1790,1736,1608,281700,1790,0,163,1727,223,67,1736,28,4690,102,17,031,821700,4690,4690,113088,113088,1790,1790,1736,1736,1608,1608,281700,281700,1790,1790,0,0,163,163,1727,1727,223,223,67,67,1736,1736,28,28,4690,4690,102,102,17031821700,0.9262672811059908,0.1679212507237985,0.021748400852878463,0.016129032258064516,0.09106145251396648,63.17765363128492,0.0027084072697386853,0.0067142084802924605,1.0,True,0.9656240962461334,0.12354457810061609
Census Tract 8218; Cook County; Illinois,5483,91815,2107,1963,1477,269100,2107,50,426,2230,157,26,1963,52,5483,165,17,031,821800,5483,5483,91815,91815,2107,2107,1963,1963,1477,1477,269100,269100,2107,2107,50,50,426,426,2230,2230,157,157,26,26,1963,1963,52,52,5483,5483,165,165,17031821800,0.7524197656647987,0.08206278026905829,0.030093014772934523,0.026490066225165563,0.22591362126245848,43.57617465590887,0.002173848483948564,0.05593174729167338,1.0,True,0.903931040030443,0.12344743508146928
Census Tract 8219; Cook County; Illinois,5115,103192,1785,1764,1671,271000,1785,35,61,2051,161,22,1764,47,5018,332,17,031,821900,5115,5115,103192,103192,1785,1785,1764,1764,1671,1671,271000,271000,1785,1785,35,35,61,61,2051,2051,161,161,22,22,1764,1764,47,47,5018,5018,332,332,17031821900,0.9472789115646258,0.08922476840565578,0.06616181745715424,0.026643990929705215,0.05378151260504202,57.81064425770308,0.002377303920105341,0.00283541988223861,1.0,True,0.9527531476150647,0.09129966184381705
Census Tract 8220; Cook County; Illinois,4215,61101,1826,1773,1319,173400,1826,0,8,1855,242,18,1773,45,4215,292,17,031,822000,4215,4215,61101,61101,1826,1826,1773,1773,1319,1319,173400,173400,1826,1826,0,0,8,8,1855,1855,242,242,18,18,1773,1773,45,45,4215,4215,292,292,17031822000,0.7439368302312465,0.14016172506738545,0.06927639383155397,0.025380710659898477,0.004381161007667032,33.461664841182916,0.003557404189527549,0.0011218539748904864,1.0,True,0.8835580026730394,0.1041640277947229
Census Tract 8221.01; Cook County; Illinois,4437,88906,1700,1551,1303,256000,1700,29,220,1773,147,25,1551,59,4437,225,17,031,822101,4437,4437,88906,88906,1700,1700,1551,1551,1303,1303,256000,256000,1700,1700,29,29,220,220,1773,1773,147,147,25,25,1551,1551,59,59,4437,4437,225,225,17031822101,0.8401031592520954,0.09701071630005641,0.05070993914807302,0.038039974210186976,0.14647058823529413,52.29764705882353,0.003690285146165911,0.023420184321310728,1.0,True,0.923933689156124,0.11958480829942106
Census Tract 8221.02; Cook County; Illinois,4328,69261,2061,1937,1645,210600,2061,404,0,1982,19,18,1937,178,4269,295,17,031,822102,4328,4328,69261,69261,2061,2061,1937,1937,1645,1645,210600,210600,2061,2061,404,404,0,0,1982,1982,19,19,18,18,1937,1937,178,178,4269,4269,295,295,17031822102,0.8492514197212184,0.01866801210898083,0.06910283438744437,0.09189468249870934,0.19602134885977682,33.60553129548763,0.0017154910456368547,0.029549940044943115,1.0,True,0.9187445921320841,0.11695645145488719
Census Tract 8222; Cook County; Illinois,3610,88000,1332,1298,1132,279300,1332,27,181,1545,87,50,1298,28,3600,648,17,031,822200,3610,3610,88000,88000,1332,1332,1298,1298,1132,1132,279300,279300,1332,1332,27,27,181,181,1545,1545,87,87,50,50,1298,1298,28,28,3600,3600,648,648,17031822200,0.8721109399075501,0.08867313915857605,0.18,0.02157164869029276,0.15615615615615616,66.06606606606607,0.0019128258061942448,0.01997066403846065,1.0,True,0.8767601123971275,0.15609991958856315
Census Tract 8223.01; Cook County; Illinois,3619,108750,1152,1152,1099,292800,1152,68,43,1569,250,9,1152,27,3619,192,17,031,822301,3619,3619,108750,108750,1152,1152,1152,1152,1099,1099,292800,292800,1152,1152,68,68,43,43,1569,1569,250,250,9,9,1152,1152,27,27,3619,3619,192,192,17031822301,0.9539930555555556,0.16507329509241556,0.05305332964907433,0.0234375,0.09635416666666667,94.40104166666667,0.00386890535372849,0.004432960792824072,1.0,True,0.9608585093465973,0.13642693929778293
Census Tract 8223.02; Cook County; Illinois,4942,96683,1700,1645,1360,243400,1700,112,155,2127,189,79,1645,86,4709,188,17,031,822302,4942,4942,96683,96683,1700,1700,1645,1645,1360,1360,243400,243400,1700,1700,112,112,155,155,2127,2127,189,189,79,79,1645,1645,86,86,4709,4709,188,188,17031822302,0.8267477203647416,0.12599905970850964,0.0399235506476959,0.052279635258358666,0.15705882352941178,56.87235294117647,0.006587184884457039,0.027210799213302345,1.0,True,0.9243114275066602,0.1382980069215665
Census Tract 8224; Cook County; Illinois,6325,60086,2403,2018,1563,280700,2403,461,23,2555,93,46,2018,111,6325,1758,17,031,822400,6325,6325,60086,60086,2403,2403,2018,2018,1563,1563,280700,280700,2403,2403,461,461,23,23,2555,2555,93,93,46,46,2018,2018,111,111,6325,6325,1758,1758,17031822400,0.7745292368681863,0.054403131115459885,0.27794466403162055,0.055004955401387515,0.20141489804411153,25.004577611319185,0.0029924418007017083,0.04541317076812228,1.0,True,0.8003999904358311,0.1948695250936481
Census Tract 8225; Cook County; Illinois,4225,100417,1687,1647,1346,282900,1687,75,142,1622,34,87,1647,50,4171,136,17,031,822500,4225,4225,100417,100417,1687,1687,1647,1647,1346,1346,282900,282900,1687,1687,75,75,142,142,1622,1622,34,34,87,87,1647,1647,50,50,4171,4171,136,136,17031822500,0.8172434729811779,0.07459926017262639,0.032606089666746586,0.030358227079538554,0.12863070539419086,59.52400711321873,0.0022647012802861684,0.023508100985823583,1.0,True,0.9244189308121626,0.09462815873541888
Census Tract 8226.01; Cook County; Illinois,4337,96471,1580,1506,1478,299100,1580,80,0,2077,322,17,1506,73,4301,243,17,031,822601,4337,4337,96471,96471,1580,1580,1506,1506,1478,1478,299100,299100,1580,1580,80,80,0,0,2077,2077,322,322,17,17,1506,1506,73,73,4301,4301,243,243,17031822601,0.9814077025232404,0.16321617717862302,0.05649848872355266,0.04847277556440903,0.05063291139240506,61.05759493670886,0.007911541124860214,0.0009413821507220057,1.0,True,0.9684492766364704,0.13197171891940335
Census Tract 8226.02; Cook County; Illinois,7709,71677,3228,3190,2300,308400,3228,829,14,3059,264,149,3190,116,7709,1293,17,031,822602,7709,7709,71677,71677,3228,3228,3190,3190,2300,2300,308400,308400,3228,3228,829,829,14,14,3059,3059,264,264,149,149,3190,3190,116,116,7709,7709,1293,1293,17031822602,0.7210031347962382,0.13501144164759726,0.16772603450512388,0.03636363636363636,0.2611524163568773,22.204770755886,0.004909506969003536,0.07286070550395636,1.0,True,0.8318738689182786,0.2096454303858779
Census Tract 8227.01; Cook County; Illinois,4895,69819,2055,1942,1479,224900,2055,96,0,1693,173,95,1942,304,4516,777,17,031,822701,4895,4895,69819,69819,2055,2055,1942,1942,1479,1479,224900,224900,2055,2055,96,96,0,0,1693,1693,173,173,95,95,1942,1942,304,304,4516,4516,777,777,17031822701,0.7615859938208033,0.15829887773183698,0.1720549158547387,0.15653964984552007,0.04671532846715328,33.97518248175182,0.024780050891080558,0.011137588609831087,1.0,True,0.8434638850237355,0.20199613378528886
Census Tract 8227.02; Cook County; Illinois,3193,74801,1620,1445,1041,322300,1620,86,22,1370,144,60,1445,82,3193,132,17,031,822702,3193,3193,74801,74801,1620,1620,1445,1445,1041,1041,322300,322300,1620,1620,86,86,22,22,1370,1370,144,144,60,60,1445,1445,82,82,3193,3193,132,132,17031822702,0.7204152249134949,0.14890510948905109,0.0413404321954275,0.05674740484429066,0.06666666666666667,46.17345679012346,0.008449978531558608,0.01863898500576701,1.0,True,0.8882224344513094,0.12671916034889033
Census Tract 8228.01; Cook County; Illinois,3228,89531,1458,1418,1093,278400,1458,50,45,1759,205,100,1418,106,3228,147,17,031,822801,3228,3228,89531,89531,1458,1458,1418,1418,1093,1093,278400,278400,1458,1458,50,50,45,45,1759,1759,205,205,100,100,1418,1418,106,106,3228,3228,147,147,17031822801,0.7708039492242595,0.17339397384877772,0.04553903345724907,0.07475317348377997,0.06515775034293553,61.406721536351164,0.012961749808159688,0.01493389905603247,1.0,True,0.9031476485167143,0.14600909382779717
Census Tract 8228.02; Cook County; Illinois,3400,111172,1381,1262,1219,296600,1381,54,43,1332,165,57,1262,133,3399,107,17,031,822802,3400,3400,111172,111172,1381,1381,1262,1262,1219,1219,296600,296600,1381,1381,54,54,43,43,1332,1332,165,165,57,57,1262,1262,133,133,3399,3399,107,107,17031822802,0.9659270998415214,0.16666666666666666,0.0314798470138276,0.10538827258320127,0.07023895727733527,80.50108616944243,0.01756471209720021,0.002393244978546291,1.0,True,0.9744893788859071,0.14915453643793206
Census Tract 8229; Cook County; Illinois,2117,73750,841,803,605,232900,841,24,55,870,162,44,803,47,2117,278,17,031,822900,2117,2117,73750,73750,841,841,803,803,605,605,232900,232900,841,841,24,24,55,55,870,870,162,162,44,44,803,803,47,47,2117,2117,278,278,17031822900,0.7534246575342466,0.2367816091954023,0.13131790269248939,0.058530510585305104,0.093935790725327,87.69322235434007,0.013858948483417071,0.02316224976788885,1.0,True,0.858970517323607,0.20991839412276814
Census Tract 8230.01; Cook County; Illinois,7730,64963,2905,2698,1157,223300,2905,507,0,2739,129,83,2698,397,7383,1599,17,031,823001,7730,7730,64963,64963,2905,2905,2698,2698,1157,1157,223300,223300,2905,2905,507,507,0,0,2739,2739,129,129,83,83,2698,2698,397,397,7383,7383,1599,1599,17031823001,0.42883617494440324,0.07740051113545089,0.2165786265745632,0.14714603409933283,0.17452667814113598,22.36247848537005,0.011389178250842848,0.09968332506133824,1.0,True,0.7126256284458775,0.2082369361202757
Census Tract 8230.02; Cook County; Illinois,4544,95852,2066,1927,1162,245300,2066,298,60,2391,323,0,1927,105,4532,416,17,031,823002,4544,4544,95852,95852,2066,2066,1927,1927,1162,1162,245300,245300,2066,2066,298,298,60,60,2391,2391,323,323,0,0,1927,1927,105,105,4532,4532,416,416,17031823002,0.6030098598858329,0.13508992053534086,0.09179170344218888,0.054488842760768035,0.1732817037754114,46.394966118102616,0.007360893438614837,0.06879112786102218,1.0,True,0.8265267117474367,0.165572085690968
Census Tract 8231.01; Cook County; Illinois,4139,56274,1808,1743,1206,201400,1808,240,105,1818,130,0,1743,124,4139,764,17,031,823101,4139,4139,56274,56274,1808,1808,1743,1743,1206,1206,201400,201400,1808,1808,240,240,105,105,1818,1818,130,130,0,0,1743,1743,124,124,4139,4139,764,764,17031823101,0.6919104991394148,0.07150715071507151,0.18458564870741725,0.07114170969592656,0.19081858407079647,31.125,0.005087140957354485,0.058789202321295295,1.0,True,0.8146258930708953,0.17452282863092797
Census Tract 8231.02; Cook County; Illinois,3751,60938,1552,1526,896,230100,1552,103,19,1579,38,18,1526,91,3751,1013,17,031,823102,3751,3751,60938,60938,1552,1552,1526,1526,896,896,230100,230100,1552,1552,103,103,19,19,1579,1579,38,38,18,18,1526,1526,91,91,3751,3751,1013,1013,17031823102,0.5871559633027523,0.03546548448385054,0.2700613169821381,0.05963302752293578,0.07860824742268041,39.26417525773196,0.002114914212339711,0.0324529461836754,1.0,True,0.7414695466086721,0.14984195287316268
Census Tract 8232; Cook County; Illinois,4494,95585,1938,1792,1662,260800,1938,390,16,1839,161,68,1792,73,4467,413,17,031,823200,4494,4494,95585,95585,1938,1938,1792,1792,1662,1662,260800,260800,1938,1938,390,390,16,16,1839,1839,161,161,68,68,1792,1792,73,73,4467,4467,413,413,17031823200,0.9274553571428571,0.1245241979336596,0.092455786881576,0.040736607142857144,0.20949432404540763,49.321465428276575,0.005072693331002874,0.015197690918472662,1.0,True,0.9343779766690418,0.16605745526376284
Census Tract 8233.02; Cook County; Illinois,5865,56284,2686,2631,1484,195600,2686,440,61,2400,75,24,2631,14,5844,490,17,031,823302,5865,5865,56284,56284,2686,2686,2631,2631,1484,1484,195600,195600,2686,2686,440,440,61,61,2400,2400,75,75,24,24,2631,2631,14,14,5844,5844,490,490,17031823302,0.564044089699734,0.04125,0.0838466803559206,0.005321170657544659,0.18652271034996276,20.95457930007446,0.0002194982896237172,0.08131567798229086,1.0,True,0.8170728261993047,0.10285958649551931
Census Tract 8233.03; Cook County; Illinois,4463,70732,1696,1656,1144,226600,1696,245,42,1929,252,12,1656,163,4463,960,17,031,823303,4463,4463,70732,70732,1696,1696,1656,1656,1144,1144,226600,226600,1696,1696,245,245,42,42,1929,1929,252,252,12,12,1656,1656,163,163,4463,4463,960,960,17031823303,0.6908212560386473,0.1368584758942457,0.21510194936141608,0.09842995169082126,0.16922169811320756,41.70518867924528,0.013470973170750031,0.05231975207364872,1.0,True,0.8006175148963931,0.22088951200320622
Census Tract 8233.04; Cook County; Illinois,5977,51662,2724,2713,1553,183700,2724,265,229,2524,372,44,2713,346,5944,721,17,031,823304,5977,5977,51662,51662,2724,2724,2713,2713,1553,1553,183700,183700,2724,2724,265,265,229,229,2524,2524,372,372,44,44,2713,2713,346,346,5944,5944,721,721,17031823304,0.572429045337265,0.1648177496038035,0.12129878869448182,0.12753409509767785,0.18135095447870778,18.965491923641704,0.02101988255175673,0.07754040073545927,1.0,True,0.8031100041937261,0.21644537935202968
Census Tract 8234; Cook County; Illinois,4962,62515,1865,1797,1151,164100,1865,100,641,2016,105,50,1797,275,4962,896,17,031,823400,4962,4962,62515,62515,1865,1865,1797,1797,1151,1151,164100,164100,1865,1865,100,100,641,641,2016,2016,105,105,50,50,1797,1797,275,275,4962,4962,896,896,17031823400,0.6405119643850863,0.07688492063492064,0.18057234985892784,0.1530328324986088,0.39731903485254694,33.520107238605895,0.011765917181192641,0.14283143935155554,1.0,True,0.7992916556447902,0.2598583041030579
Census Tract 8235; Cook County; Illinois,4213,72945,1529,1467,909,200500,1529,113,744,1706,252,120,1467,120,4193,507,17,031,823500,4213,4213,72945,72945,1529,1529,1467,1467,909,909,200500,200500,1529,1529,113,113,744,744,1706,1706,252,252,120,120,1467,1467,120,120,4193,4193,507,507,17031823500,0.6196319018404908,0.21805392731535755,0.12091581206773193,0.081799591002045,0.5604970568999346,47.70765206017005,0.017836722070785894,0.21319519955703034,1.0,True,0.8190262650565892,0.3343557634951109
Census Tract 8236.02; Cook County; Illinois,5815,85351,3047,2896,2327,218700,3047,547,67,2370,303,21,2896,343,5554,559,17,031,823602,5815,5815,85351,85351,3047,3047,2896,2896,2327,2327,218700,218700,3047,3047,547,547,67,67,2370,2370,303,303,21,21,2896,2896,343,343,5554,5554,559,559,17031823602,0.8035220994475138,0.13670886075949368,0.10064818149081743,0.11843922651933701,0.20150968165408598,28.011486708237612,0.016191691726694175,0.03959219919239465,1.0,True,0.8893966243774178,0.19785750812402497
Census Tract 8236.03; Cook County; Illinois,1792,54677,597,530,352,102100,597,28,153,593,60,7,530,30,1792,170,17,031,823603,1792,1792,54677,54677,597,597,530,530,352,352,102100,102100,597,597,28,28,153,153,593,593,60,60,7,7,530,530,30,30,1792,1792,170,170,17031823603,0.6641509433962264,0.11298482293423272,0.09486607142857142,0.05660377358490566,0.30318257956448913,91.58626465661642,0.006395367335899966,0.1018235833254322,1.0,True,0.8455110681958581,0.19219616052215832
Census Tract 8236.04; Cook County; Illinois,3459,125263,1329,1294,1262,370100,1329,89,37,1395,184,26,1294,15,3459,238,17,031,823604,3459,3459,125263,125263,1329,1329,1294,1294,1262,1262,370100,370100,1329,1329,89,89,37,37,1395,1395,184,184,26,26,1294,1294,15,15,3459,3459,238,238,17031823604,0.9752704791344667,0.15053763440860216,0.06880601329864122,0.011591962905718702,0.09480812641083522,94.2535741158766,0.0017450266739791596,0.0023445595402988646,1.0,True,0.9609117289620331,0.1300453313892815
Census Tract 8236.05; Cook County; Illinois,4215,102283,1645,1604,1307,333500,1645,269,36,1806,180,23,1604,123,4021,172,17,031,823605,4215,4215,102283,102283,1645,1645,1604,1604,1307,1307,333500,333500,1645,1645,269,269,36,36,1806,1806,180,180,23,23,1604,1604,123,123,4021,4021,172,172,17031823605,0.8148379052369077,0.1124031007751938,0.04277542899776175,0.07668329177057356,0.18541033434650456,62.178115501519756,0.00861943977266137,0.03433096589832411,1.0,True,0.9190684015823397,0.14808646677977
Census Tract 8237.02; Cook County; Illinois,6137,69904,3024,2845,1455,337300,3024,822,0,2878,356,122,2845,217,6137,747,17,031,823702,6137,6137,69904,69904,3024,3024,2845,2845,1455,1455,337300,337300,3024,3024,822,822,0,0,2878,2878,356,356,122,122,2845,2845,217,217,6137,6137,747,747,17031823702,0.5114235500878734,0.16608756080611536,0.12172071044484276,0.07627416520210896,0.2718253968253968,23.116402116402117,0.01266819005094096,0.1328074873769074,1.0,True,0.7825951953914906,0.22590889923116994
Census Tract 8237.03; Cook County; Illinois,8277,63005,3255,3086,2020,183000,3255,359,27,3275,321,161,3086,242,8089,1426,17,031,823703,8277,8277,63005,63005,3255,3255,3086,3086,2020,2020,183000,183000,3255,3255,359,359,27,27,3275,3275,321,321,161,161,3086,3086,242,242,8089,8089,1426,1426,17031823703,0.6545690213869086,0.14717557251908397,0.1762887872419335,0.07841866493843162,0.11858678955453149,19.356374807987713,0.011541311908495892,0.04096355076640653,1.0,True,0.8058939862341036,0.19257032940555396
Census Tract 8237.04; Cook County; Illinois,4412,99583,1564,1555,1484,323100,1564,93,10,1849,165,49,1555,53,4412,199,17,031,823704,4412,4412,99583,99583,1564,1564,1555,1555,1484,1484,323100,323100,1564,1564,93,93,10,10,1849,1849,165,165,49,49,1555,1555,53,53,4412,4412,199,199,17031823704,0.9543408360128617,0.1157382368848026,0.04510426110607434,0.03408360128617363,0.06585677749360613,63.67199488491048,0.003944775919546326,0.0030069654032450423,1.0,True,0.9645261453566459,0.10352503934949506
Census Tract 8237.05; Cook County; Illinois,4695,83621,1791,1758,1227,303500,1791,285,61,2006,154,28,1758,85,4626,320,17,031,823705,4695,4695,83621,83621,1791,1791,1758,1758,1227,1227,303500,303500,1791,1791,285,285,61,61,2006,2006,154,154,28,28,1758,1758,85,85,4626,4626,320,320,17031823705,0.6979522184300341,0.09072781655034895,0.06917423259835712,0.04835039817974972,0.19318816303740927,46.68955890563931,0.004386726056188658,0.05835205607102636,1.0,True,0.8682867598824,0.13891468287410103
Census Tract 8238.01; Cook County; Illinois,5422,111221,2555,2212,1882,485000,2555,1141,44,1879,342,43,2212,135,5412,358,17,031,823801,5422,5422,111221,111221,2555,2555,2212,2212,1882,1882,485000,485000,2555,2555,1141,1141,44,44,1879,1879,342,342,43,43,2212,2212,135,135,5412,5412,358,358,17031823801,0.8508137432188065,0.2048962213943587,0.06614929785661493,0.06103074141048825,0.4637964774951076,43.5307240704501,0.012504968303905255,0.06919206038579814,1.0,True,0.9206077055715886,0.2756285948745036
Census Tract 8238.03; Cook County; Illinois,7479,93203,2825,2652,2431,314000,2825,470,18,2781,324,59,2652,147,7325,491,17,031,823803,7479,7479,93203,93203,2825,2825,2652,2652,2431,2431,314000,314000,2825,2825,470,470,18,18,2781,2781,324,324,59,59,2652,2652,147,147,7325,7325,491,491,17031823803,0.9166666666666666,0.13772024451636103,0.06703071672354949,0.05542986425339366,0.1727433628318584,32.99221238938053,0.007633814458486075,0.014395280235988206,1.0,True,0.9421553411905453,0.1587593677596735
Census Tract 8238.05; Cook County; Illinois,2815,62647,1522,1450,1318,193500,1522,194,0,1360,156,53,1450,111,2744,252,17,031,823805,2815,2815,62647,62647,1522,1522,1450,1450,1318,1318,193500,193500,1522,1522,194,194,0,0,1360,1360,156,156,53,53,1450,1450,111,111,2744,2744,252,252,17031823805,0.9089655172413793,0.1536764705882353,0.09183673469387756,0.07655172413793103,0.12746386333771353,41.160972404730614,0.01176419878296146,0.011603606869364267,1.0,True,0.9284751883003471,0.1694212840257085
Census Tract 8238.06; Cook County; Illinois,4041,65431,1779,1770,1195,196600,1779,311,0,1430,183,86,1770,166,4041,500,17,031,823806,4041,4041,65431,65431,1779,1779,1770,1770,1195,1195,196600,196600,1779,1779,311,311,0,0,1430,1430,183,183,86,86,1770,1770,166,166,4041,4041,500,500,17031823806,0.6751412429378532,0.18811188811188811,0.12373174956693887,0.09378531073446328,0.17481731309724563,36.7796514896009,0.017642131879420014,0.05679093504571538,1.0,True,0.8362658160490289,0.21644285051469642
Census Tract 8239.01; Cook County; Illinois,3754,113558,1685,1593,1549,395500,1685,268,211,1157,115,92,1593,32,3638,175,17,031,823901,3754,3754,113558,113558,1685,1685,1593,1593,1549,1549,395500,395500,1685,1685,268,268,211,211,1157,1157,115,115,92,92,1593,1593,32,32,3638,3638,175,175,17031823901,0.9723791588198368,0.17891097666378566,0.048103353490929084,0.020087884494664157,0.284272997032641,67.39347181008903,0.003593943034049681,0.007851859302847573,1.0,True,0.9692041567132027,0.19309815106885833
Census Tract 8239.03; Cook County; Illinois,4630,141761,1775,1708,1636,416900,1775,161,19,1376,176,41,1708,83,4439,122,17,031,823903,4630,4630,141761,141761,1775,1775,1708,1708,1636,1636,416900,416900,1775,1775,161,161,19,19,1376,1376,176,176,41,41,1708,1708,83,83,4439,4439,122,122,17031823903,0.9578454332552693,0.15770348837209303,0.02748366749267853,0.04859484777517564,0.10140845070422536,79.86535211267605,0.007663577011056043,0.004274829303691004,1.0,True,0.9735986080286051,0.13360830683504443
Census Tract 8239.04; Cook County; Illinois,3890,108151,1801,1664,1545,355500,1801,353,133,1443,160,39,1664,36,3890,206,17,031,823904,3890,3890,108151,108151,1801,1801,1664,1664,1545,1545,355500,355500,1801,1801,353,353,133,133,1443,1443,160,160,39,39,1664,1664,36,36,3890,3890,206,206,17031823904,0.9284855769230769,0.1379071379071379,0.05295629820051414,0.021634615384615384,0.2698500832870627,60.05052748473071,0.002983567887414041,0.019298173023533947,1.0,True,0.9523991274586693,0.17028624211560267
Census Tract 8240.03; Cook County; Illinois,5858,108553,2153,2140,1927,438800,2153,429,115,1765,247,50,2140,10,5730,103,17,031,824003,5858,5858,108553,108553,2153,2153,2140,2140,1927,1927,438800,438800,2153,2153,429,429,115,115,1765,1765,247,247,50,50,2140,2140,10,10,5730,5730,103,103,17031824003,0.9004672897196262,0.16827195467422096,0.017975567190226877,0.004672897196261682,0.25267069205759407,50.41941477008825,0.00078631754520664,0.025148998788910058,1.0,True,0.9587097402044155,0.1637855558856701
Census Tract 8240.04; Cook County; Illinois,4827,99911,2236,1991,1224,536000,2236,316,251,1829,357,25,1991,322,4535,484,17,031,824004,4827,4827,99911,99911,2236,2236,1991,1991,1224,1224,536000,536000,2236,2236,316,316,251,251,1829,1829,357,357,25,25,1991,1991,322,322,4535,4535,484,484,17031824004,0.6147664490205926,0.20885729907053036,0.10672546857772877,0.1617277749874435,0.2535778175313059,44.682915921288014,0.033778026268563924,0.09768668309719321,1.0,True,0.8237664667601706,0.2651742699148726
Census Tract 8240.05; Cook County; Illinois,5679,150222,2038,2038,1922,437600,2038,259,120,2562,439,47,2038,38,5679,127,17,031,824005,5679,5679,150222,150222,2038,2038,2038,2038,1922,1922,437600,437600,2038,2038,259,259,120,120,2562,2562,439,439,47,47,2038,2038,38,38,5679,5679,127,127,17031824005,0.943081452404318,0.18969555035128804,0.022363092093678465,0.018645731108930325,0.1859666339548577,73.71050049067713,0.0035370122244106706,0.010584950705968349,1.0,True,0.9709723766478726,0.16211167621775233
Census Tract 8240.06; Cook County; Illinois,6200,157158,2086,2048,1974,596800,2086,156,67,2223,310,208,2048,6,6200,159,17,031,824006,6200,6200,157158,157158,2086,2086,2048,2048,1974,1974,596800,596800,2086,2086,156,156,67,67,2223,2223,310,310,208,208,2048,2048,6,6,6200,6200,159,159,17031824006,0.9638671875,0.23301844354475934,0.02564516129032258,0.0029296875,0.10690316395014382,75.33940556088207,0.0006826712213225372,0.003862711978667306,1.0,True,0.9764360744478794,0.15822262366913326
Census Tract 8241.05; Cook County; Illinois,6878,105177,2980,2770,2304,371700,2980,966,23,3072,627,103,2770,97,6878,297,17,031,824105,6878,6878,105177,105177,2980,2980,2770,2770,2304,2304,371700,371700,2980,2980,966,966,23,23,3072,3072,627,627,103,103,2770,2770,97,97,6878,6878,297,297,17031824105,0.8317689530685921,0.23763020833333334,0.04318115731317244,0.035018050541516244,0.3318791946308725,35.294295302013424,0.008321346645607701,0.055832384367504165,1.0,True,0.9245320140441381,0.23948380323407853
Census Tract 8241.06; Cook County; Illinois,6489,89107,2564,2469,2153,358200,2564,1308,35,2502,320,163,2469,27,6489,1009,17,031,824106,6489,6489,89107,89107,2564,2564,2469,2469,2153,2153,358200,358200,2564,2564,1308,1308,35,35,2502,2502,320,320,163,163,2469,2469,27,27,6489,6489,1009,1009,17031824106,0.8720129607128392,0.19304556354916066,0.15549391277546618,0.010935601458080195,0.5237909516380655,34.753120124804994,0.002111069346224114,0.06703845310556045,1.0,True,0.8876916523656021,0.30011902424915304
Census Tract 8241.07; Cook County; Illinois,7681,100273,2893,2762,2578,350000,2893,851,155,2791,320,101,2762,124,7681,515,17,031,824107,7681,7681,100273,100273,2893,2893,2762,2762,2578,2578,350000,350000,2893,2893,851,851,155,155,2791,2791,320,320,101,101,2762,2762,124,124,7681,7681,515,515,17031824107,0.9333816075307748,0.1508419921175206,0.0670485613852363,0.04489500362056481,0.3477359142758382,34.660559972347045,0.006772051782249297,0.023165607612872636,1.0,True,0.9477225383930129,0.21081386348730063
Census Tract 8241.13; Cook County; Illinois,6183,131023,2321,2289,2212,395300,2321,734,0,2527,315,79,2289,17,6183,203,17,031,824113,6183,6183,131023,131023,2321,2321,2289,2289,2212,2212,395300,395300,2321,2321,734,734,0,0,2527,2527,315,315,79,79,2289,2289,17,17,6183,6183,203,203,17031824113,0.9663608562691132,0.1559161060546102,0.032831958596150734,0.007426823940585408,0.3162429987074537,56.45109866436881,0.0011579614691692326,0.010638143687406695,1.0,True,0.9740389722208841,0.1810648984155755
Census Tract 8241.14; Cook County; Illinois,5550,140000,1999,1960,1914,408900,1999,158,105,2175,231,50,1960,0,5550,369,17,031,824114,5550,5550,140000,140000,1999,1999,1960,1960,1914,1914,408900,408900,1999,1999,158,158,105,105,2175,2175,231,231,50,50,1960,1960,0,0,5550,5550,369,369,17031824114,0.976530612244898,0.12919540229885057,0.06648648648648649,0.0,0.13156578289144572,70.03501750875438,0.0,0.0030877683739829027,1.0,True,0.9623768596807517,0.1248797054506564
Census Tract 8241.15; Cook County; Illinois,3897,68179,1638,1551,1239,269500,1638,500,49,1519,261,49,1551,118,3712,248,17,031,824115,3897,3897,68179,68179,1638,1638,1551,1551,1239,1239,269500,269500,1638,1638,500,500,49,49,1519,1519,261,261,49,49,1551,1551,118,118,3712,3712,248,248,17031824115,0.7988394584139265,0.20408163265306123,0.0668103448275862,0.07607994842037395,0.33516483516483514,41.623321123321126,0.015526520085790602,0.06742193976236531,1.0,True,0.9029656887924631,0.24445274872352935
Census Tract 8241.16; Cook County; Illinois,5197,79613,2439,2275,1258,334500,2439,434,0,2123,247,112,2275,24,5197,531,17,031,824116,5197,5197,79613,79613,2439,2439,2275,2275,1258,1258,334500,334500,2439,2439,434,434,0,0,2123,2123,247,247,112,112,2275,2275,24,24,5197,5197,531,531,17031824116,0.552967032967033,0.16910032972209138,0.10217433134500674,0.01054945054945055,0.17794177941779418,32.64165641656417,0.001783915566298986,0.07954584161226227,1.0,True,0.8051926249938616,0.173536657784511
Census Tract 8241.19; Cook County; Illinois,5172,110338,2337,2198,2053,421000,2337,323,32,2064,244,22,2198,114,5172,126,17,031,824119,5172,5172,110338,110338,2337,2337,2198,2198,2053,2053,421000,421000,2337,2337,323,323,32,32,2064,2064,244,244,22,22,2198,2198,114,114,5172,5172,126,126,17031824119,0.9340309372156506,0.12887596899224807,0.024361948955916472,0.051865332120109194,0.15190415062045357,47.2135216089003,0.00668419493408384,0.010020974449483975,1.0,True,0.9670413459185855,0.1329747047747734
Census Tract 8241.21; Cook County; Illinois,3146,89792,1408,1366,1205,283400,1408,459,0,1351,226,78,1366,60,3135,193,17,031,824121,3146,3146,89792,89792,1408,1408,1366,1366,1205,1205,283400,283400,1408,1408,459,459,0,0,1351,1351,226,226,78,78,1366,1366,60,60,3135,3135,193,193,17031824121,0.8821376281112738,0.22501850481125094,0.06156299840510367,0.043923865300146414,0.3259943181818182,63.77272727272727,0.009883682495369734,0.038422463563157185,1.0,True,0.933090129868334,0.24044949026640478
Census Tract 8241.22; Cook County; Illinois,5830,150388,2349,2309,2268,375900,2349,1288,8,2397,477,80,2309,44,5814,263,17,031,824122,5830,5830,150388,150388,2349,2349,2309,2309,2268,2268,375900,375900,2349,2349,1288,1288,8,8,2397,2397,477,477,80,80,2309,2309,44,44,5814,5814,263,263,17031824122,0.9822433954092681,0.2323738005840634,0.04523563811489508,0.019055868341273277,0.5517241379310345,64.02213707960834,0.004428084549891203,0.009796747360403816,1.0,True,0.9737936154138404,0.2935898391844125
Census Tract 8241.23; Cook County; Illinois,7581,101714,2997,2788,2386,279500,2997,348,0,3157,663,96,2788,87,7521,117,17,031,824123,7581,7581,101714,101714,2997,2997,2788,2788,2386,2386,279500,279500,2997,2997,348,348,0,0,3157,3157,663,663,96,96,2788,2788,87,87,7521,7521,117,117,17031824123,0.8558106169296987,0.24041811846689895,0.015556441962504986,0.031205164992826398,0.11611611611611612,33.938605271938606,0.007502287054024465,0.01674271114730225,1.0,True,0.9449030437991782,0.1702982807514995
Census Tract 8241.24; Cook County; Illinois,3064,92098,1293,1249,797,307700,1293,269,27,1383,125,84,1249,97,3023,440,17,031,824124,3064,3064,92098,92098,1293,1293,1249,1249,797,797,307700,307700,1293,1293,269,269,27,27,1383,1383,125,125,84,84,1249,1249,97,97,3023,3023,440,440,17031824124,0.6381104883907126,0.15112075198843095,0.14555077737347005,0.07766212970376302,0.22892498066511988,71.22815158546017,0.011736359441855727,0.0828455494480658,1.0,True,0.8141740623384961,0.2147644631901961
Census Tract 8241.25; Cook County; Illinois,4247,121991,1463,1463,1370,279000,1463,362,38,1837,277,23,1463,10,4247,137,17,031,824125,4247,4247,121991,121991,1463,1463,1463,1463,1370,1370,279000,279000,1463,1463,362,362,38,38,1837,1837,277,277,23,23,1463,1463,10,10,4247,4247,137,137,17031824125,0.9364319890635681,0.1633097441480675,0.03225806451612903,0.00683526999316473,0.2734107997265892,83.38414217361586,0.0011162661937666953,0.017380180707158428,1.0,True,0.9643149202274985,0.17252137779181087
Census Tract 8241.26; Cook County; Illinois,5690,166333,2014,2014,2014,390600,2014,590,56,2703,251,93,2014,0,5690,414,17,031,824126,5690,5690,166333,166333,2014,2014,2014,2014,2014,2014,390600,390600,2014,2014,590,590,56,56,2703,2703,251,251,93,93,2014,2014,0,0,5690,5690,414,414,17031824126,1.0,0.12726600073991862,0.07275922671353251,0.0,0.32075471698113206,82.58838133068521,0.0,0.0,1.0,True,0.9674068230229743,0.17870594990405875
Census Tract 8241.27; Cook County; Illinois,3893,100313,1488,1472,1458,335000,1488,415,25,1597,245,42,1472,42,3883,164,17,031,824127,3893,3893,100313,100313,1488,1488,1472,1472,1458,1458,335000,335000,1488,1488,415,415,25,25,1597,1597,245,245,42,42,1472,1472,42,42,3883,3883,164,164,17031824127,0.9904891304347826,0.1797119599248591,0.04223538501158898,0.028532608695652172,0.2956989247311828,67.41465053763442,0.00512765103046473,0.002812353903693319,1.0,True,0.977859432721913,0.19744442227489195
Census Tract 8241.28; Cook County; Illinois,4283,99744,1838,1784,1678,430000,1838,112,63,1444,175,46,1784,166,4283,156,17,031,824128,4283,4283,99744,99744,1838,1838,1784,1784,1678,1678,430000,430000,1838,1838,112,112,63,63,1444,1444,175,175,46,46,1784,1784,166,166,4283,4283,156,156,17031824128,0.9405829596412556,0.1530470914127424,0.03642306794303059,0.0930493273542601,0.09521218715995647,54.267682263329704,0.014240928909481636,0.005657226367127459,1.0,True,0.963824099300262,0.14684219374599497
Census Tract 8241.29; Cook County; Illinois,4000,115625,1742,1653,1547,410400,1742,113,30,1587,284,88,1653,62,3843,89,17,031,824129,4000,4000,115625,115625,1742,1742,1653,1653,1547,1547,410400,410400,1742,1742,113,113,30,30,1587,1587,284,284,88,88,1653,1653,62,62,3843,3843,89,89,17031824129,0.9358741681790683,0.23440453686200377,0.023158990372105125,0.03750756200846945,0.08208955223880597,66.37485648679679,0.008791942701418169,0.005264060821121257,1.0,True,0.9681965839121247,0.16233404940337157
Census Tract 8243; Cook County; Illinois,4123,49632,1849,1501,947,146700,1849,26,62,1114,157,77,1501,238,4015,1180,17,031,824300,4123,4123,49632,49632,1849,1849,1501,1501,947,947,146700,146700,1849,1849,26,26,62,62,1114,1114,157,157,77,77,1501,1501,238,238,4015,4015,1180,1180,17031824300,0.6309127248501,0.21005385996409337,0.29389788293897884,0.15856095936042638,0.047593293672255274,26.842617631151974,0.0333063415532673,0.017566079076901678,1.0,True,0.7453853700175133,0.2701820570408814
Census Tract 8244; Cook County; Illinois,1912,46336,795,721,468,268500,795,90,89,557,65,28,721,131,1623,280,17,031,824400,1912,1912,46336,46336,795,795,721,721,468,468,268500,268500,795,795,90,90,89,89,557,557,65,65,28,28,721,721,131,131,1623,1623,280,280,17031824400,0.6490984743411928,0.16696588868940754,0.1725200246457178,0.18169209431345354,0.22515723270440252,58.28427672955975,0.03033638199488542,0.07900801646908992,1.0,True,0.8057482255810523,0.2643977548555024
Census Tract 8245.03; Cook County; Illinois,6312,95761,2896,2842,2412,258200,2896,582,20,2624,326,70,2842,166,6312,768,17,031,824503,6312,6312,95761,95761,2896,2896,2842,2842,2412,2412,258200,258200,2896,2896,582,582,20,20,2624,2624,326,326,70,70,2842,2842,166,166,6312,6312,768,768,17031824503,0.848698099929627,0.15091463414634146,0.12167300380228137,0.05840957072484166,0.2078729281767956,33.06664364640884,0.008814858996584336,0.03145156900634136,1.0,True,0.8950543122102989,0.19457365429192267
Census Tract 8245.05; Cook County; Illinois,6363,75876,2561,2561,2088,254900,2561,414,0,3058,484,56,2561,30,6363,349,17,031,824505,6363,6363,75876,75876,2561,2561,2561,2561,2088,2088,254900,254900,2561,2561,414,414,0,0,3058,3058,484,484,56,56,2561,2561,30,30,6363,6363,349,349,17031824505,0.8153065208902772,0.17658600392413343,0.05484834197705485,0.011714174150722375,0.16165560327996875,29.62748926200703,0.0020685592025474434,0.029856735787358542,1.0,True,0.9138101727197796,0.157314786416439
Census Tract 8245.07; Cook County; Illinois,3720,90417,1819,1706,1307,282000,1819,317,0,1844,428,41,1706,78,3720,133,17,031,824507,3720,3720,90417,90417,1819,1819,1706,1706,1307,1307,282000,282000,1819,1819,317,317,0,0,1844,1844,428,428,41,41,1706,1706,78,78,3720,3720,133,133,17031824507,0.7661195779601406,0.2543383947939262,0.03575268817204301,0.04572098475967175,0.1742715777899945,49.70698185816383,0.011628601872172477,0.0407587101630761,1.0,True,0.9059648945840547,0.20506006105122948
Census Tract 8245.08; Cook County; Illinois,3659,75833,1786,1722,1298,235600,1786,375,0,1461,155,16,1722,118,3659,486,17,031,824508,3659,3659,75833,75833,1786,1786,1722,1722,1298,1298,235600,235600,1786,1786,375,375,0,0,1461,1461,155,155,16,16,1722,1722,118,118,3659,3659,486,486,17031824508,0.7537746806039489,0.11704312114989733,0.13282317573107405,0.06852497096399536,0.20996640537513997,42.45968645016797,0.008020376478332106,0.051699045225934576,1.0,True,0.8584147967903418,0.18487840788222626
Census Tract 8245.09; Cook County; Illinois,5004,122100,1591,1519,1410,285800,1591,194,0,1958,148,60,1519,78,4953,286,17,031,824509,5004,5004,122100,122100,1591,1591,1519,1519,1410,1410,285800,285800,1591,1591,194,194,0,0,1958,1958,148,148,60,60,1519,1519,78,78,4953,4953,286,286,17031824509,0.9282422646477946,0.1062308478038815,0.05774278215223097,0.051349572086899276,0.12193588937774984,76.74418604651163,0.005454908577157839,0.008749843279904369,1.0,True,0.9501835959706645,0.12410609453687742
Census Tract 8246.01; Cook County; Illinois,4049,84519,1702,1661,1504,232800,1702,221,51,1882,187,45,1661,33,4049,174,17,031,824601,4049,4049,84519,84519,1702,1702,1661,1661,1504,1504,232800,232800,1702,1702,221,221,51,51,1882,1882,187,187,45,45,1661,1661,33,33,4049,4049,174,174,17031824601,0.9054786273329319,0.12327311370882041,0.04297357372190665,0.019867549668874173,0.1598119858989424,49.65863689776733,0.002449134709446763,0.015105648275818161,1.0,True,0.9491844500426515,0.1282448177360842
Census Tract 8246.02; Cook County; Illinois,6508,82366,2549,2503,1747,225900,2549,255,131,2913,403,44,2503,16,6508,113,17,031,824602,6508,6508,82366,82366,2549,2549,2503,2503,1747,1747,225900,225900,2549,2549,255,255,131,131,2913,2913,403,403,44,44,2503,2503,16,16,6508,6508,113,113,17031824602,0.6979624450659209,0.15345005149330587,0.01736324523663184,0.006392329204954055,0.1514319340918007,32.31306394664574,0.0009809032456623628,0.045738131112026105,1.0,True,0.8914689801497763,0.12836817987105328
Census Tract 8247.01; Cook County; Illinois,3602,56726,1492,1356,904,201800,1492,158,334,1455,97,13,1356,41,3564,572,17,031,824701,3602,3602,56726,56726,1492,1492,1356,1356,904,904,201800,201800,1492,1492,158,158,334,334,1455,1455,97,97,13,13,1356,1356,41,41,3564,3564,572,572,17031824701,0.6666666666666666,0.07560137457044673,0.16049382716049382,0.03023598820058997,0.3297587131367292,38.020107238605895,0.00228588226946041,0.10991957104557643,1.0,True,0.8169898184786127,0.19404330338994966
Census Tract 8247.02; Cook County; Illinois,5315,67316,2425,2365,1885,187700,2425,277,145,2297,171,57,2365,160,5197,659,17,031,824702,5315,5315,67316,67316,2425,2425,2365,2365,1885,1885,187700,187700,2425,2425,277,277,145,145,2297,2297,171,171,57,57,2365,2365,160,160,5197,5197,659,659,17031824702,0.7970401691331924,0.09925990422289943,0.1268039253415432,0.06765327695560254,0.17402061855670103,27.759175257731957,0.006715257790978397,0.03531919530960528,1.0,True,0.8755252894168546,0.16349013987576017
Census Tract 8248; Cook County; Illinois,7349,73125,2183,2082,1383,166900,2183,187,103,3168,191,52,2082,162,7268,1479,17,031,824800,7349,7349,73125,73125,2183,2183,2082,2082,1383,1383,166900,166900,2183,2183,187,187,103,103,3168,3168,191,191,52,52,2082,2082,162,162,7268,7268,1479,1479,17031824800,0.6642651296829971,0.07670454545454546,0.203494771601541,0.07780979827089338,0.13284470911589555,33.497480531378834,0.005968365208278753,0.044600601187325166,1.0,True,0.7969595415871259,0.16951894193617661
Census Tract 8249; Cook County; Illinois,3043,87393,1086,1025,890,155000,1086,12,31,1060,205,0,1025,54,2946,448,17,031,824900,3043,3043,87393,87393,1086,1086,1025,1025,890,890,155000,155000,1086,1086,12,12,31,31,1060,1060,205,205,0,0,1025,1025,54,54,2946,2946,448,448,17031824900,0.8682926829268293,0.19339622641509435,0.15207060420909707,0.05268292682926829,0.03959484346224678,80.47237569060773,0.010188679245283019,0.005214930602344698,1.0,True,0.8879822386778283,0.17772100053323792
Census Tract 8250; Cook County; Illinois,4594,86067,1991,1889,1259,231900,1991,275,151,2288,354,93,1889,226,4591,400,17,031,825000,4594,4594,86067,86067,1991,1991,1889,1889,1259,1259,231900,231900,1991,1991,275,275,151,151,2288,2288,354,354,93,93,1889,1889,226,226,4591,4591,400,400,17031825000,0.6664902064584436,0.19536713286713286,0.08712698758440426,0.11964002117522499,0.21396283274736314,43.22802611752888,0.02337372791316677,0.07135870017513965,1.0,True,0.849768858715556,0.22710585571899525
Census Tract 8252; Cook County; Illinois,1778,74946,732,732,671,220900,732,16,21,779,89,22,732,43,1778,165,17,031,825200,1778,1778,74946,74946,732,732,732,732,671,671,220900,220900,732,732,16,16,21,21,779,779,89,89,22,22,732,732,43,43,1778,1778,165,165,17031825200,0.9166666666666666,0.14249037227214378,0.09280089988751405,0.05874316939890711,0.050546448087431695,102.38524590163935,0.008370336076095879,0.004212204007285976,1.0,True,0.9306170326292529,0.1368659071800435
Census Tract 8253.02; Cook County; Illinois,5337,123750,2350,2093,1722,292100,2350,504,51,2364,523,115,2093,33,5337,392,17,031,825302,5337,5337,123750,123750,2350,2350,2093,2093,1722,1722,292100,292100,2350,2350,504,504,51,51,2364,2364,523,523,115,115,2093,2093,33,33,5337,5337,392,392,17031825302,0.822742474916388,0.26988155668358715,0.07344950346636687,0.015766841853798376,0.23617021276595745,52.659574468085104,0.004255179823487041,0.041862947413363695,1.0,True,0.9079908786101915,0.23322342390892695
Census Tract 8253.03; Cook County; Illinois,3778,82596,1716,1668,1094,255600,1716,83,122,1618,96,47,1668,72,3778,309,17,031,825303,3778,3778,82596,82596,1716,1716,1668,1668,1094,1094,255600,255600,1716,1716,83,83,122,122,1618,1618,96,96,47,47,1668,1668,72,72,3778,3778,309,309,17031825303,0.6558752997601919,0.08838071693448703,0.08178930651138168,0.04316546762589928,0.11946386946386946,48.13286713286713,0.0038149949755893683,0.041110468268741644,1.0,True,0.8486168180272747,0.11973910602284513
Census Tract 8253.04; Cook County; Illinois,3981,101089,1632,1621,1430,267200,1632,90,0,1825,199,28,1621,69,3944,292,17,031,825304,3981,3981,101089,101089,1632,1632,1621,1621,1430,1430,267200,267200,1632,1632,90,90,0,0,1825,1825,199,199,28,28,1621,1621,69,69,3944,3944,292,292,17031825304,0.8821714990746453,0.12438356164383561,0.07403651115618662,0.04256631708821715,0.05514705882352941,61.94178921568628,0.0052945501254933105,0.006497895271618825,1.0,True,0.9275266088674231,0.11739597708338155
Census Tract 8254; Cook County; Illinois,5510,88346,2651,2533,1827,231500,2651,222,101,2631,255,94,2533,216,5414,495,17,031,825400,5510,5510,88346,88346,2651,2651,2533,2533,1827,1827,231500,231500,2651,2651,222,222,101,101,2631,2631,255,255,94,94,2533,2533,216,216,5414,5414,495,495,17031825400,0.7212791156731149,0.13264918282022045,0.09142962689323975,0.0852743782076589,0.12184081478687288,33.32553753300641,0.011311576584748368,0.03395957964450543,1.0,True,0.8661080328943047,0.15980262399509018
Census Tract 8255.01; Cook County; Illinois,5040,62300,2026,1798,1274,183300,2026,235,30,2046,382,0,1798,231,4859,393,17,031,825501,5040,5040,62300,62300,2026,2026,1798,1798,1274,1274,183300,183300,2026,2026,235,235,30,30,2046,2046,382,382,0,0,1798,1798,231,231,4859,4859,393,393,17031825501,0.7085650723025584,0.18670576735092864,0.08088083967894628,0.12847608453837597,0.13079960513326752,30.7502467917078,0.023987225949980265,0.03811957346486773,1.0,True,0.8665763654298942,0.20027207146864223
Census Tract 8255.03; Cook County; Illinois,6957,82031,2895,2687,2360,169800,2895,153,52,2486,784,26,2687,380,6947,1483,17,031,825503,6957,6957,82031,82031,2895,2895,2687,2687,2360,2360,169800,169800,2895,2895,153,153,52,52,2486,2486,784,784,26,26,2687,2687,380,380,6947,6947,1483,1483,17031825503,0.8783029400818757,0.3258246178600161,0.2134734417734274,0.14142165984369184,0.07081174438687392,28.335405872193437,0.046078658275700075,0.008617581099556296,1.0,True,0.8638456262006015,0.30320626057092576
Census Tract 8255.04; Cook County; Illinois,3762,77679,1374,1212,777,218600,1374,202,175,983,94,0,1212,169,3760,1446,17,031,825504,3762,3762,77679,77679,1374,1374,1212,1212,777,777,218600,218600,1374,1374,202,202,175,175,983,983,94,94,0,0,1212,1212,169,169,3760,3760,1446,1446,17031825504,0.6410891089108911,0.09562563580874874,0.38457446808510637,0.13943894389438943,0.27438136826783116,56.53493449781659,0.013333937666401431,0.09847846138325624,1.0,True,0.7082242071109381,0.29923773578982227
Census Tract 8255.05; Cook County; Illinois,5445,90357,1822,1650,1280,200400,1822,434,90,1847,163,57,1650,112,5107,440,17,031,825505,5445,5445,90357,90357,1822,1822,1650,1650,1280,1280,200400,200400,1822,1822,434,434,90,90,1847,1847,163,163,57,57,1650,1650,112,112,5107,5107,440,440,17031825505,0.7757575757575758,0.11911207363291824,0.08615625611905228,0.06787878787878789,0.287596048298573,49.59220636663008,0.008085183179931421,0.06449123507301334,1.0,True,0.8866277496677938,0.1916938424619782
Census Tract 8256; Cook County; Illinois,5146,58919,1662,1628,1149,126800,1662,99,65,1697,319,164,1628,74,5146,1041,17,031,825600,5146,5146,58919,58919,1662,1662,1628,1628,1149,1149,126800,126800,1662,1662,99,99,65,65,1697,1697,319,319,164,164,1628,1628,74,74,5146,5146,1041,1041,17031825600,0.7057739557739557,0.2846199175014732,0.20229304314030314,0.045454545454545456,0.098676293622142,35.450661853188926,0.012937268977339692,0.02903313553133048,1.0,True,0.8113263514388364,0.2552450917358128
Census Tract 8257; Cook County; Illinois,3937,57790,1607,1449,840,161300,1607,235,112,1361,199,118,1449,126,3632,570,17,031,825700,3937,3937,57790,57790,1607,1607,1449,1449,840,840,161300,161300,1607,1607,235,235,112,112,1361,1361,199,199,118,118,1449,1449,126,126,3632,3632,570,570,17031825700,0.5797101449275363,0.23291697281410728,0.15693832599118943,0.08695652173913043,0.21593030491599252,35.96141879278158,0.02025364980992237,0.0907533165588954,1.0,True,0.7895955195559393,0.2596967837628512
Census Tract 8258.01; Cook County; Illinois,3345,36981,1783,1561,641,109000,1783,277,51,1137,129,35,1561,297,3345,1284,17,031,825801,3345,3345,36981,36981,1783,1783,1561,1561,641,641,109000,109000,1783,1783,277,277,51,51,1137,1137,129,129,35,35,1561,1561,297,297,3345,3345,1284,1284,17031825801,0.41063420884048685,0.1442392260334213,0.38385650224215245,0.19026265214606022,0.18395961862030286,20.740886146943353,0.02744333768861379,0.1084195061695571,1.0,True,0.631706772588004,0.3150004291805502
Census Tract 8258.02; Cook County; Illinois,6181,70696,2395,2243,1568,158200,2395,369,20,2550,223,73,2243,193,6181,1472,17,031,825802,6181,6181,70696,70696,2395,2395,2243,2243,1568,1568,158200,158200,2395,2395,369,369,20,20,2550,2550,223,223,73,73,2243,2243,193,193,6181,6181,1472,1472,17031825802,0.6990637539010254,0.11607843137254902,0.23814916680148843,0.08604547481052162,0.16242171189979124,29.518162839248433,0.009988023742711528,0.04887858026409233,1.0,True,0.7930540256804877,0.21213199016564108
Census Tract 8258.03; Cook County; Illinois,5483,66051,2608,2413,1215,154400,2608,273,46,2527,357,127,2413,432,5425,773,17,031,825803,5483,5483,66051,66051,2608,2608,2413,2413,1215,1215,154400,154400,2608,2608,273,273,46,46,2527,2527,357,357,127,127,2413,2413,432,432,5425,5425,773,773,17031825803,0.5035225859925404,0.19153146022952117,0.1424884792626728,0.1790302527973477,0.1223159509202454,25.326303680981596,0.03428992574353632,0.06072710700474678,1.0,True,0.7706684346502524,0.23734601883528866
Census Tract 8259; Cook County; Illinois,3055,46705,1260,1023,641,136700,1260,42,202,1036,140,0,1023,104,3055,1066,17,031,825900,3055,3055,46705,46705,1260,1260,1023,1023,641,641,136700,136700,1260,1260,42,42,202,202,1036,1036,140,140,0,0,1023,1023,104,104,3055,3055,1066,1066,17031825900,0.6265884652981427,0.13513513513513514,0.34893617021276596,0.10166177908113393,0.19365079365079366,37.067460317460316,0.013738078254207288,0.07231144005337554,1.0,True,0.7193192042320571,0.272764679057077
Census Tract 8260; Cook County; Illinois,2597,77825,1361,983,728,102400,1361,0,625,870,105,19,983,100,2597,872,17,031,826000,2597,2597,77825,77825,1361,1361,983,983,728,728,102400,102400,1361,1361,0,0,625,625,870,870,105,105,19,19,983,983,100,100,2597,2597,872,872,17031826000,0.7405900305188199,0.1425287356321839,0.3357720446669234,0.1017293997965412,0.4592211609110948,57.18221895664952,0.014499362729621965,0.1191265473370592,1.0,True,0.7632247073836641,0.34612671653418803
Census Tract 8261; Cook County; Illinois,5316,51316,2691,2119,961,133700,2691,160,926,2453,290,296,2119,348,5316,736,17,031,826100,5316,5316,51316,51316,2691,2691,2119,2119,961,961,133700,133700,2691,2691,160,160,926,926,2453,2453,290,290,296,296,2119,2119,348,348,5316,5316,736,736,17031826100,0.4535158093440302,0.23889115368935998,0.1384499623777276,0.16422840962718263,0.4035674470457079,19.069490895577854,0.039232714244406455,0.22054322967386966,1.0,True,0.7557989146858249,0.3337348298963136
Census Tract 8262.01; Cook County; Illinois,3811,44409,2375,2196,1014,112200,2375,364,50,1036,162,24,2196,602,3625,735,17,031,826201,3811,3811,44409,44409,2375,2375,2196,2196,1014,1014,112200,112200,2375,2375,364,364,50,50,1036,1036,162,162,24,24,2196,2196,602,602,3625,3625,735,735,17031826201,0.46174863387978143,0.17953667953667954,0.20275862068965517,0.27413479052823314,0.1743157894736842,18.698526315789472,0.049217250036922164,0.09382571182053495,1.0,True,0.7297690329608718,0.2966063517297137
Census Tract 8262.02; Cook County; Illinois,6211,68878,2236,1947,1360,150600,2236,30,74,2421,247,124,1947,156,6202,1438,17,031,826202,6211,6211,68878,68878,2236,2236,1947,1947,1360,1360,150600,150600,2236,2236,30,30,74,74,2421,2421,247,247,124,124,1947,1947,156,156,6202,6202,1438,1438,17031826202,0.6985105290190036,0.15324246179264767,0.23186069009996776,0.08012326656394453,0.046511627906976744,30.804114490161002,0.012278286615127393,0.014022766092139368,1.0,True,0.7956820764576928,0.19478268628388143
Census Tract 8263.01; Cook County; Illinois,4145,70274,1524,1431,1005,156200,1524,83,81,1558,176,46,1431,112,4145,532,17,031,826301,4145,4145,70274,70274,1524,1524,1431,1431,1005,1005,156200,156200,1524,1524,83,83,81,81,1558,1558,176,176,46,46,1431,1431,112,112,4145,4145,532,532,17031826301,0.7023060796645703,0.14249037227214378,0.12834740651387214,0.07826694619147449,0.10761154855643044,46.11154855643045,0.011152286299427046,0.032035303763130234,1.0,True,0.843258208308927,0.17098715786686855
Census Tract 8263.03; Cook County; Illinois,3452,85357,1314,1254,1092,177700,1314,29,13,1054,86,79,1254,157,3427,443,17,031,826303,3452,3452,85357,85357,1314,1314,1254,1254,1092,1092,177700,177700,1314,1314,29,29,13,13,1054,1054,86,86,79,79,1254,1254,157,157,3427,3427,443,443,17031826303,0.8708133971291866,0.15654648956356737,0.12926758097461336,0.1251993620414673,0.0319634703196347,64.95966514459666,0.019599520623189856,0.004129252146555679,1.0,True,0.8990231809062541,0.17252842473640648
Census Tract 8263.04; Cook County; Illinois,2727,44750,1437,1307,693,163000,1437,237,19,743,34,63,1307,306,2724,647,17,031,826304,2727,2727,44750,44750,1437,1437,1307,1307,693,693,163000,163000,1437,1437,237,237,19,19,743,743,34,34,63,63,1307,1307,306,306,2724,2724,647,647,17031826304,0.5302218821729151,0.13055181695827725,0.23751835535976504,0.234123947972456,0.1781489213639527,31.141266527487822,0.030565306801249303,0.08369046497128305,1.0,True,0.7370426489684111,0.2714410321035225
Census Tract 8264.01; Cook County; Illinois,3065,49580,1465,1173,969,154300,1465,59,19,1071,50,18,1173,81,2871,756,17,031,826401,3065,3065,49580,49580,1465,1465,1173,1173,969,969,154300,154300,1465,1465,59,59,19,19,1071,1071,50,50,18,18,1173,1173,81,81,2871,2871,756,756,17031826401,0.8260869565217391,0.06349206349206349,0.26332288401253917,0.06905370843989769,0.05324232081911263,33.84300341296928,0.0043843624406284245,0.009259534055497847,1.0,True,0.8241222053862295,0.15785215707766836
Census Tract 8264.02; Cook County; Illinois,5184,56591,1993,1942,1418,139100,1993,88,18,1822,186,40,1942,214,5053,1040,17,031,826402,5184,5184,56591,56591,1993,1993,1942,1942,1418,1418,139100,139100,1993,1993,88,88,18,18,1822,1822,186,186,40,40,1942,1942,214,214,5053,5053,1040,1040,17031826402,0.7301750772399588,0.12403951701427003,0.20581832574708095,0.1101956745623069,0.053186151530356246,28.394882087305568,0.013668618249770231,0.014350949228582223,1.0,True,0.8178817378273523,0.1827021895137475
Census Tract 8265; Cook County; Illinois,5811,58524,2487,2055,1378,121100,2487,192,262,2061,208,9,2055,223,5811,1592,17,031,826500,5811,5811,58524,58524,2487,2487,2055,2055,1378,1378,121100,121100,2487,2487,192,192,262,262,2061,2061,208,208,9,9,2055,2055,223,223,5811,5811,1592,1592,17031826500,0.6705596107055961,0.10528869480834546,0.27396317329203235,0.10851581508515815,0.1825492561318858,23.531966224366705,0.011425488536380066,0.0601390980054923,1.0,True,0.767523925377588,0.23149771368472516
Census Tract 8266; Cook County; Illinois,4798,43675,1978,1521,946,114000,1978,134,426,1336,266,12,1521,220,4798,2127,17,031,826600,4798,4798,43675,43675,1978,1978,1521,1521,946,946,114000,114000,1978,1978,134,134,426,426,1336,1336,266,266,12,12,1521,1521,220,220,4798,4798,2127,2127,17031826600,0.6219592373438527,0.20808383233532934,0.44330971238015837,0.14464168310322156,0.28311425682507585,22.080384226491404,0.030097595735550594,0.10702872956898002,1.0,True,0.675553342950164,0.3804349223134367
Census Tract 8267; Cook County; Illinois,4198,39726,2254,1722,873,117100,2254,346,115,1302,161,18,1722,401,4195,1636,17,031,826700,4198,4198,39726,39726,2254,2254,1722,1722,873,873,117100,117100,2254,2254,346,346,115,115,1302,1302,161,161,18,18,1722,1722,401,401,4195,4195,1636,1636,17031826700,0.5069686411149826,0.13748079877112135,0.3899880810488677,0.23286875725900116,0.20452528837622005,17.62466725820763,0.032014982756805845,0.10083738085447783,1.0,True,0.6610764479721979,0.3330791668680916
Census Tract 8268; Cook County; Illinois,4554,61062,1974,1531,906,131600,1974,50,185,1848,70,44,1531,83,4554,1044,17,031,826800,4554,4554,61062,61062,1974,1974,1531,1531,906,906,131600,131600,1974,1974,50,50,185,185,1848,1848,70,70,44,44,1531,1531,83,83,4554,4554,1044,1044,17031826800,0.5917700849118224,0.06168831168831169,0.22924901185770752,0.05421293272370999,0.11904761904761904,30.933130699088146,0.0033443042913976944,0.04859879941525924,1.0,True,0.7612664465528404,0.15904528542102192
Census Tract 8269.01; Cook County; Illinois,1629,24665,929,699,375,80100,929,191,112,519,135,9,699,192,1629,535,17,031,826901,1629,1629,24665,24665,929,929,699,699,375,375,80100,80100,929,929,191,191,112,112,519,519,135,135,9,9,699,699,192,192,1629,1629,535,535,17031826901,0.5364806866952789,0.2774566473988439,0.3284223449969306,0.27467811158798283,0.3261571582346609,26.55005382131324,0.07621126795504725,0.15118014201434926,1.0,True,0.6984498319663127,0.4312086902693593
Census Tract 8269.02; Cook County; Illinois,1244,35711,634,443,272,82500,634,0,219,301,65,0,443,54,1243,401,17,031,826902,1244,1244,35711,35711,634,634,443,443,272,272,82500,82500,634,634,0,0,219,219,301,301,65,65,0,0,443,443,54,54,1243,1243,401,401,17031826902,0.6139954853273137,0.2159468438538206,0.32260659694288013,0.12189616252821671,0.34542586750788645,56.32649842271293,0.02632309157586075,0.13333594434277335,1.0,True,0.7268954953129748,0.35397024331948806
Census Tract 8270; Cook County; Illinois,3162,53750,1571,1132,726,84100,1571,64,251,1155,39,14,1132,207,3162,567,17,031,827000,3162,3162,53750,53750,1571,1571,1132,1132,726,726,84100,84100,1571,1571,64,64,251,251,1155,1155,39,39,14,14,1132,1132,207,207,3162,3162,567,567,17031827000,0.6413427561837456,0.04588744588744589,0.1793168880455408,0.18286219081272084,0.2005092297899427,34.213876511775936,0.008391078885778532,0.07191408771618087,1.0,True,0.8001258796876792,0.19841232103018994
Census Tract 8271; Cook County; Illinois,1982,25404,1239,956,385,79500,1239,46,535,802,40,76,956,345,1982,577,17,031,827100,1982,1982,25404,25404,1239,1239,956,956,385,385,79500,79500,1239,1239,46,46,535,535,802,802,40,40,76,76,956,956,345,345,1982,1982,577,577,17031827100,0.4027196652719665,0.14463840399002495,0.29112008072653883,0.3608786610878661,0.4689265536723164,20.50363196125908,0.05219691357380607,0.2800806089402643,1.0,True,0.6705516533402823,0.4184989738077468
Census Tract 8272; Cook County; Illinois,3546,56964,1484,1320,917,129400,1484,29,230,1061,136,4,1320,124,3546,468,17,031,827200,3546,3546,56964,56964,1484,1484,1320,1320,917,917,129400,129400,1484,1484,29,29,230,230,1061,1061,136,136,4,4,1320,1320,124,124,3546,3546,468,468,17031827200,0.6946969696969697,0.13195098963242224,0.1319796954314721,0.09393939393939393,0.17452830188679244,38.38544474393531,0.012395395995772999,0.053284019439679815,1.0,True,0.8390901556340533,0.19052507266141577
Census Tract 8273; Cook County; Illinois,2546,29966,1323,963,436,106200,1323,81,644,684,0,45,963,258,2538,920,17,031,827300,2546,2546,29966,29966,1323,1323,963,963,436,436,106200,106200,1323,1323,81,81,644,644,684,684,0,0,45,45,963,963,258,258,2538,2538,920,920,17031827300,0.45275181723779856,0.06578947368421052,0.3624901497241923,0.26791277258566976,0.5479969765684052,22.650037792894935,0.0176258403016888,0.29989034958624045,1.0,True,0.6553014466053488,0.3942630594005646
Census Tract 8274; Cook County; Illinois,2716,32485,1625,1163,664,120200,1625,44,142,947,66,11,1163,233,2481,634,17,031,827400,2716,2716,32485,32485,1625,1625,1163,1163,664,664,120200,120200,1625,1625,44,44,142,142,947,947,66,66,11,11,1163,1163,233,233,2481,2481,634,634,17031827400,0.5709372312983663,0.08130939809926083,0.2555421201128577,0.2003439380911436,0.11446153846153846,19.99076923076923,0.016289845019026458,0.04911118460215623,1.0,True,0.7425447467472114,0.22372769675965823
Census Tract 8275; Cook County; Illinois,5130,73043,1864,1536,1036,88000,1864,81,376,2224,78,157,1536,364,5130,485,17,031,827500,5130,5130,73043,73043,1864,1864,1536,1536,1036,1036,88000,88000,1864,1864,81,81,376,376,2224,2224,78,78,157,157,1536,1536,364,364,5130,5130,485,485,17031827500,0.6744791666666666,0.10566546762589928,0.09454191033138401,0.23697916666666666,0.2451716738197425,39.18615879828326,0.025040514463429253,0.07980848757153078,1.0,True,0.8491080135314539,0.2303619876035749
Census Tract 8276; Cook County; Illinois,2804,50038,1126,922,688,140200,1126,0,126,967,61,24,922,128,2746,554,17,031,827600,2804,2804,50038,50038,1126,1126,922,922,688,688,140200,140200,1126,1126,0,0,126,126,967,967,61,61,24,24,922,922,128,128,2746,2746,554,554,17031827600,0.7462039045553145,0.08790072388831438,0.20174799708667152,0.13882863340563992,0.11190053285968028,44.43872113676732,0.012203137372781173,0.028399918317966583,1.0,True,0.8250424074162589,0.18848884780954725
Census Tract 8277; Cook County; Illinois,2568,56038,1093,878,355,119600,1093,7,317,1016,132,14,878,61,2565,725,17,031,827700,2568,2568,56038,56038,1093,1093,878,878,355,355,119600,119600,1093,1093,7,7,317,317,1016,1016,132,132,14,14,878,878,61,61,2565,2565,725,725,17031827700,0.4043280182232346,0.1437007874015748,0.2826510721247563,0.06947608200455581,0.29643183897529735,51.26989935956084,0.009983767689631051,0.17657614098414637,1.0,True,0.6748919864049729,0.273147755890835
Census Tract 8278.01; Cook County; Illinois,4429,82489,1737,1633,1371,199200,1737,34,89,1706,190,45,1633,31,4188,803,17,031,827801,4429,4429,82489,82489,1737,1737,1633,1633,1371,1371,199200,199200,1737,1737,34,34,89,89,1706,1706,190,190,45,45,1633,1633,31,31,4188,4188,803,803,17031827801,0.8395590936925903,0.13774912075029308,0.191738299904489,0.018983466013472138,0.07081174438687392,47.489349453080024,0.0026149557521488584,0.011361100446638683,1.0,True,0.8606552077370283,0.16046748025956778
Census Tract 8278.02; Cook County; Illinois,3318,86042,1053,1016,841,219200,1053,0,0,1561,193,52,1016,6,3202,292,17,031,827802,3318,3318,86042,86042,1053,1053,1016,1016,841,841,219200,219200,1053,1053,0,0,0,0,1561,1561,193,193,52,52,1016,1016,6,6,3202,3202,292,292,17031827802,0.827755905511811,0.15695067264573992,0.09119300437226734,0.005905511811023622,0.0,81.71130104463438,0.0009268740510575192,0.0,1.0,True,0.9017050058812454,0.1125827548321862
Census Tract 8278.04; Cook County; Illinois,2968,80458,1270,1255,1132,215600,1270,96,53,1062,215,38,1255,66,2968,388,17,031,827804,2968,2968,80458,80458,1270,1270,1255,1255,1132,1132,215600,215600,1270,1270,96,96,53,53,1062,1062,215,215,38,38,1255,1255,66,66,2968,2968,388,388,17031827804,0.90199203187251,0.2382297551789077,0.1307277628032345,0.05258964143426295,0.1173228346456693,63.35275590551181,0.012528417403831003,0.011498572638579539,1.0,True,0.9087603476864587,0.2150587181334171
Census Tract 8278.05; Cook County; Illinois,2531,97500,1017,946,843,242500,1017,39,32,848,230,32,946,37,2531,466,17,031,827805,2531,2531,97500,97500,1017,1017,946,946,843,843,242500,242500,1017,1017,39,39,32,32,848,848,230,230,32,32,946,946,37,37,2531,2531,466,466,17031827805,0.8911205073995772,0.3089622641509434,0.18411694982220467,0.039112050739957716,0.06981317600786627,95.87020648967551,0.012084147752203917,0.007601223180560493,1.0,True,0.8812595231011203,0.2514799159603916
Census Tract 8279.01; Cook County; Illinois,1963,96696,688,684,651,291700,688,75,19,651,174,0,684,31,1805,126,17,031,827901,1963,1963,96696,96696,688,688,684,684,651,651,291700,291700,688,688,75,75,19,19,651,651,174,174,0,0,684,684,31,31,1805,1805,126,126,17031827901,0.9517543859649122,0.2672811059907834,0.06980609418282549,0.04532163742690058,0.13662790697674418,140.54651162790697,0.01211361737677527,0.006591697266421874,1.0,True,0.9526113322914357,0.2124740354361187
Census Tract 8279.02; Cook County; Illinois,4415,64507,1718,1641,1104,161600,1718,0,115,1561,91,63,1641,221,4415,754,17,031,827902,4415,4415,64507,64507,1718,1718,1641,1641,1104,1104,161600,161600,1718,1718,0,0,115,115,1561,1561,91,91,63,63,1641,1641,221,221,4415,4415,754,754,17031827902,0.6727605118829981,0.09865470852017937,0.17078142695356738,0.13467397928092625,0.06693830034924331,37.547729918509894,0.013286222171212454,0.021904855141708507,1.0,True,0.8144224753823422,0.16971944636086211
Census Tract 8280; Cook County; Illinois,5254,70673,2272,2077,1384,160800,2272,121,154,2314,400,40,2077,111,5184,515,17,031,828000,5254,5254,70673,70673,2272,2272,2077,2077,1384,1384,160800,160800,2272,2272,121,121,154,154,2314,2314,400,400,40,40,2077,2077,111,111,5184,5184,515,515,17031828000,0.666345690900337,0.19014693171996544,0.09934413580246913,0.053442465093885415,0.1210387323943662,31.106073943661972,0.010161920761153666,0.04038509463134125,1.0,True,0.8442472285915148,0.18130568847718087
Census Tract 8281; Cook County; Illinois,4497,76034,2174,1986,1566,176500,2174,80,555,1778,196,60,1986,67,4497,385,17,031,828100,4497,4497,76034,76034,2174,2174,1986,1986,1566,1566,176500,176500,2174,2174,80,80,555,555,1778,1778,196,196,60,60,1986,1986,67,67,4497,4497,385,385,17031828100,0.7885196374622356,0.1439820022497188,0.08561263064265065,0.033736153071500505,0.2920883164673413,34.97424103035878,0.004857398867437643,0.06177094305955859,1.0,True,0.8911178210952463,0.19444123521952708
Census Tract 8282.01; Cook County; Illinois,4116,67813,1847,1727,1250,158700,1847,70,125,1858,242,21,1727,53,4116,559,17,031,828201,4116,4116,67813,67813,1847,1847,1727,1727,1250,1250,158700,158700,1847,1847,70,70,125,125,1858,1858,242,242,21,21,1727,1727,53,53,4116,4116,559,559,17031828201,0.7237984944991315,0.14155005382131325,0.1358114674441205,0.030689056166763172,0.10557661072008663,36.71521386031402,0.004344037552130632,0.029160418826567062,1.0,True,0.8470818105198926,0.15710129598850148
Census Tract 8282.02; Cook County; Illinois,5111,57353,1978,1908,1200,202900,1978,276,239,2007,177,21,1908,235,5111,1195,17,031,828202,5111,5111,57353,57353,1978,1978,1908,1908,1200,1200,202900,202900,1978,1978,276,276,239,239,2007,2007,177,177,21,21,1908,1908,235,235,5111,5111,1195,1195,17031828202,0.6289308176100629,0.09865470852017937,0.2338094306397965,0.12316561844863731,0.2603640040444894,28.995449949443884,0.01215086818775794,0.09661305810455896,1.0,True,0.7716112424446141,0.24104260613474734
Census Tract 8283; Cook County; Illinois,3015,53400,1422,1350,1148,156000,1422,40,180,1162,33,5,1350,74,3015,355,17,031,828300,3015,3015,53400,53400,1422,1422,1350,1350,1148,1148,156000,156000,1422,1422,40,40,180,180,1162,1162,33,33,5,5,1350,1350,74,74,3015,3015,355,355,17031828300,0.8503703703703703,0.03270223752151463,0.11774461028192372,0.054814814814814816,0.15471167369901548,37.552742616033754,0.0017925670937719133,0.023149450434963803,1.0,True,0.8973480659544518,0.11697168381743611
Census Tract 8284.01; Cook County; Illinois,3426,70054,1383,1271,846,212000,1383,51,430,1138,102,20,1271,78,3394,483,17,031,828401,3426,3426,70054,70054,1383,1383,1271,1271,846,846,212000,212000,1383,1383,51,51,430,430,1138,1138,102,102,20,20,1271,1271,78,78,3394,3394,483,483,17031828401,0.6656176239181747,0.10720562390158173,0.1423099587507366,0.06136900078678206,0.3477946493130875,50.653651482284886,0.006579102017563631,0.11629640122585537,1.0,True,0.8247819820390858,0.21913193027117722
Census Tract 8284.02; Cook County; Illinois,3442,59534,1558,1416,995,159300,1558,14,218,1089,103,26,1416,131,3368,646,17,031,828402,3442,3442,59534,59534,1558,1558,1416,1416,995,995,159300,159300,1558,1558,14,14,218,218,1089,1089,103,103,26,26,1416,1416,131,131,3368,3368,646,646,17031828402,0.702683615819209,0.1184573002754821,0.19180522565320665,0.0925141242937853,0.14890885750962773,38.21181001283697,0.0109589734011922,0.04427304308725514,1.0,True,0.8149886336980067,0.19611714481405634
Census Tract 8285.03; Cook County; Illinois,4500,62153,1704,1409,743,73100,1704,152,32,1577,164,16,1409,116,4351,804,17,031,828503,4500,4500,62153,62153,1704,1704,1409,1409,743,743,73100,73100,1704,1704,152,152,32,32,1577,1577,164,164,16,16,1409,1409,116,116,4351,4351,804,804,17031828503,0.5273243435060326,0.11414077362079898,0.18478510687198346,0.0823278921220724,0.107981220657277,36.47476525821596,0.009396969297383024,0.051040094363198354,1.0,True,0.7596775450769607,0.1768722467343517
Census Tract 8285.04; Cook County; Illinois,4848,71154,1804,1534,1120,147200,1804,111,32,1836,193,85,1534,60,4826,836,17,031,828504,4848,4848,71154,71154,1804,1804,1534,1534,1120,1120,147200,147200,1804,1804,111,111,32,32,1836,1836,193,193,85,85,1534,1534,60,60,4826,4826,836,836,17031828504,0.7301173402868318,0.1514161220043573,0.1732283464566929,0.03911342894393742,0.07926829268292683,39.44235033259424,0.005922403728983988,0.02139313766019016,1.0,True,0.8324500262969902,0.1700775911492555
Census Tract 8285.05; Cook County; Illinois,6643,105748,2648,2527,2169,240800,2648,145,80,3000,181,401,2527,36,6640,669,17,031,828505,6643,6643,105748,105748,2648,2648,2527,2527,2169,2169,240800,240800,2648,2648,145,145,80,80,3000,3000,181,181,401,401,2527,2527,36,36,6640,6640,669,669,17031828505,0.8583300356153541,0.194,0.10075301204819277,0.014246141669964385,0.08496978851963746,39.93504531722054,0.002763751483973091,0.01203766691334793,1.0,True,0.9076292315317637,0.1610552899439444
Census Tract 8285.07; Cook County; Illinois,4172,87104,1563,1349,1241,206500,1563,597,0,1564,172,92,1349,100,4172,221,17,031,828507,4172,4172,87104,87104,1563,1563,1349,1349,1241,1241,206500,206500,1563,1563,597,597,0,0,1564,1564,172,172,92,92,1349,1349,100,100,4172,4172,221,221,17031828507,0.9199406968124537,0.16879795396419436,0.052972195589645256,0.07412898443291327,0.381957773512476,55.72872680742162,0.012512820901719375,0.03057927319447545,1.0,True,0.9495332022859779,0.2342138633509682
Census Tract 8285.08; Cook County; Illinois,4443,63107,2061,1923,1114,109300,2061,217,138,2324,601,142,1923,330,4418,783,17,031,828508,4443,4443,63107,63107,2061,2061,1923,1923,1114,1114,109300,109300,2061,2061,217,217,138,138,2324,2324,601,601,142,142,1923,1923,330,330,4418,4418,783,783,17031828508,0.5793031721268851,0.31970740103270223,0.17722951561792666,0.17160686427457097,0.1722464822901504,30.619602134885977,0.05486398457659476,0.07246354871176894,1.0,True,0.7803845533923028,0.3259170767828448
Census Tract 8286.01; Cook County; Illinois,4153,104002,1767,1689,1565,226100,1767,153,185,1462,196,41,1689,125,4148,186,17,031,828601,4153,4153,104002,104002,1767,1767,1689,1689,1565,1565,226100,226100,1767,1767,153,153,185,185,1462,1462,196,196,41,41,1689,1689,125,125,4148,4148,186,186,17031828601,0.9265837773830669,0.16210670314637482,0.044840887174541946,0.07400828892835998,0.19128466327108093,58.85795132993775,0.011997239723680789,0.014043397421914773,1.0,True,0.9553938305968556,0.17491316327099507
Census Tract 8286.02; Cook County; Illinois,4417,107154,1565,1499,1342,262900,1565,5,60,1713,203,78,1499,67,4220,447,17,031,828602,4417,4417,107154,107154,1565,1565,1499,1499,1342,1342,262900,262900,1565,1565,5,5,60,60,1713,1713,203,203,78,78,1499,1499,67,67,4220,4220,447,447,17031828602,0.895263509006004,0.1640396964389959,0.10592417061611374,0.04469646430953969,0.04153354632587859,68.46900958466453,0.007331994437233306,0.004350077900709097,1.0,True,0.9176275952781183,0.14522328775879823
Census Tract 8287.01; Cook County; Illinois,4236,63686,1515,1456,945,221300,1515,161,188,1447,145,27,1456,129,4231,931,17,031,828701,4236,4236,63686,63686,1515,1515,1456,1456,945,945,221300,221300,1515,1515,161,161,188,188,1447,1447,145,145,27,27,1456,1456,129,129,4231,4231,931,931,17031828701,0.6490384615384616,0.1188666205943331,0.22004254313401087,0.0885989010989011,0.23036303630363036,42.03696369636964,0.01053145196199792,0.08084856562579334,1.0,True,0.7844760494055721,0.22723027488848746
Census Tract 8287.02; Cook County; Illinois,3893,90263,1777,1522,1136,191900,1777,132,0,1681,220,59,1522,121,3757,282,17,031,828702,3893,3893,90263,90263,1777,1777,1522,1522,1136,1136,191900,191900,1777,1777,132,132,0,0,1681,1681,220,220,59,59,1522,1522,121,121,3757,3757,282,282,17031828702,0.7463863337713534,0.16597263533610945,0.07505988820867714,0.0795006570302234,0.0742824985931345,50.79516038266742,0.013194933558258374,0.01883905680482912,1.0,True,0.8818016329797542,0.1562010502956105
Census Tract 8288.01; Cook County; Illinois,5318,111042,1858,1814,1653,223200,1858,59,77,1836,250,68,1814,22,5163,654,17,031,828801,5318,5318,111042,111042,1858,1858,1814,1814,1653,1653,223200,223200,1858,1858,59,59,77,77,1836,1836,250,250,68,68,1814,1814,22,22,5163,5163,654,654,17031828801,0.9112458654906285,0.17320261437908496,0.12667054038349795,0.012127894156560088,0.07319698600645856,59.76426264800861,0.002100582974829035,0.006496535141697808,1.0,True,0.9136753840519239,0.15517746291940998
Census Tract 8288.02; Cook County; Illinois,3129,70565,1114,1105,913,180700,1114,126,209,1097,0,3,1105,45,3108,284,17,031,828802,3129,3129,70565,70565,1114,1114,1105,1105,913,913,180700,180700,1114,1114,126,126,209,209,1097,1097,0,0,3,3,1105,1105,45,45,3108,3108,284,284,17031828802,0.8262443438914027,0.0027347310847766638,0.09137709137709138,0.04072398190045249,0.3007181328545781,63.343806104129264,0.00011136913919904966,0.05225147647789956,1.0,True,0.901111058714779,0.12896585660310955
Census Tract 8289; Cook County; Illinois,3918,46979,1358,1273,673,137900,1358,0,319,1357,143,0,1273,214,3906,1415,17,031,828900,3918,3918,46979,46979,1358,1358,1273,1273,673,673,137900,137900,1358,1358,0,0,319,319,1357,1357,143,143,0,0,1273,1273,214,214,3906,3906,1415,1415,17031828900,0.5286724273369993,0.105379513633014,0.36226318484383,0.1681068342498036,0.2349042709867452,34.59425625920471,0.017715016431630003,0.11071685985235437,1.0,True,0.6807183605453764,0.294975464392337
Census Tract 8290; Cook County; Illinois,811,-666666666,478,343,64,-666666666,478,0,40,200,0,0,343,81,811,466,17,031,829000,811,811,-666666666,-666666666,478,478,343,343,64,64,-666666666,-666666666,478,478,0,0,40,40,200,200,0,0,0,0,343,343,81,81,811,811,466,466,17031829000,0.18658892128279883,0.0,0.5745992601726264,0.23615160349854228,0.08368200836820083,-1394700.1380753138,0.0,0.06806787269600009,1.0,True,0.13846277141498456,0.2922708772592166
Census Tract 8291; Cook County; Illinois,3151,33958,1528,1220,550,93200,1528,72,570,1286,10,33,1220,154,3151,942,17,031,829100,3151,3151,33958,33958,1528,1528,1220,1220,550,550,93200,93200,1528,1528,72,72,570,570,1286,1286,10,10,33,33,1220,1220,154,154,3151,3151,942,942,17031829100,0.45081967213114754,0.03343701399688958,0.29895271342430974,0.12622950819672132,0.4201570680628272,22.223821989528794,0.004220737832394259,0.23074199639515922,1.0,True,0.6830850649897923,0.2751299109730675
Census Tract 8292; Cook County; Illinois,5709,54787,2182,1783,1188,157500,2182,18,452,2019,212,70,1783,175,5684,1857,17,031,829200,5709,5709,54787,54787,2182,2182,1783,1783,1188,1188,157500,157500,2182,2182,18,18,452,452,2019,2019,212,212,70,70,1783,1783,175,175,5684,5684,1857,1857,17031829200,0.6662927650028042,0.13967310549777118,0.32670654468684024,0.0981491867638811,0.2153987167736022,25.108615948670945,0.01370880171739201,0.07188011019646288,1.0,True,0.7425032027515289,0.2725470838193189
Census Tract 8293.01; Cook County; Illinois,3932,98777,1511,1425,1315,213700,1511,64,63,1307,213,51,1425,19,3885,317,17,031,829301,3932,3932,98777,98777,1511,1511,1425,1425,1315,1315,213700,213700,1511,1511,64,64,63,63,1307,1307,213,213,51,51,1425,1425,19,19,3885,3885,317,317,17031829301,0.9228070175438596,0.2019892884468248,0.08159588159588159,0.013333333333333334,0.08405029781601589,65.37193911317009,0.002693190512624331,0.006488093164745088,1.0,True,0.9376886800871199,0.15815310025953053
Census Tract 8293.02; Cook County; Illinois,3110,51363,1224,951,335,136800,1224,109,43,1035,143,141,951,97,2898,980,17,031,829302,3110,3110,51363,51363,1224,1224,951,951,335,335,136800,136800,1224,1224,109,109,43,43,1035,1035,143,143,141,141,951,951,97,97,2898,2898,980,980,17031829302,0.352260778128286,0.2743961352657005,0.33816425120772947,0.10199789695057834,0.12418300653594772,41.963235294117645,0.027987828728467876,0.08043820402328473,1.0,True,0.6326981608100787,0.3209595889934374
Census Tract 8294.01; Cook County; Illinois,983,57386,417,312,244,116700,417,13,29,347,0,14,312,27,971,115,17,031,829401,983,983,57386,57386,417,417,312,312,244,244,116700,116700,417,417,13,13,29,29,347,347,0,0,14,14,312,312,27,27,971,971,115,115,17031829401,0.782051282051282,0.040345821325648415,0.1184346035015448,0.08653846153846154,0.10071942446043165,137.61630695443645,0.0034914653070272665,0.02195166943368382,1.0,True,0.8742683364164817,0.11629221862422404
Census Tract 8294.02; Cook County; Illinois,3031,57560,1502,1362,960,32400,1502,18,22,1504,86,68,1362,128,3031,501,17,031,829402,3031,3031,57560,57560,1502,1502,1362,1362,960,960,32400,32400,1502,1502,18,18,22,22,1504,1504,86,86,68,68,1362,1362,128,128,3031,3031,501,501,17031829402,0.7048458149779736,0.1023936170212766,0.1652919828439459,0.09397944199706314,0.02663115845539281,38.32223701731025,0.009622894991720561,0.007860297870093912,1.0,True,0.8275699970577349,0.1454322674177639
Census Tract 8295; Cook County; Illinois,3907,58691,1692,1564,948,149300,1692,292,75,1775,108,15,1564,204,3863,1180,17,031,829500,3907,3907,58691,58691,1692,1692,1564,1564,948,948,149300,149300,1692,1692,292,292,75,75,1775,1775,108,108,15,15,1564,1564,204,204,3863,3863,1180,1180,17031829500,0.6061381074168798,0.06929577464788732,0.3054620761066529,0.13043478260869565,0.21690307328605202,34.68735224586288,0.009038579301898346,0.08542985495153967,1.0,True,0.7319580498959586,0.24034183137223653
Census Tract 8296; Cook County; Illinois,2884,68472,1124,1087,781,137200,1124,28,62,992,104,0,1087,78,2873,432,17,031,829600,2884,2884,68472,68472,1124,1124,1087,1087,781,781,137200,137200,1124,1124,28,28,62,62,992,992,104,104,0,0,1087,1087,78,78,2873,2873,432,432,17031829600,0.718491260349586,0.10483870967741936,0.15036547163243996,0.07175712971481141,0.0800711743772242,60.91814946619217,0.007522924889456035,0.02254073538126091,1.0,True,0.8388018242804304,0.14939257811431003
Census Tract 8297; Cook County; Illinois,2778,60680,1349,1067,793,200100,1349,55,33,942,132,0,1067,163,2778,440,17,031,829700,2778,2778,60680,60680,1349,1349,1067,1067,793,793,200100,200100,1349,1349,55,55,33,33,942,942,132,132,0,0,1067,1067,163,163,2778,2778,440,440,17031829700,0.7432052483598875,0.14012738853503184,0.1583873290136789,0.1527647610121837,0.06523350630096368,44.98146775389177,0.02140652702081555,0.01675162204916968,1.0,True,0.8434470701651428,0.19208023356102802
Census Tract 8298; Cook County; Illinois,6072,135365,2529,2339,2137,279200,2529,172,152,2334,316,68,2339,30,6050,191,17,031,829800,6072,6072,135365,135365,2529,2529,2339,2339,2137,2137,279200,279200,2529,2529,172,172,152,152,2334,2334,316,316,68,68,2339,2339,30,30,6050,6050,191,191,17031829800,0.9136383069687901,0.16452442159383032,0.0315702479338843,0.012825994014536126,0.12811387900355872,53.52510873863187,0.002110189246607486,0.011064131491542903,1.0,True,0.9570314292463203,0.13436422879038365
Census Tract 8299.02; Cook County; Illinois,7535,101875,2730,2730,2341,267500,2730,298,36,2548,354,110,2730,30,7535,542,17,031,829902,7535,7535,101875,101875,2730,2730,2730,2730,2341,2341,267500,267500,2730,2730,298,298,36,36,2548,2548,354,354,110,110,2730,2730,30,30,7535,7535,542,542,17031829902,0.8575091575091575,0.18210361067503925,0.07193098871930989,0.01098901098901099,0.12234432234432234,37.31684981684982,0.002001138578846585,0.0174329455648137,1.0,True,0.9202481995438797,0.15467632415871005
Census Tract 8299.03; Cook County; Illinois,3571,72750,1388,1217,848,175400,1388,31,7,1599,128,0,1217,165,3571,403,17,031,829903,3571,3571,72750,72750,1388,1388,1217,1217,848,848,175400,175400,1388,1388,31,31,7,7,1599,1599,128,128,0,0,1217,1217,165,165,3571,3571,403,403,17031829903,0.6967953985209532,0.08005003126954346,0.112853542425091,0.13557929334428923,0.027377521613832854,52.413544668587896,0.010853126671712959,0.008300990530406182,1.0,True,0.8483542685564922,0.13006069000439285
Census Tract 8299.04; Cook County; Illinois,4539,80673,2382,2276,2107,256700,2382,192,0,1598,282,0,2276,0,4539,143,17,031,829904,4539,4539,80673,80673,2382,2382,2276,2276,2107,2107,256700,256700,2382,2382,192,192,0,0,1598,1598,282,282,0,0,2276,2276,0,0,4539,4539,143,143,17031829904,0.9257469244288224,0.17647058823529413,0.03150473672615114,0.0,0.08060453400503778,33.867758186397985,0.0,0.005985134554855621,1.0,True,0.9610696080237258,0.1230655310878909
Census Tract 8300.01; Cook County; Illinois,2349,46071,1298,1236,1013,56100,1298,452,13,785,202,0,1236,53,2349,498,17,031,830001,2349,2349,46071,46071,1298,1298,1236,1236,1013,1013,56100,56100,1298,1298,452,452,13,13,785,785,202,202,0,0,1236,1236,53,53,2349,2349,498,498,17031830001,0.81957928802589,0.2573248407643312,0.2120051085568327,0.04288025889967637,0.35824345146379044,35.493836671802775,0.011034155793292519,0.0646345385731596,1.0,True,0.844910011946617,0.3160596571322709
Census Tract 8300.03; Cook County; Illinois,7804,112361,2723,2673,2476,277800,2723,450,76,3002,507,95,2673,63,7804,608,17,031,830003,7804,7804,112361,112361,2723,2723,2673,2673,2476,2476,277800,277800,2723,2723,450,450,76,76,3002,3002,507,507,95,95,2673,2673,63,63,7804,7804,608,608,17031830003,0.9263000374111485,0.2005329780146569,0.07790876473603281,0.02356902356902357,0.19316929856775616,41.26367976496511,0.004726366485193934,0.01423657007775831,1.0,True,0.9405093688550559,0.18987318836778871
Census Tract 8300.04; Cook County; Illinois,6514,111906,2726,2580,1846,294800,2726,212,26,2044,242,15,2580,241,6381,650,17,031,830004,6514,6514,111906,111906,2726,2726,2580,2580,1846,1846,294800,294800,2726,2726,212,212,26,26,2044,2044,242,242,15,15,2580,2580,241,241,6381,6381,650,650,17031830004,0.7155038759689922,0.12573385518591,0.10186491145588465,0.0934108527131783,0.08730741012472487,41.05135730007337,0.011744906627831127,0.02483861977966979,1.0,True,0.8595261428065927,0.15277907678765026
Census Tract 8300.05; Cook County; Illinois,3542,105731,1814,1611,1393,325300,1814,187,0,1300,179,136,1611,172,3524,527,17,031,830005,3542,3542,105731,105731,1814,1814,1611,1611,1393,1393,325300,325300,1814,1814,187,187,0,0,1300,1300,179,179,136,136,1611,1611,172,172,3524,3524,527,527,17031830005,0.8646803227808815,0.2423076923076923,0.14954597048808171,0.10676598386095593,0.10308710033076075,58.28610804851158,0.02587021916630855,0.013949713142213433,1.0,True,0.8879167664783519,0.23695931495378278
Census Tract 8300.06; Cook County; Illinois,2399,67417,1239,1185,733,170800,1239,95,63,817,43,25,1185,262,2399,407,17,031,830006,2399,2399,67417,67417,1239,1239,1185,1185,733,733,170800,170800,1239,1239,95,95,63,63,817,817,43,43,25,25,1185,1185,262,262,2399,2399,407,407,17031830006,0.6185654008438819,0.0832313341493268,0.16965402250937892,0.2210970464135021,0.1275221953188055,54.41242937853107,0.01840220214947141,0.04864137745493677,1.0,True,0.7968632762275284,0.20622088738834315
Census Tract 8300.07; Cook County; Illinois,4872,56042,2218,2110,969,189900,2218,343,30,2011,77,115,2110,134,4726,453,17,031,830007,4872,4872,56042,56042,2218,2218,2110,2110,969,969,189900,189900,2218,2218,343,343,30,30,2011,2011,77,77,115,115,2110,2110,134,134,4726,4726,453,453,17031830007,0.45924170616113746,0.09547488811536549,0.09585272958104105,0.06350710900473934,0.16816952209197475,25.266907123534715,0.006063334126757808,0.09093906384215317,1.0,True,0.7767672556835946,0.1482064585043543
Census Tract 8300.08; Cook County; Illinois,4370,116362,1632,1543,1477,246500,1632,225,44,1932,357,61,1543,61,4370,224,17,031,830008,4370,4370,116362,116362,1632,1632,1543,1543,1477,1477,246500,246500,1632,1632,225,225,44,44,1932,1932,357,357,61,61,1543,1543,61,61,4370,4370,224,224,17031830008,0.9572261827608555,0.2163561076604555,0.05125858123569794,0.03953337653920933,0.16482843137254902,71.30024509803921,0.008553287470698499,0.007050341199344288,1.0,True,0.9627429658169443,0.1862573014531395
Census Tract 8301; Cook County; Illinois,2812,103527,997,969,909,158900,997,1,10,1059,72,23,969,6,2812,268,17,031,830100,2812,2812,103527,103527,997,997,969,969,909,909,158900,158900,997,997,1,1,10,10,1059,1059,72,72,23,23,969,969,6,6,2812,2812,268,268,17031830100,0.9380804953560371,0.08970727101038715,0.0953058321479374,0.006191950464396285,0.011033099297893681,103.83851554663993,0.0005554629783924901,0.0006831640432132316,1.0,True,0.9366485925128799,0.08281985985759643
Census Tract 8302.01; Cook County; Illinois,5266,53671,2559,2465,705,174900,2559,566,188,1677,142,10,2465,377,5266,564,17,031,830201,5266,5266,53671,53671,2559,2559,2465,2465,705,705,174900,174900,2559,2559,566,566,188,188,1677,1677,142,142,10,10,2465,2465,377,377,5266,5266,564,564,17031830201,0.28600405679513186,0.09063804412641623,0.10710216483099126,0.15294117647058825,0.2946463462289957,20.973427119968736,0.013862289101687188,0.21037629588763995,1.0,True,0.7139873632433961,0.2135903399062074
Census Tract 8302.02; Cook County; Illinois,3462,91886,1111,1024,918,129900,1111,0,10,1135,42,29,1024,19,3377,908,17,031,830202,3462,3462,91886,91886,1111,1111,1024,1024,918,918,129900,129900,1111,1111,0,0,10,10,1135,1135,42,42,29,29,1024,1024,19,19,3377,3377,908,908,17031830202,0.896484375,0.06255506607929516,0.2688777021024578,0.0185546875,0.009000900090009001,82.7056705670567,0.0011606897026431718,0.0009317337983798381,1.0,True,0.845124016461548,0.13062705962096371
Census Tract 8303; Cook County; Illinois,5238,42500,2350,2176,960,-666666666,2350,90,116,2012,118,223,2176,180,5230,1000,17,031,830300,5238,5238,42500,42500,2350,2350,2176,2176,960,960,-666666666,-666666666,2350,2350,90,90,116,116,2012,2012,118,118,223,223,2176,2176,180,180,5230,5230,1000,1000,17031830300,0.4411764705882353,0.1694831013916501,0.19120458891013384,0.08272058823529412,0.0876595744680851,18.085106382978722,0.014019741843059291,0.04898623279098874,1.0,True,0.7280797871186496,0.20172829445980484
Census Tract 8304; Cook County; Illinois,4003,65878,1788,1618,1333,117300,1788,34,8,1538,227,76,1618,67,3996,452,17,031,830400,4003,4003,65878,65878,1788,1788,1618,1618,1333,1333,117300,117300,1788,1788,34,34,8,8,1538,1538,227,227,76,76,1618,1618,67,67,3996,3996,452,452,17031830400,0.8238566131025958,0.19700910273081926,0.11311311311311312,0.04140914709517923,0.02348993288590604,36.844519015659955,0.008157978914069771,0.004137596336516205,1.0,True,0.8905884441059658,0.15837023616826354
Census Tract 8305; Cook County; Illinois,4071,78347,1180,1125,816,200200,1180,92,768,1451,263,42,1125,85,4071,351,17,031,830500,4071,4071,78347,78347,1180,1180,1125,1125,816,816,200200,200200,1180,1180,92,92,768,768,1451,1451,263,263,42,42,1125,1125,85,85,4071,4071,351,351,17031830500,0.7253333333333334,0.2101998621640248,0.08621960206337509,0.07555555555555556,0.7288135593220338,66.3957627118644,0.015881767363504096,0.20018079096045194,1.0,True,0.8697853261098097,0.363583963154093
Census Tract 8306; Cook County; Illinois,4665,65599,2320,2163,520,266200,2320,137,1501,2324,363,171,2163,637,4659,755,17,031,830600,4665,4665,65599,65599,2320,2320,2163,2163,520,520,266200,266200,2320,2320,137,137,1501,1501,2324,2324,363,363,171,171,2163,2163,637,637,4659,4659,755,755,17031830600,0.24040684234858992,0.229776247848537,0.1620519424769264,0.29449838187702265,0.7060344827586207,28.275431034482757,0.06766873318516786,0.5362989621694008,1.0,True,0.674210568387954,0.46327901228491364
Census Tract 8307; Cook County; Illinois,4285,72050,2598,2279,762,351200,2598,7,1083,1846,265,89,2279,1065,4248,958,17,031,830700,4285,4285,72050,72050,2598,2598,2279,2279,762,762,351200,351200,2598,2598,7,7,1083,1083,1846,1846,265,265,89,89,2279,2279,1065,1065,4248,4248,958,958,17031830700,0.3343571741992102,0.19176598049837487,0.22551789077212805,0.4673102237823607,0.4195535026943803,27.7328714395689,0.08961420326053939,0.2792727791081066,1.0,True,0.6771368810943147,0.44110131616010456
Census Tract 8308; Cook County; Illinois,2603,76768,1758,1730,258,388100,1758,76,785,1281,98,0,1730,621,2603,146,17,031,830800,2603,2603,76768,76768,1758,1758,1730,1730,258,258,388100,388100,1758,1758,76,76,785,785,1281,1281,98,98,0,0,1730,1730,621,621,2603,2603,146,146,17031830800,0.14913294797687862,0.07650273224043716,0.05608912792931233,0.35895953757225435,0.48976109215017066,43.66780432309442,0.027461385388041316,0.41672157667344,1.0,True,0.6911976523687672,0.31005817501650335
Census Tract 8309; Cook County; Illinois,3359,150288,1460,1372,904,577200,1460,46,616,1444,109,46,1372,90,3353,286,17,031,830900,3359,3359,150288,150288,1460,1460,1372,1372,904,904,577200,577200,1460,1460,46,46,616,616,1444,1444,109,109,46,46,1372,1372,90,90,3353,3353,286,286,17031830900,0.6588921282798834,0.10734072022160665,0.08529674917983895,0.06559766763848396,0.4534246575342466,102.93698630136986,0.007041300889172447,0.1546667199169296,1.0,True,0.8480870849571183,0.23086179912966698
Census Tract 8310; Cook County; Illinois,2431,209904,1269,1172,711,961200,1269,34,482,954,95,11,1172,139,2431,113,17,031,831000,2431,2431,209904,209904,1269,1269,1172,1172,711,711,961200,961200,1269,1269,34,34,482,482,954,954,95,95,11,11,1172,1172,139,139,2431,2431,113,113,17031831000,0.606655290102389,0.1111111111111111,0.04648292883587001,0.11860068259385666,0.4066193853427896,165.40898345153664,0.013177853621539629,0.15994158416640444,1.0,True,0.8480693084769895,0.2238158157698677
Census Tract 8311; Cook County; Illinois,6760,104399,3078,2784,1262,471400,3078,216,2048,2646,154,43,2784,601,6742,549,17,031,831100,6760,6760,104399,104399,3078,3078,2784,2784,1262,1262,471400,471400,3078,3078,216,216,2048,2048,2646,2646,154,154,43,43,2784,2784,601,601,6742,6742,549,549,17031831100,0.45330459770114945,0.07445200302343159,0.08142984277662414,0.2158764367816092,0.7355425601039636,33.91780376868096,0.016072433123952005,0.4021177358039629,1.0,True,0.7812649666324444,0.3398429296418625
Census Tract 8312; Cook County; Illinois,4597,63628,1694,1541,735,326400,1694,47,1220,1859,231,45,1541,220,4597,539,17,031,831200,4597,4597,63628,63628,1694,1694,1541,1541,735,735,326400,326400,1694,1694,47,47,1220,1220,1859,1859,231,231,45,45,1541,1541,220,220,4597,4597,539,539,17031831200,0.47696301103179756,0.14846691769768694,0.11725038068305417,0.1427644386761843,0.7479338842975206,37.560802833530104,0.02119579616709353,0.39119708679026716,1.0,True,0.7731051689768959,0.36949983055075347
Census Tract 8313; Cook County; Illinois,1310,50134,411,369,114,343200,411,10,202,350,58,5,369,73,1310,402,17,031,831300,1310,1310,50134,50134,411,411,369,369,114,114,343200,343200,411,411,10,10,202,202,350,350,58,58,5,5,369,369,73,73,1310,1310,402,402,17031831300,0.3089430894308943,0.18,0.3068702290076336,0.1978319783197832,0.5158150851581509,121.98053527980535,0.03560975609756097,0.3564575791743319,1.0,True,0.6322587810604603,0.40230675629277257
Census Tract 8314; Cook County; Illinois,2767,-666666666,1176,1138,315,214100,1176,3,604,797,126,0,1138,225,2544,753,17,031,831400,2767,2767,-666666666,-666666666,1176,1176,1138,1138,315,315,214100,214100,1176,1176,3,3,604,604,797,797,126,126,0,0,1138,1138,225,225,2544,2544,753,753,17031831400,0.27680140597539543,0.15809284818067754,0.2959905660377358,0.1977152899824253,0.516156462585034,-566893.4234693878,0.031257373322190196,0.37328362803821,1.0,True,0.2931788431141981,0.38753619953291807
Census Tract 8315; Cook County; Illinois,3778,87727,1565,1372,905,261000,1565,57,327,1602,293,31,1372,143,3778,399,17,031,831500,3778,3778,87727,87727,1565,1565,1372,1372,905,905,261000,261000,1565,1565,57,57,327,327,1602,1602,293,293,31,31,1372,1372,143,143,3778,3778,399,399,17031831500,0.6596209912536443,0.20224719101123595,0.10561143462149285,0.10422740524781342,0.2453674121405751,56.0555910543131,0.021079699937760016,0.08351791652306748,1.0,True,0.8392102927745374,0.2405969106080966
Census Tract 8316; Cook County; Illinois,7240,61781,2869,2721,1230,308700,2869,265,748,2490,305,73,2721,423,7205,1060,17,031,831600,7240,7240,61781,61781,2869,2869,2721,2721,1230,1230,308700,308700,2869,2869,265,265,748,748,2490,2490,305,305,73,73,2721,2721,423,423,7205,7205,1060,1060,17031831600,0.4520396912899669,0.15180722891566265,0.14712005551700208,0.15545755237045203,0.35308469850121993,21.533983966538862,0.023599580239369825,0.19347640039151742,1.0,True,0.7514332395885529,0.2753194609189842
Census Tract 8317; Cook County; Illinois,2270,58875,1178,1041,582,432300,1178,28,489,789,77,7,1041,287,2270,315,17,031,831700,2270,2270,58875,58875,1178,1178,1041,1041,582,582,432300,432300,1178,1178,28,28,489,489,789,789,77,77,7,7,1041,1041,287,287,2270,2270,315,315,17031831700,0.5590778097982709,0.10646387832699619,0.13876651982378854,0.2756964457252642,0.4388794567062818,49.978777589134125,0.029351712852879838,0.1935116912854787,1.0,True,0.7908484033225357,0.3120593834349076
Census Tract 8318; Cook County; Illinois,6600,87470,2800,2348,930,339300,2800,144,1584,2502,531,85,2348,589,6411,1266,17,031,831800,6600,6600,87470,87470,2800,2800,2348,2348,930,930,339300,339300,2800,2800,144,144,1584,1584,2502,2502,531,531,85,85,2348,2348,589,589,6411,6411,1266,1266,17031831800,0.39608177172061326,0.24620303756994405,0.19747309312119793,0.2508517887563884,0.6171428571428571,31.239285714285714,0.06176047237167676,0.3727038208809929,1.0,True,0.7102662650552131,0.444705413440344
Census Tract 8319; Cook County; Illinois,2991,132877,1727,1513,574,513400,1727,48,1004,1419,159,0,1513,297,2991,307,17,031,831900,2991,2991,132877,132877,1727,1727,1513,1513,574,574,513400,513400,1727,1727,48,48,1004,1004,1419,1419,159,159,0,0,1513,1513,297,297,2991,2991,307,307,17031831900,0.37937871777924653,0.11205073995771671,0.10264125710464728,0.19629874421678783,0.609148812970469,76.94093804284887,0.02199541954226164,0.37805071736898244,1.0,True,0.74714757987994,0.3246182282699253
Census Tract 8320; Cook County; Illinois,1874,155000,1233,1138,418,568200,1233,124,460,905,101,14,1138,387,1874,69,17,031,832000,1874,1874,155000,155000,1233,1233,1138,1138,418,418,568200,568200,1233,1233,124,124,460,460,905,905,101,101,14,14,1138,1138,387,387,1874,1874,69,69,17031832000,0.36731107205623903,0.1270718232044199,0.0368196371398079,0.3400702987697715,0.47364152473641524,125.70965125709651,0.04321335288234666,0.2996677485151309,1.0,True,0.7725836687910529,0.31881149259301855
Census Tract 8321; Cook County; Illinois,3957,96083,2163,1993,459,391200,2163,217,1060,1533,178,21,1993,542,3957,513,17,031,832100,3957,3957,96083,96083,2163,2163,1993,1993,459,459,391200,391200,2163,2163,217,217,1060,1060,1533,1533,178,178,21,21,1993,1993,542,542,3957,3957,513,513,17031832100,0.2303060712493728,0.12981082844096542,0.12964366944655042,0.2719518314099348,0.5903837263060564,44.4211742949607,0.0353022925313614,0.4544147697709436,1.0,True,0.6853578437395743,0.3619101872643312
Census Tract 8322; Cook County; Illinois,3206,151894,1769,1684,716,832200,1769,101,885,1482,111,8,1684,285,3205,285,17,031,832200,3206,3206,151894,151894,1769,1769,1684,1684,716,716,832200,832200,1769,1769,101,101,885,885,1482,1482,111,111,8,8,1684,1684,285,285,3205,3205,285,285,17031832200,0.4251781472684085,0.08029689608636977,0.08892355694227769,0.16923990498812352,0.5573770491803278,85.86433013001695,0.013589439064498447,0.32039250807990344,1.0,True,0.7685606493230748,0.2806645509206799
Census Tract 8323; Cook County; Illinois,2316,110855,1345,1272,434,731400,1345,42,420,1244,112,13,1272,239,2316,174,17,031,832300,2316,2316,110855,110855,1345,1345,1272,1272,434,434,731400,731400,1345,1345,42,42,420,420,1244,1244,112,112,13,13,1272,1272,239,239,2316,2316,174,174,17031832300,0.3411949685534591,0.10048231511254019,0.07512953367875648,0.1878930817610063,0.34349442379182155,82.42007434944237,0.018879931848975712,0.22629585466788243,1.0,True,0.7467169784023868,0.23276540752668806
Census Tract 8324; Cook County; Illinois,3487,137883,1978,1765,940,548200,1978,26,853,1466,148,22,1765,308,3460,129,17,031,832400,3487,3487,137883,137883,1978,1978,1765,1765,940,940,548200,548200,1978,1978,26,26,853,853,1466,1466,148,148,22,22,1765,1765,308,308,3460,3460,129,129,17031832400,0.5325779036827195,0.11596180081855388,0.037283236994219655,0.1745042492917847,0.4443882709807887,69.70829120323559,0.020235826998365212,0.20771689720065195,1.0,True,0.8274566499322268,0.2517545314128484
Census Tract 8325; Cook County; Illinois,3439,153839,1669,1555,758,865900,1669,397,603,1275,68,28,1555,421,3371,330,17,031,832500,3439,3439,153839,153839,1669,1669,1555,1555,758,758,865900,865900,1669,1669,397,397,603,603,1275,1275,68,68,28,28,1555,1555,421,421,3371,3371,330,330,17031832500,0.487459807073955,0.07529411764705882,0.09789380005932957,0.2707395498392283,0.5991611743559018,92.17435590173757,0.020385095517306603,0.3070941838981696,1.0,True,0.7853090259602102,0.3254956701606121
Census Tract 8326; Cook County; Illinois,4150,220875,1873,1685,1070,744800,1873,450,632,1523,67,0,1685,404,4150,72,17,031,832600,4150,4150,220875,220875,1873,1873,1685,1685,1070,1070,744800,744800,1873,1873,450,450,632,632,1523,1523,67,67,0,0,1685,1685,404,404,4150,4150,72,72,17031832600,0.6350148367952523,0.043992120814182537,0.017349397590361446,0.2397626112759644,0.5776828617191672,117.92578750667379,0.01054766576197611,0.21084567356515593,1.0,True,0.8705618678227173,0.26652545229296765
Census Tract 8329; Cook County; Illinois,2162,83149,947,903,300,540200,947,240,331,994,14,0,903,306,2162,561,17,031,832900,2162,2162,83149,83149,947,947,903,903,300,300,540200,540200,947,947,240,240,331,331,994,994,14,14,0,0,903,903,306,306,2162,2162,561,561,17031832900,0.33222591362126247,0.014084507042253521,0.25948196114708605,0.3388704318936877,0.6029567053854277,87.80253431890179,0.004772822984418137,0.4026388630646876,1.0,True,0.6612370057597836,0.37151360114839505
Census Tract 8330; Cook County; Illinois,6109,192016,3721,3527,1122,835200,3721,60,1196,3160,243,26,3527,625,6109,344,17,031,833000,6109,6109,192016,192016,3721,3721,3527,3527,1122,1122,835200,835200,3721,3721,60,60,1196,1196,3160,3160,243,243,26,26,3527,3527,625,625,6109,6109,344,344,17031833000,0.31811738020981006,0.08512658227848101,0.056310361761335734,0.17720442302239864,0.33754367105616767,51.6033324375168,0.015084806896526972,0.23016516271337772,1.0,True,0.7474844222326328,0.21351117913426843
Census Tract 8331; Cook County; Illinois,9022,164825,6033,5528,3168,532500,6033,144,1009,5024,354,36,5528,1241,8981,676,17,031,833100,9022,9022,164825,164825,6033,6033,5528,5528,3168,3168,532500,532500,6033,6033,144,144,1009,1009,5024,5024,354,354,36,36,5528,5528,1241,1241,8981,8981,676,676,17031833100,0.573082489146165,0.07762738853503184,0.07527001447500278,0.22449348769898697,0.19111553124482017,27.32057019724847,0.017426843193193653,0.08159056688454695,1.0,True,0.8239769445373627,0.19050390213059853
Census Tract 8333; Cook County; Illinois,2861,91500,1647,1412,494,544400,1647,93,210,1127,69,0,1412,579,2845,663,17,031,833300,2861,2861,91500,91500,1647,1647,1412,1412,494,494,544400,544400,1647,1647,93,93,210,210,1127,1127,69,69,0,0,1412,1412,579,579,2845,2845,663,663,17031833300,0.34985835694050993,0.061224489795918366,0.23304042179261863,0.41005665722379603,0.18397085610200364,55.55555555555556,0.025105509625946695,0.11960711466121766,1.0,True,0.6789481987152474,0.2929257226140678
Census Tract 8339; Cook County; Illinois,2716,35583,1053,795,305,194600,1053,0,788,653,108,30,795,364,2691,1530,17,031,833900,2716,2716,35583,35583,1053,1053,795,795,305,305,194600,194600,1053,1053,0,0,788,788,653,653,108,108,30,30,795,795,364,364,2691,2691,1530,1530,17031833900,0.3836477987421384,0.2113323124042879,0.568561872909699,0.4578616352201258,0.748338081671415,33.79202279202279,0.09676095813227774,0.46123982392326207,1.0,True,0.5400762626016752,0.6547374906486114
Census Tract 8340; Cook County; Illinois,3029,29728,1403,1190,150,127900,1403,21,271,776,88,57,1190,395,3029,895,17,031,834000,3029,3029,29728,29728,1403,1403,1190,1190,150,150,127900,127900,1403,1403,21,21,271,271,776,776,88,88,57,57,1190,1190,395,395,3029,3029,895,895,17031834000,0.12605042016806722,0.18685567010309279,0.2954770551337075,0.3319327731092437,0.20812544547398432,21.18888096935139,0.06202352074850559,0.18189114562432243,1.0,True,0.5763814895091436,0.359509840765219
Census Tract 8342; Cook County; Illinois,4687,60966,2519,2125,688,201800,2519,107,1218,1773,318,0,2125,369,4687,755,17,031,834200,4687,4687,60966,60966,2519,2519,2125,2125,688,688,201800,201800,2519,2519,107,107,1218,1218,1773,1773,318,318,0,0,2125,2125,369,369,4687,4687,755,755,17031834200,0.32376470588235295,0.1793570219966159,0.16108384894388736,0.1736470588235294,0.5260023818975784,24.20246129416435,0.03114481934905942,0.35570137542909186,1.0,True,0.7024273174205063,0.34810029445812785
Census Tract 8343; Cook County; Illinois,6103,68527,3049,2526,1779,237300,3049,47,1232,2742,423,0,2526,554,6103,457,17,031,834300,6103,6103,68527,68527,3049,3049,2526,2526,1779,1779,237300,237300,3049,3049,47,47,1232,1232,2742,2742,423,423,0,0,2526,2526,554,554,6103,6103,457,457,17031834300,0.7042755344418052,0.15426695842450766,0.07488120596427986,0.21931908155186064,0.41948179731059365,22.47523778287963,0.033833687635462094,0.12405103032106629,1.0,True,0.8678337756310682,0.29142810472937675
Census Tract 8344; Cook County; Illinois,3733,37279,2214,1952,625,332900,2214,328,655,1306,228,54,1952,651,3733,689,17,031,834400,3733,3733,37279,37279,2214,2214,1952,1952,625,625,332900,332900,2214,2214,328,328,655,655,1306,1306,228,228,54,54,1952,1952,651,651,3733,3733,689,689,17031834400,0.3201844262295082,0.21592649310872894,0.18457005089740156,0.33350409836065575,0.44399277326106595,16.83785004516712,0.072012370396405,0.3018332019044234,1.0,True,0.6907146863813932,0.4033455559812891
Census Tract 8345; Cook County; Illinois,1616,-666666666,660,549,107,218300,660,15,245,619,81,45,549,75,1616,678,17,031,834500,1616,1616,-666666666,-666666666,660,660,549,549,107,107,218300,218300,660,660,15,15,245,245,619,619,81,81,45,45,549,549,75,75,1616,1616,678,678,17031834500,0.19489981785063754,0.2035541195476575,0.41955445544554454,0.1366120218579235,0.3939393939393939,-1010101.009090909,0.02780793982891496,0.3171606778164155,1.0,True,0.21059773060113915,0.39843807875755766
Census Tract 8346; Cook County; Illinois,2299,26587,1095,901,289,263600,1095,62,485,606,56,21,901,454,2299,775,17,031,834600,2299,2299,26587,26587,1095,1095,901,901,289,289,263600,263600,1095,1095,62,62,485,485,606,606,56,56,21,21,901,901,454,454,2299,2299,775,775,17031834600,0.32075471698113206,0.12706270627062707,0.33710308829926056,0.5038845726970034,0.4995433789954338,24.28036529680365,0.06402493745489977,0.339312483845955,1.0,True,0.6226585050311245,0.47960883846417957
Census Tract 8347; Cook County; Illinois,1580,40952,894,660,236,204500,894,12,393,496,66,111,660,274,1580,571,17,031,834700,1580,1580,40952,40952,894,894,660,660,236,236,204500,204500,894,894,12,12,393,393,496,496,66,66,111,111,660,660,274,274,1580,1580,571,571,17031834700,0.3575757575757576,0.35685483870967744,0.3613924050632911,0.41515151515151516,0.45302013422818793,45.8076062639821,0.14814882697947215,0.2910311165344722,1.0,True,0.6240726983984707,0.5634266803862923
Census Tract 8348; Cook County; Illinois,1780,24207,1063,766,201,-666666666,1063,95,543,318,69,6,766,384,1610,575,17,031,834800,1780,1780,24207,24207,1063,1063,766,766,201,201,-666666666,-666666666,1063,1063,95,95,543,543,318,318,69,69,6,6,766,766,384,384,1610,1610,575,575,17031834800,0.26240208877284593,0.2358490566037736,0.35714285714285715,0.5013054830287206,0.6001881467544685,22.772342427093132,0.11823242524262279,0.44269752338939256,1.0,True,0.59424095513129,0.5690447677254418
Census Tract 8349; Cook County; Illinois,1010,16250,819,582,168,118900,819,102,446,172,22,18,582,312,1010,351,17,031,834900,1010,1010,16250,16250,819,819,582,582,168,168,118900,118900,819,819,102,102,446,446,172,172,22,22,18,18,582,582,312,312,1010,1010,351,351,17031834900,0.28865979381443296,0.23255813953488372,0.3475247524752475,0.5360824742268041,0.6691086691086691,19.841269841269842,0.12467034284344282,0.475963898644311,1.0,True,0.6072925385273135,0.5945543424633506
Census Tract 8350; Cook County; Illinois,5468,56279,2034,1950,834,159800,2034,88,659,2101,252,99,1950,662,5468,667,17,031,835000,5468,5468,56279,56279,2034,2034,1950,1950,834,834,159800,159800,2034,2034,88,88,659,659,2101,2101,252,252,99,99,1950,1950,662,662,5468,5468,667,667,17031835000,0.4276923076923077,0.16706330318895765,0.1219824433065106,0.3394871794871795,0.3672566371681416,27.66912487708948,0.05671584959543075,0.21018379850238258,1.0,True,0.7545608760577177,0.337965680809045
Census Tract 8351; Cook County; Illinois,4617,59174,1514,1437,882,174400,1514,62,879,1274,297,54,1437,395,4574,1053,17,031,835100,4617,4617,59174,59174,1514,1514,1437,1437,882,882,174400,174400,1514,1514,62,62,879,879,1274,1274,297,297,54,54,1437,1437,395,395,4574,4574,1053,1053,17031835100,0.6137787056367432,0.2755102040816326,0.23021425448185395,0.27487821851078637,0.6215323645970938,39.084544253632764,0.07573175407950236,0.24004903434334524,1.0,True,0.7681698751148586,0.4796157430553737
Census Tract 8352; Cook County; Illinois,2057,72931,697,674,365,267800,697,58,158,1023,181,3,674,111,2057,188,17,031,835200,2057,2057,72931,72931,697,697,674,674,365,365,267800,267800,697,697,58,58,158,158,1023,1023,181,181,3,3,674,674,111,111,2057,2057,188,188,17031835200,0.5415430267062314,0.1798631476050831,0.09139523578026251,0.16468842729970326,0.3098995695839311,104.63558106169297,0.029621378908255523,0.14207561869649069,1.0,True,0.8062036846827617,0.2618823760606454
Census Tract 8355; Cook County; Illinois,1545,22639,881,673,156,181700,881,0,129,439,100,33,673,339,1545,809,17,031,835500,1545,1545,22639,22639,881,881,673,673,156,156,181700,181700,881,881,0,0,129,129,439,439,100,100,33,33,673,673,339,339,1545,1545,809,809,17031835500,0.23179791976225855,0.30296127562642367,0.5236245954692557,0.5037147102526003,0.14642451759364358,25.69693530079455,0.15260605116992218,0.11248361901324476,1.0,True,0.5095574132852665,0.5335113387798712
Census Tract 8356; Cook County; Illinois,725,14184,488,351,126,-666666666,488,0,122,147,29,0,351,216,725,481,17,031,835600,725,725,14184,14184,488,488,351,351,126,126,-666666666,-666666666,488,488,0,0,122,122,147,147,29,29,0,0,351,351,216,216,725,725,481,481,17031835600,0.358974358974359,0.19727891156462585,0.663448275862069,0.6153846153846154,0.25,29.065573770491802,0.12140240711669284,0.16025641025641024,1.0,True,0.4893903702998201,0.5913742482897063
Census Tract 8358; Cook County; Illinois,2031,65536,984,938,432,268500,984,23,435,854,78,43,938,285,2031,436,17,031,835800,2031,2031,65536,65536,984,984,938,938,432,432,268500,268500,984,984,23,23,435,435,854,854,78,78,43,43,938,938,285,285,2031,2031,436,436,17031835800,0.4605543710021322,0.14168618266978922,0.21467257508616444,0.30383795309168443,0.4654471544715447,66.60162601626017,0.04304963972376325,0.25108343300917013,1.0,True,0.7240513849697637,0.37197691135993166
Census Tract 8360; Cook County; Illinois,2695,88000,1231,1132,524,313700,1231,0,526,711,0,0,1132,281,2695,568,17,031,836000,2695,2695,88000,88000,1231,1231,1132,1132,524,524,313700,313700,1231,1231,0,0,526,526,711,711,0,0,0,0,1132,1132,281,281,2695,2695,568,568,17031836000,0.4628975265017668,0.0,0.21076066790352505,0.24823321554770317,0.4272948822095857,71.48659626320065,0.0,0.2295011381479047,1.0,True,0.7265937916828739,0.2698120034274773
Census Tract 8361; Cook County; Illinois,2110,24141,929,833,104,331500,929,41,415,638,0,30,833,366,2034,760,17,031,836100,2110,2110,24141,24141,929,929,833,833,104,104,331500,331500,929,929,41,41,415,415,638,638,0,0,30,30,833,833,366,366,2034,2034,760,760,17031836100,0.12484993997599039,0.047021943573667714,0.37364798426745327,0.43937575030012005,0.4908503767491927,25.98600645855759,0.02066030173825016,0.4295677366748637,1.0,True,0.5410060659275303,0.4278070122475365
Census Tract 8362; Cook County; Illinois,2281,158889,153,128,111,342600,153,0,101,550,10,0,128,42,373,29,17,031,836200,2281,2281,158889,158889,153,153,128,128,111,111,342600,342600,153,153,0,0,101,101,550,550,10,10,0,0,128,128,42,42,373,373,29,29,17031836200,0.8671875,0.01818181818181818,0.0777479892761394,0.328125,0.6601307189542484,1038.4901960784314,0.00596590909090909,0.0876736111111111,1.0,True,0.9209003734645527,0.32508808275904577
Census Tract 8363; Cook County; Illinois,1849,52917,824,773,275,392200,824,35,411,702,6,16,773,279,1848,495,17,031,836300,1849,1849,52917,52917,824,824,773,773,275,275,392200,392200,824,824,35,35,411,411,702,702,6,6,16,16,773,773,279,279,1848,1848,495,495,17031836300,0.35575679172056923,0.03133903133903134,0.26785714285714285,0.36093143596377747,0.5412621359223301,64.21966019417475,0.011311241582910405,0.3487044549667792,1.0,True,0.6653185940111385,0.3730545737132286
Census Tract 8364; Cook County; Illinois,3357,25867,1953,1769,725,431300,1953,55,296,808,75,0,1769,648,3357,983,17,031,836400,3357,3357,25867,25867,1953,1953,1769,1769,725,725,431300,431300,1953,1953,55,55,296,296,808,808,75,75,0,0,1769,1769,648,648,3357,3357,983,983,17031836400,0.4098360655737705,0.09282178217821782,0.2928209711051534,0.36630864895421145,0.17972350230414746,13.244751664106502,0.03400142162322507,0.10606632922867719,1.0,True,0.6721630659995889,0.31381418528206934
Census Tract 8365; Cook County; Illinois,1680,53750,751,728,103,557800,751,17,130,602,0,0,728,315,1680,629,17,031,836500,1680,1680,53750,53750,751,751,728,728,103,103,557800,557800,751,751,17,17,130,130,602,602,0,0,0,0,728,728,315,315,1680,1680,629,629,17031836500,0.14148351648351648,0.0,0.3744047619047619,0.4326923076923077,0.19573901464713714,71.57123834886818,0.0,0.16804517054184165,1.0,True,0.5462268197082262,0.31969926465213994
Census Tract 8366; Cook County; Illinois,2906,76250,1212,1130,276,231100,1212,72,708,1344,126,0,1130,317,2900,347,17,031,836600,2906,2906,76250,76250,1212,1212,1130,1130,276,276,231100,231100,1212,1212,72,72,708,708,1344,1344,126,126,0,0,1130,1130,317,317,2900,2900,347,347,17031836600,0.24424778761061947,0.09375,0.1196551724137931,0.28053097345132744,0.6435643564356436,62.912541254125415,0.026299778761061945,0.48637518619118547,1.0,True,0.6944638696472255,0.3577419426928187
Census Tract 8367; Cook County; Illinois,3150,78081,1178,1042,319,286700,1178,29,525,1132,85,0,1042,210,3142,918,17,031,836700,3150,3150,78081,78081,1178,1178,1042,1042,319,319,286700,286700,1178,1178,29,29,525,525,1132,1132,85,85,0,0,1042,1042,210,210,3142,3142,918,918,17031836700,0.30614203454894434,0.07508833922261485,0.2921705919796308,0.20153550863723607,0.4702886247877759,66.28268251273344,0.015132966637955006,0.3263135083700211,1.0,True,0.6379154558197716,0.3323575644400768
Census Tract 8368; Cook County; Illinois,2867,30914,1175,1002,290,292600,1175,164,509,1092,31,39,1002,351,2867,1171,17,031,836800,2867,2867,30914,30914,1175,1175,1002,1002,290,290,292600,292600,1175,1175,164,164,509,509,1092,1092,31,31,39,39,1002,1002,351,351,2867,2867,1171,1171,17031836800,0.2894211576846307,0.0641025641025641,0.4084408789675619,0.3502994011976048,0.5727659574468085,26.309787234042552,0.022455089820359278,0.4069953709602072,1.0,True,0.5803007179140884,0.44229028669456594
Census Tract 8369; Cook County; Illinois,2181,-666666666,682,625,213,251100,682,0,173,515,195,14,625,307,2181,1625,17,031,836900,2181,2181,-666666666,-666666666,682,682,625,625,213,213,251100,251100,682,682,0,0,173,173,515,515,195,195,14,14,625,625,307,307,2181,2181,1625,1625,17031836900,0.3408,0.4058252427184466,0.7450710683172856,0.4912,0.2536656891495601,-977517.1055718475,0.19934135922330098,0.16721642228739003,1.0,True,0.11359999999999999,0.6861387310019471
Census Tract 8370; Cook County; Illinois,2318,36607,1105,986,201,288200,1105,22,499,814,4,211,986,552,2318,444,17,031,837000,2318,2318,36607,36607,1105,1105,986,986,201,201,288200,288200,1105,1105,22,22,499,499,814,814,4,4,211,211,986,986,552,552,2318,2318,444,444,17031837000,0.20385395537525355,0.2641277641277641,0.1915444348576359,0.5598377281947262,0.47149321266968325,33.128506787330316,0.14786868742243997,0.37537745633438274,1.0,True,0.6488172948036672,0.5109319354063393
Census Tract 8371; Cook County; Illinois,1584,49667,880,756,385,285800,880,27,456,445,15,14,756,255,1584,383,17,031,837100,1584,1584,49667,49667,880,880,756,756,385,385,285800,285800,880,880,27,27,456,456,445,445,15,15,14,14,756,756,255,255,1584,1584,383,383,17031837100,0.5092592592592593,0.0651685393258427,0.24179292929292928,0.3373015873015873,0.5488636363636363,56.439772727272725,0.021981451756732658,0.26934974747474744,1.0,True,0.7281451869605774,0.37606671573273576
Census Tract 8373; Cook County; Illinois,2164,27431,1009,953,281,213100,1009,0,633,808,121,56,953,402,1969,822,17,031,837300,2164,2164,27431,27431,1009,1009,953,953,281,281,213100,213100,1009,1009,0,0,633,633,808,808,121,121,56,56,953,953,402,402,1969,1969,822,822,17031837300,0.29485834207764955,0.21905940594059406,0.4174707973590655,0.4218258132214061,0.6273538156590683,27.186323092170465,0.0924049120546892,0.442373309677748,1.0,True,0.5780715252980426,0.5626568905151172
Census Tract 8374; Cook County; Illinois,1956,41279,908,784,331,340500,908,25,578,616,92,0,784,185,1946,906,17,031,837400,1956,1956,41279,41279,908,908,784,784,331,331,340500,340500,908,908,25,25,578,578,616,616,92,92,0,0,784,784,185,185,1946,1946,906,906,17031837400,0.4221938775510204,0.14935064935064934,0.46557040082219936,0.23596938775510204,0.6640969162995595,45.46145374449339,0.03524218128809965,0.38371926413737306,1.0,True,0.5990046025981294,0.49352763807743716
Census Tract 8378; Cook County; Illinois,2467,33159,1343,1331,251,401300,1343,170,375,943,138,56,1331,577,2433,807,17,031,837800,2467,2467,33159,33159,1343,1343,1331,1331,251,251,401300,401300,1343,1343,170,170,375,375,943,943,138,138,56,56,1331,1331,577,577,2433,2433,807,807,17031837800,0.188580015026296,0.20572640509013787,0.3316892725030826,0.43350864012021034,0.4058078927773641,24.69024571854058,0.08918417410744518,0.3292806342596193,1.0,True,0.5810256137121257,0.46911856151373293
Census Tract 8380; Cook County; Illinois,3069,-666666666,1590,1531,285,379500,1590,384,300,876,61,27,1531,658,3069,1307,17,031,838000,3069,3069,-666666666,-666666666,1590,1590,1531,1531,285,285,379500,379500,1590,1590,384,384,300,300,876,876,61,61,27,27,1531,1531,658,658,3069,3069,1307,1307,17031838000,0.186152841280209,0.1004566210045662,0.4258716194200065,0.42978445460483344,0.43018867924528303,-419287.2113207547,0.04317469406989194,0.3501078343171931,1.0,True,0.20485586976929346,0.4526007119247579
Census Tract 8381; Cook County; Illinois,1873,49458,1472,1241,265,338600,1472,64,304,894,42,0,1241,509,1870,448,17,031,838100,1873,1873,49458,49458,1472,1472,1241,1241,265,265,338600,338600,1472,1472,64,64,304,304,894,894,42,42,0,0,1241,1241,509,509,1870,1870,448,448,17031838100,0.21353746978243351,0.04697986577181208,0.23957219251336898,0.4101531023368251,0.25,33.599184782608695,0.01926893769367635,0.19661563255439163,1.0,True,0.6305646761441358,0.3062755634976764
Census Tract 8382; Cook County; Illinois,1606,83911,470,415,142,601400,470,61,184,553,15,18,415,133,1020,146,17,031,838200,1606,1606,83911,83911,470,470,415,415,142,142,601400,601400,470,470,61,61,184,184,553,553,15,15,18,18,415,415,133,133,1020,1020,146,146,17031838200,0.3421686746987952,0.059674502712477394,0.14313725490196078,0.3204819277108434,0.5212765957446809,178.53404255319148,0.01912459966448071,0.34291207382722383,1.0,True,0.7166024719649844,0.3270510638676486
Census Tract 8383; Cook County; Illinois,3014,114020,2050,1840,176,815500,2050,80,12,1426,0,10,1840,716,2985,384,17,031,838300,3014,3014,114020,114020,2050,2050,1840,1840,176,176,815500,815500,2050,2050,80,80,12,12,1426,1426,0,0,10,10,1840,1840,716,716,2985,2985,384,384,17031838300,0.09565217391304348,0.0070126227208976155,0.12864321608040202,0.38913043478260867,0.0448780487804878,55.61951219512195,0.0027288249283492893,0.04058536585365854,1.0,True,0.6409297638766244,0.18473811017652525
Census Tract 8386; Cook County; Illinois,1642,20725,693,645,52,285100,693,131,216,375,29,0,645,216,1473,622,17,031,838600,1642,1642,20725,20725,693,693,645,645,52,52,285100,285100,693,693,131,131,216,216,375,375,29,29,0,0,645,645,216,216,1473,1473,622,622,17031838600,0.08062015503875969,0.07733333333333334,0.4222674813306178,0.33488372093023255,0.5007215007215007,29.906204906204906,0.025897674418604653,0.46035325570209285,1.0,True,0.5045094819282502,0.4286379883644327
Census Tract 8387; Cook County; Illinois,4136,34742,2020,1701,387,228200,2020,78,1047,1160,180,35,1701,548,4136,1977,17,031,838700,4136,4136,34742,34742,2020,2020,1701,1701,387,387,228200,228200,2020,2020,78,78,1047,1047,1160,1160,180,180,35,35,1701,1701,548,548,4136,4136,1977,1977,17031838700,0.2275132275132275,0.1853448275862069,0.4779980657640232,0.3221634332745444,0.556930693069307,17.1990099009901,0.059711325994850906,0.4302215935879303,1.0,True,0.5285478392106348,0.5140044655439963
Census Tract 8388; Cook County; Illinois,2396,21576,1284,1041,417,155500,1284,34,677,734,152,65,1041,381,2396,1069,17,031,838800,2396,2396,21576,21576,1284,1284,1041,1041,417,417,155500,155500,1284,1284,34,34,677,677,734,734,152,152,65,65,1041,1041,381,381,2396,2396,1069,1069,17031838800,0.40057636887608067,0.2956403269754768,0.4461602671118531,0.3659942363112392,0.5537383177570093,16.80373831775701,0.10820265569419468,0.33192383312235724,1.0,True,0.6004727137706494,0.5728425954060435
Census Tract 8390; Cook County; Illinois,10391,106650,7267,6828,2190,346200,7267,1219,1571,4901,179,59,6828,3835,9933,1584,17,031,839000,10391,10391,106650,106650,7267,7267,6828,6828,2190,2190,346200,346200,7267,7267,1219,1219,1571,1571,4901,4901,179,179,59,59,6828,6828,3835,3835,9933,9933,1584,1584,17031839000,0.32073813708260107,0.04856151805753928,0.15946843853820597,0.5616578793204452,0.38392734278244117,14.675932296683639,0.027274959248779016,0.2607872020833278,1.0,True,0.702164004354406,0.36637494864072423
Census Tract 8391; Cook County; Illinois,8355,132361,5544,4799,1122,423300,5544,383,1320,3788,117,101,4799,2681,7076,637,17,031,839100,8355,8355,132361,132361,5544,5544,4799,4799,1122,1122,423300,423300,5544,5544,383,383,1320,1320,3788,3788,117,117,101,101,4799,4799,2681,2681,7076,7076,637,637,17031839100,0.23379870806418004,0.05755015839493136,0.09002261164499717,0.5586580537612003,0.30717893217893216,23.874639249639248,0.032150859482561155,0.23536089469096344,1.0,True,0.7042660399172721,0.32531071493424296
Census Tract 8392; Cook County; Illinois,2295,39924,1630,1530,589,126300,1630,48,41,677,141,5,1530,615,2295,536,17,031,839200,2295,2295,39924,39924,1630,1630,1530,1530,589,589,126300,126300,1630,1630,48,48,41,41,677,677,141,141,5,5,1530,1530,615,615,2295,2295,536,536,17031839200,0.38496732026143793,0.21565731166912852,0.23355119825708062,0.4019607843137255,0.05460122699386503,24.49325153374233,0.08668578214151244,0.033581538955050325,1.0,True,0.6903968946236771,0.3332401266568199
Census Tract 8395; Cook County; Illinois,1827,49769,866,801,427,448600,866,117,331,390,57,27,801,303,1709,215,17,031,839500,1827,1827,49769,49769,866,866,801,801,427,427,448600,448600,866,866,117,117,331,331,390,390,57,57,27,27,801,801,303,303,1709,1709,215,215,17031839500,0.533083645443196,0.2153846153846154,0.12580456407255705,0.3782771535580524,0.5173210161662818,57.469976905311775,0.08147507922788821,0.24154564300398176,1.0,True,0.7879781101659783,0.4182185390226264
Census Tract 8396; Cook County; Illinois,1687,68102,1075,907,439,428200,1075,85,535,450,49,0,907,387,1661,350,17,031,839600,1687,1687,68102,68102,1075,1075,907,907,439,439,428200,428200,1075,1075,85,85,535,535,450,450,49,49,0,0,907,907,387,387,1661,1661,350,350,17031839600,0.48401323042998895,0.10888888888888888,0.2107164358819988,0.42668136714443217,0.5767441860465117,63.350697674418605,0.04646085997794928,0.29759236942642503,1.0,True,0.7336422031143677,0.42453818269156834
Census Tract 8397; Cook County; Illinois,4910,85030,2093,1997,1022,400600,2093,87,1069,2165,131,144,1997,298,4897,457,17,031,839700,4910,4910,85030,85030,2093,2093,1997,1997,1022,1022,400600,400600,2093,2093,87,87,1069,1069,2165,2165,131,131,144,144,1997,1997,298,298,4897,4897,457,457,17031839700,0.5117676514772158,0.12702078521939955,0.09332244231161936,0.14922383575363043,0.5523172479694218,40.62589584328715,0.01895452879087685,0.2696591471057518,1.0,True,0.7954224042859104,0.2981153464044738
Census Tract 8398; Cook County; Illinois,2747,82361,1281,1163,466,598800,1281,45,874,1181,97,80,1163,147,2747,498,17,031,839800,2747,2747,82361,82361,1281,1281,1163,1163,466,466,598800,598800,1281,1281,45,45,874,874,1181,1181,97,97,80,80,1163,1163,147,147,2747,2747,498,498,17031839800,0.4006878761822872,0.14987298899237933,0.18128867855842737,0.12639724849527084,0.717408274785324,64.2943013270882,0.01894353343239876,0.4299514768059938,1.0,True,0.7190397377510743,0.3779221091938832
Census Tract 8399; Cook County; Illinois,4568,108194,2308,2218,1280,449600,2308,85,1059,2253,239,0,2218,441,4568,452,17,031,839900,4568,4568,108194,108194,2308,2308,2218,2218,1280,1280,449600,449600,2308,2308,85,85,1059,1059,2253,2253,239,239,0,0,2218,2218,441,441,4568,4568,452,452,17031839900,0.5770964833183048,0.10608078118064802,0.0989492119089317,0.1988277727682597,0.49566724436741766,46.87781629116118,0.021091805455665365,0.20961942074690612,1.0,True,0.8146929290724941,0.28953431384259587
Census Tract 8400; Cook County; Illinois,2622,99013,1186,1019,629,525600,1186,122,399,1114,54,0,1019,13,2622,521,17,031,840000,2622,2622,99013,99013,1186,1186,1019,1019,629,629,525600,525600,1186,1186,122,122,399,399,1114,1114,54,54,0,0,1019,1019,13,13,2622,2622,521,521,17031840000,0.6172718351324828,0.04847396768402154,0.19870327993897788,0.012757605495583905,0.43929173693086004,83.48482293423271,0.0006184117565184298,0.16812932031701217,1.0,True,0.7834516888726751,0.217901050883629
Census Tract 8401; Cook County; Illinois,2879,77465,1239,1181,582,462300,1239,74,921,1331,149,0,1181,335,2879,515,17,031,840100,2879,2879,77465,77465,1239,1239,1181,1181,582,582,462300,462300,1239,1239,74,74,921,921,1331,1331,149,149,0,0,1181,1181,335,335,2879,2879,515,515,17031840100,0.4928027095681626,0.11194590533433509,0.17888155609586662,0.283657917019475,0.8030669895076675,62.52219531880549,0.031754342325996825,0.40731340111354175,1.0,True,0.7508191446877862,0.43234267510928315
Census Tract 8402; Cook County; Illinois,2233,56944,913,896,606,363900,913,175,295,791,84,38,896,152,2233,657,17,031,840200,2233,2233,56944,56944,913,913,896,896,606,606,363900,363900,913,913,175,175,295,295,791,791,84,84,38,38,896,896,152,152,2233,2233,657,657,17031840200,0.6763392857142857,0.15423514538558786,0.2942230183609494,0.16964285714285715,0.5147864184008762,62.37020810514787,0.026164890735055082,0.16661613988421217,1.0,True,0.7603857510160478,0.3755399239940594
Census Tract 8403; Cook County; Illinois,3548,71205,1444,1304,956,327100,1444,20,846,1276,118,89,1304,240,3548,647,17,031,840300,3548,3548,71205,71205,1444,1444,1304,1304,956,956,327100,327100,1444,1444,20,20,846,846,1276,1276,118,118,89,89,1304,1304,240,240,3548,3548,647,647,17031840300,0.7331288343558282,0.16222570532915362,0.1823562570462232,0.18404907975460122,0.5997229916897507,49.31094182825485,0.02985749177837183,0.16004877385585373,1.0,True,0.8293701963754012,0.3703895948272115
Census Tract 8404; Cook County; Illinois,3426,111481,1286,1158,872,307600,1286,26,955,1613,162,35,1158,99,3426,312,17,031,840400,3426,3426,111481,111481,1286,1286,1158,1158,872,872,307600,307600,1286,1286,26,26,955,955,1613,1613,162,162,35,35,1158,1158,99,99,3426,3426,312,312,17031840400,0.7530224525043178,0.12213267203967762,0.09106830122591944,0.08549222797927461,0.7628304821150855,86.68818040435458,0.010441394241734098,0.1884020016277327,1.0,True,0.8768623598798829,0.3329584459413306
Census Tract 8407; Cook County; Illinois,4001,106840,1468,1335,721,198800,1468,0,848,2028,67,0,1335,216,3980,289,17,031,840700,4001,4001,106840,106840,1468,1468,1335,1335,721,721,198800,198800,1468,1468,0,0,848,848,2028,2028,67,67,0,0,1335,1335,216,216,3980,3980,289,289,17031840700,0.5400749063670413,0.033037475345167655,0.07261306532663317,0.16179775280898875,0.5776566757493188,72.77929155313352,0.005345389269330497,0.2656788006817091,1.0,True,0.8141341134852876,0.2543286312915898
Census Tract 8408; Cook County; Illinois,3457,48750,1033,996,567,228300,1033,15,690,1372,105,30,996,164,3457,619,17,031,840800,3457,3457,48750,48750,1033,1033,996,996,567,567,228300,228300,1033,1033,15,15,690,690,1372,1372,105,105,30,30,996,996,164,164,3457,3457,619,619,17031840800,0.5692771084337349,0.09839650145772595,0.17905698582586058,0.1646586345381526,0.6824782187802517,47.19264278799613,0.016201833573360497,0.29395899182402413,1.0,True,0.7762177742960814,0.35351692364537834
Census Tract 8410; Cook County; Illinois,1280,113106,730,710,337,426800,730,5,151,599,37,8,710,187,1280,254,17,031,841000,1280,1280,113106,113106,730,730,710,710,337,337,426800,426800,730,730,5,5,151,151,599,599,37,37,8,8,710,710,187,187,1280,1280,254,254,17031841000,0.47464788732394364,0.07512520868113523,0.1984375,0.2633802816901408,0.2136986301369863,154.93972602739726,0.01978649862446801,0.11226702681844491,1.0,True,0.7360363226508214,0.24938688540974716
Census Tract 8411; Cook County; Illinois,7324,44083,3025,2875,1184,354600,3025,182,429,3111,54,94,2875,1076,7324,1470,17,031,841100,7324,7324,44083,44083,3025,3025,2875,2875,1184,1184,354600,354600,3025,3025,182,182,429,429,3111,3111,54,54,94,94,2875,2875,1076,1076,7324,7324,1470,1470,17031841100,0.41182608695652173,0.04757312761170042,0.20070999453850355,0.37426086956521737,0.20198347107438017,14.57289256198347,0.017804760107892052,0.11880140855192238,1.0,True,0.7140445448702538,0.26858654097160634
Census Tract 8412; Cook County; Illinois,5004,71250,2052,1842,516,328300,2052,115,1324,1902,137,0,1842,714,5004,857,17,031,841200,5004,5004,71250,71250,2052,2052,1842,1842,516,516,328300,328300,2052,2052,115,115,1324,1324,1902,1902,137,137,0,0,1842,1842,714,714,5004,5004,857,857,17031841200,0.28013029315960913,0.07202944269190326,0.17126298960831335,0.38762214983713356,0.7012670565302144,34.72222222222222,0.027920207427806147,0.5048209104012292,1.0,True,0.6833336623209618,0.41458783111960323
Census Tract 8413; Cook County; Illinois,3970,62214,2041,1884,851,382000,2041,86,1259,1645,125,99,1884,464,3964,756,17,031,841300,3970,3970,62214,62214,2041,2041,1884,1884,851,851,382000,382000,2041,2041,86,86,1259,1259,1645,1645,125,125,99,99,1884,1884,464,464,3964,3964,756,756,17031841300,0.45169851380042464,0.13617021276595745,0.19071644803229063,0.24628450106157113,0.6589906908378246,30.482116609505145,0.03353661291051181,0.36132557517806413,1.0,True,0.7318153748799391,0.39648267458222713
Census Tract 8415; Cook County; Illinois,2735,27029,1141,889,175,260900,1141,16,553,377,39,30,889,315,2502,992,17,031,841500,2735,2735,27029,27029,1141,1141,889,889,175,175,260900,260900,1141,1141,16,16,553,553,377,377,39,39,30,30,889,889,315,315,2502,2502,992,992,17031841500,0.1968503937007874,0.1830238726790451,0.3964828137490008,0.3543307086614173,0.49868536371603855,23.688869412795793,0.06485097850832307,0.40051895353571604,1.0,True,0.5547917092228563,0.47961607201048356
Census Tract 8417; Cook County; Illinois,1249,67560,840,635,184,216200,840,65,320,725,119,38,635,200,1249,205,17,031,841700,1249,1249,67560,67560,840,840,635,635,184,184,216200,216200,840,840,65,65,320,320,725,725,119,119,38,38,635,635,200,200,1249,1249,205,205,17031841700,0.28976377952755905,0.21655172413793103,0.16413130504403523,0.31496062992125984,0.4583333333333333,80.42857142857143,0.06820526744501765,0.32552493438320207,1.0,True,0.6897335860910623,0.39482150893389645
Census Tract 8418; Cook County; Illinois,2249,60179,1112,801,430,190100,1112,4,508,778,29,68,801,269,2244,405,17,031,841800,2249,2249,60179,60179,1112,1112,801,801,430,430,190100,190100,1112,1112,4,4,508,508,778,778,29,29,68,68,801,801,269,269,2244,2244,405,405,17031841800,0.5368289637952559,0.12467866323907455,0.1804812834224599,0.3358302122347066,0.460431654676259,54.117805755395686,0.04187086193671792,0.2132586065978678,1.0,True,0.7647702296086702,0.36074692922280704
Census Tract 8419; Cook County; Illinois,6567,141017,1783,1671,1130,419900,1783,33,450,2266,128,0,1671,329,3801,573,17,031,841900,6567,6567,141017,141017,1783,1783,1671,1671,1130,1130,419900,419900,1783,1783,33,33,450,450,2266,2266,128,128,0,0,1671,1671,329,329,3801,3801,573,573,17031841900,0.6762417713943746,0.05648720211827008,0.15074980268350435,0.1968880909634949,0.27089175546831185,79.08973639932698,0.011121657388935282,0.08770343489428889,1.0,True,0.8245829763987924,0.218366256019358
Census Tract 8420; Cook County; Illinois,2768,136667,391,388,211,354200,391,4,86,683,33,21,388,44,1103,180,17,031,842000,2768,2768,136667,136667,391,391,388,388,211,211,354200,354200,391,391,4,4,86,86,683,683,33,33,21,21,388,388,44,44,1103,1103,180,180,17031842000,0.5438144329896907,0.07906295754026355,0.1631912964641886,0.1134020618556701,0.23017902813299232,349.5319693094629,0.008965902401473186,0.10500435046273104,1.0,True,0.7748722231693366,0.19579348723793394
Census Tract 8421; Cook County; Illinois,6780,63304,2339,2190,1237,227900,2339,0,1414,2549,204,135,2190,472,6741,1439,17,031,842100,6780,6780,63304,63304,2339,2339,2190,2190,1237,1237,227900,227900,2339,2339,0,0,1414,1414,2549,2549,204,204,135,135,2190,2190,472,472,6741,6741,1439,1439,17031842100,0.5648401826484019,0.1329933307179286,0.21346981160065273,0.21552511415525114,0.6045318512184694,27.064557503206498,0.02866340278486863,0.26306796995945264,1.0,True,0.7593503044828949,0.3774050016549221
Census Tract 8422; Cook County; Illinois,3807,162736,2843,2535,896,505900,2843,23,258,1647,147,63,2535,838,3807,298,17,031,842200,3807,3807,162736,162736,2843,2843,2535,2535,896,896,505900,505900,2843,2843,23,23,258,258,1647,1647,147,147,63,63,2535,2535,838,838,3807,3807,298,298,17031842200,0.3534516765285996,0.12750455373406194,0.0782768584187024,0.3305719921104536,0.0988392543088287,57.240942666197675,0.042149434331023236,0.06390435416653659,1.0,True,0.7494204138351085,0.22546389310498904
Census Tract 8423; Cook County; Illinois,3490,161957,1920,1816,794,637400,1920,78,491,1769,61,11,1816,314,3490,265,17,031,842300,3490,3490,161957,161957,1920,1920,1816,1816,794,794,637400,637400,1920,1920,78,78,491,491,1769,1769,61,61,11,11,1816,1816,314,314,3490,3490,265,265,17031842300,0.43722466960352424,0.04070096099491238,0.07593123209169055,0.17290748898678415,0.29635416666666664,84.35260416666667,0.007037500964979344,0.16678081406020556,1.0,True,0.7783937526382375,0.18456718387372165
Census Tract 8424; Cook County; Illinois,2855,78494,1512,1327,755,191600,1512,12,442,1093,120,127,1327,293,2855,273,17,031,842400,2855,2855,78494,78494,1512,1512,1327,1327,755,755,191600,191600,1512,1512,12,12,442,442,1093,1093,120,120,127,127,1327,1327,293,293,2855,2855,273,273,17031842400,0.5689525244913338,0.22598353156450138,0.09562171628721541,0.22079879427279578,0.3002645502645503,51.914021164021165,0.04989689129495019,0.1294282763762794,1.0,True,0.813452102045756,0.30224323885268656
Census Tract 8425; Cook County; Illinois,3066,36925,1077,1033,128,208300,1077,0,434,869,142,23,1033,592,3066,891,17,031,842500,3066,3066,36925,36925,1077,1077,1033,1033,128,128,208300,208300,1077,1077,0,0,434,434,869,869,142,142,23,23,1033,1033,592,592,3066,3066,891,891,17031842500,0.12391093901258471,0.189873417721519,0.29060665362035226,0.5730880929332043,0.40297121634168986,34.28505106778087,0.108814194860735,0.35303867452974763,1.0,True,0.5778508689828704,0.49146873333741237
Census Tract 8426; Cook County; Illinois,4223,92500,1818,1560,1004,357100,1818,36,1124,1707,173,68,1560,269,4223,749,17,031,842600,4223,4223,92500,92500,1818,1818,1560,1560,1004,1004,357100,357100,1818,1818,36,36,1124,1124,1707,1707,173,173,68,68,1560,1560,269,269,4223,4223,749,749,17031842600,0.6435897435897436,0.1411833626244874,0.17736206488278475,0.17243589743589743,0.6380638063806381,50.88008800880088,0.024345079837171227,0.2274124848382274,1.0,True,0.801768801035582,0.36491373258512555
Census Tract 8428; Cook County; Illinois,7411,67875,2421,2280,1538,254300,2421,87,1326,2988,434,0,2280,179,7411,1458,17,031,842800,7411,7411,67875,67875,2421,2421,2280,2280,1538,1538,254300,254300,2421,2421,87,87,1326,1326,2988,2988,434,434,0,0,2280,2280,179,179,7411,7411,1458,1458,17031842800,0.6745614035087719,0.14524765729585007,0.19673458372689245,0.07850877192982456,0.5836431226765799,28.035935563816604,0.01140321519998121,0.18993999869562384,1.0,True,0.8034134128986187,0.3280355666226199
Census Tract 8429; Cook County; Illinois,2422,29363,1567,1497,230,348600,1567,38,379,937,92,9,1497,703,2422,1025,17,031,842900,2422,2422,29363,29363,1567,1567,1497,1497,230,230,348600,348600,1567,1567,38,38,379,379,937,937,92,92,9,9,1497,1497,703,703,2422,2422,1025,1025,17031842900,0.15364061456245826,0.10779082177161152,0.4232039636663914,0.4696058784235137,0.26611359285258457,18.73835354179962,0.050619203544050036,0.22522773690328968,1.0,True,0.5284349846941918,0.4225804238834143
Census Tract 8430; Cook County; Illinois,2271,25483,1283,1152,185,-666666666,1283,0,403,756,167,0,1152,448,2252,703,17,031,843000,2271,2271,25483,25483,1283,1283,1152,1152,185,185,-666666666,-666666666,1283,1283,0,0,403,403,756,756,167,167,0,0,1152,1152,448,448,2252,2252,703,703,17031843000,0.1605902777777778,0.2208994708994709,0.31216696269982236,0.3888888888888889,0.3141075604053001,19.86204208885425,0.08590534979423868,0.26366494002771285,1.0,True,0.5804258457974163,0.4303733290193503
Census Tract 8431; Cook County; Illinois,1381,51023,639,493,151,381600,639,0,496,432,79,37,493,152,1381,448,17,031,843100,1381,1381,51023,51023,639,639,493,493,151,151,381600,381600,639,639,0,0,496,496,432,432,79,79,37,37,493,493,152,152,1381,1381,448,448,17031843100,0.30628803245436104,0.26851851851851855,0.32440260680666183,0.30831643002028397,0.7762128325508607,79.84820031298905,0.08278867102396514,0.5384681313030312,1.0,True,0.6235304903032612,0.5615281781576935
Census Tract 8432; Cook County; Illinois,2135,74764,1092,1039,324,272700,1092,56,867,1016,150,15,1039,199,2135,363,17,031,843200,2135,2135,74764,74764,1092,1092,1039,1039,324,324,272700,272700,1092,1092,56,56,867,867,1016,1016,150,150,15,15,1039,1039,199,199,2135,2135,363,363,17031843200,0.31183830606352264,0.1624015748031496,0.17002341920374708,0.1915303176130895,0.8452380952380952,68.46520146520146,0.031104825202913154,0.5816604793986893,1.0,True,0.6944593210256599,0.4371516119795506
Census Tract 8433; Cook County; Illinois,1718,83393,514,432,61,267200,514,0,282,549,62,8,432,135,1663,404,17,031,843300,1718,1718,83393,83393,514,514,432,432,61,61,267200,267200,514,514,0,0,282,282,549,549,62,62,8,8,432,432,135,135,1663,1663,404,404,17031843300,0.1412037037037037,0.12750455373406194,0.2429344558027661,0.3125,0.5486381322957199,162.2431906614786,0.03984517304189436,0.4711683960224817,1.0,True,0.6049661570555745,0.4001936451204598
Census Tract 8434; Cook County; Illinois,1279,42813,537,477,223,230600,537,45,405,371,54,11,477,104,1279,479,17,031,843400,1279,1279,42813,42813,537,537,477,477,223,223,230600,230600,537,537,45,45,405,405,371,371,54,54,11,11,477,477,104,104,1279,1279,479,479,17031843400,0.46750524109014674,0.1752021563342318,0.3745113369820172,0.2180293501048218,0.8379888268156425,79.72625698324022,0.03819921228251595,0.44622465830434627,1.0,True,0.6548475814104103,0.5188225523647797
Census Tract 8435; Cook County; Illinois,8706,70625,224,204,148,151300,224,0,106,318,12,0,204,0,488,65,17,031,843500,8706,8706,70625,70625,224,224,204,204,148,148,151300,151300,224,224,0,0,106,106,318,318,12,12,0,0,204,204,0,0,488,488,65,65,17031843500,0.7254901960784313,0.03773584905660377,0.13319672131147542,0.0,0.4732142857142857,315.29017857142856,0.0,0.12990196078431374,1.0,True,0.8488169137121547,0.195778440544715
Census Tract 8436; Cook County; Illinois,2974,84403,1679,1394,404,390000,1679,38,579,1368,77,0,1394,280,2974,474,17,031,843600,2974,2974,84403,84403,1679,1679,1394,1394,404,404,390000,390000,1679,1679,38,38,579,579,1368,1368,77,77,0,0,1394,1394,280,280,2974,2974,474,474,17031843600,0.2898134863701578,0.056286549707602336,0.1593813046402152,0.20086083213773315,0.36748064324002383,50.26980345443717,0.011305763212430885,0.26097979684908434,1.0,True,0.6918836504854521,0.24934985454293818
Census Tract 8437; Cook County; Illinois,2602,150357,1151,1088,650,689400,1151,106,439,887,106,8,1088,112,2602,137,17,031,843700,2602,2602,150357,150357,1151,1151,1088,1088,650,650,689400,689400,1151,1151,106,106,439,439,887,887,106,106,8,8,1088,1088,112,112,2602,2602,137,137,17031843700,0.5974264705882353,0.12852311161217586,0.05265180630284397,0.10294117647058823,0.473501303214596,130.63162467419636,0.013230320313018103,0.1906190908161701,1.0,True,0.8422034120935799,0.24835210754344073
Census Tract 8438; Cook County; Illinois,1960,58846,850,710,366,172200,850,28,580,708,54,0,710,105,1960,365,17,031,843800,1960,1960,58846,58846,850,850,710,710,366,366,172200,172200,850,850,28,28,580,580,708,708,54,54,0,0,710,710,105,105,1960,1960,365,365,17031843800,0.5154929577464789,0.07627118644067797,0.18622448979591838,0.14788732394366197,0.7152941176470589,69.23058823529412,0.011279541656719981,0.3465650372825187,1.0,True,0.7550881391677912,0.34836656982966646
Census Tract 8439; Cook County; Illinois,3712,56923,2428,2124,969,142300,2428,207,762,1794,97,33,2124,481,3712,870,17,031,843900,3712,3712,56923,56923,2428,2428,2124,2124,969,969,142300,142300,2428,2428,207,207,762,762,1794,1794,97,97,33,33,2124,2124,481,481,3712,3712,870,870,17031843900,0.4562146892655367,0.07246376811594203,0.234375,0.22645951035781545,0.39909390444810544,23.444398682042834,0.016410109446218513,0.2170214028425432,1.0,True,0.7137859577130122,0.2998296385231224
Census Tract 8446; Cook County; Illinois,2081,58144,884,841,178,314700,884,0,210,369,59,46,841,134,1910,484,17,031,844600,2081,2081,58144,58144,884,884,841,841,178,178,314700,314700,884,884,0,0,210,210,369,369,59,59,46,46,841,841,134,134,1910,1910,484,484,17031844600,0.2116527942925089,0.2845528455284553,0.2534031413612565,0.15933412604042807,0.23755656108597284,65.77375565610859,0.04533897895459335,0.1872770511296076,1.0,True,0.6237530386220944,0.3477764264753562
Census Tract 8447; Cook County; Illinois,2311,60250,904,746,345,296400,904,20,505,1021,65,35,746,76,2311,736,17,031,844700,2311,2311,60250,60250,904,904,746,746,345,345,296400,296400,904,904,20,20,505,505,1021,1021,65,65,35,35,746,746,76,76,2311,2311,736,736,17031844700,0.4624664879356568,0.0979431929480901,0.3184768498485504,0.10187667560321716,0.5807522123893806,66.64823008849558,0.009978126895515882,0.3121737763648011,1.0,True,0.6782456797318442,0.35147973015688877
Census Tract 9800; Cook County; Illinois,0,-666666666,0,0,0,-666666666,0,0,0,0,0,0,0,0,0,0,17,031,980000,0,0,-666666666,-666666666,0,0,0,0,0,0,-666666666,-666666666,0,0,0,0,0,0,0,0,0,0,0,0,0,0,0,0,0,0,0,0,17031980000,,,,,,,,,1.0,True,,
Census Tract 9801; Cook County; Illinois,0,-666666666,0,0,0,-666666666,0,0,0,0,0,0,0,0,0,0,17,031,980100,0,0,-666666666,-666666666,0,0,0,0,0,0,-666666666,-666666666,0,0,0,0,0,0,0,0,0,0,0,0,0,0,0,0,0,0,0,0,17031980100,,,,,,,,,1.0,True,,
Census Tract 9900; Cook County; Illinois,0,-666666666,0,0,0,-666666666,0,0,0,0,0,0,0,0,0,0,17,031,990000,0,0,-666666666,-666666666,0,0,0,0,0,0,-666666666,-666666666,0,0,0,0,0,0,0,0,0,0,0,0,0,0,0,0,0,0,0,0,17031990000,,,,,,,,,1.0,True,,
